center_id,month,ats,openings,applications_received,apps_per_opening,applications_reviewed,recruiter_minutes_per_application,days_to_fill,local_unemployment_rate,wage_index,recruiter_hourly_rate,grader_hourly_rate,sourcing_cost_per_opening,training_cost_per_hire,ramp_productivity_loss_per_hire,vacancy_cost_per_day,separation_cost_per_exit,claims_per_adjuster_6mo,cost_per_reopened_claim
C00,2021-01,legacy,12,1706,142.2,84,6.54,26.8,3.77,1.0,66.3,60.25,779.01,4877.98,6999.09,234.86,3052.8,566,418.26
C00,2021-02,legacy,17,3017,177.5,145,5.24,23.3,3.89,1.003,68.84,60.48,782.64,5227.92,6575.04,242.26,2656.08,566,372.38
C00,2021-03,legacy,17,2578,151.6,151,6.13,17.8,3.87,1.006,66.6,59.87,885.34,5157.09,6910.76,212.78,2383.95,566,365.98
C00,2021-04,legacy,21,3349,159.5,202,5.83,28.7,4.21,1.009,69.06,61.25,788.63,5341.37,6613.95,198.49,2551.48,566,400.04
C00,2021-05,legacy,15,2104,140.3,184,6.63,22.7,3.93,1.012,70.06,58.2,692.29,4725.91,6836.66,195.09,2761.73,566,355.27
C00,2021-06,legacy,21,2960,141.0,209,6.6,22.8,3.48,1.015,68.96,61.78,747.25,4648.55,6941.57,261.21,2771.92,566,387.29
C00,2021-07,legacy,16,2385,149.1,158,6.24,23.8,3.66,1.018,68.72,59.99,874.62,5979.25,6936.83,217.66,2364.25,566,363.87
C00,2021-08,legacy,26,3877,149.1,258,6.24,18.8,3.35,1.02,68.13,61.32,927.99,5729.63,6669.17,211.15,2664.48,566,367.96
C00,2021-09,legacy,17,2684,157.9,132,5.89,26.8,3.71,1.023,67.58,60.38,784.7,5423.57,7381.98,216.53,2227.45,566,357.0
C00,2021-10,legacy,16,2267,141.7,125,6.56,25.3,3.55,1.026,71.04,60.81,843.52,5477.26,6586.29,248.69,2552.15,566,446.28
C00,2021-11,legacy,17,2642,155.4,187,5.98,22.0,3.37,1.029,67.7,60.52,857.37,5178.43,6254.59,227.1,2996.42,566,398.99
C00,2021-12,legacy,9,1483,164.8,86,5.64,21.6,3.59,1.032,69.21,61.98,786.28,5142.38,6688.22,223.06,2648.49,566,324.77
C00,2022-01,legacy,17,2421,142.4,145,6.53,20.4,3.4,1.035,69.91,61.62,906.45,4845.46,7016.44,234.72,2634.73,566,402.91
C00,2022-02,legacy,22,3496,158.9,249,5.85,18.7,3.14,1.038,71.46,59.27,845.98,5408.48,6379.57,254.38,2635.41,566,406.13
C00,2022-03,legacy,22,3125,142.0,204,6.55,23.8,3.28,1.041,71.15,62.39,742.84,5622.87,7539.32,213.22,2716.74,566,397.48
C00,2022-04,legacy,12,1843,153.6,122,6.06,20.7,3.43,1.044,73.03,61.46,752.08,4853.67,7347.2,208.37,2642.31,566,398.12
C00,2022-05,legacy,13,1999,153.8,134,6.05,27.5,3.4,1.047,73.74,61.54,909.41,5419.34,7853.87,259.6,2995.4,566,412.13
C00,2022-06,legacy,15,2505,167.0,150,5.57,23.3,3.57,1.05,69.6,63.42,888.95,5255.34,6609.05,262.59,3105.47,566,340.88
C00,2022-07,legacy,12,1732,144.3,111,6.44,22.6,3.42,1.052,72.22,62.1,782.16,6228.3,7368.94,234.93,2540.89,566,392.25
C00,2022-08,legacy,18,2736,152.0,193,6.12,23.8,3.77,1.055,72.55,62.63,768.6,5582.92,6883.7,225.21,2955.06,566,392.01
C00,2022-09,legacy,16,2563,160.2,191,5.81,25.3,3.54,1.058,70.91,62.5,816.02,5334.86,7115.41,270.6,2658.34,566,372.62
C00,2022-10,legacy,16,2244,140.2,112,6.63,22.6,3.49,1.061,73.37,64.37,876.55,6063.01,7164.45,246.95,2716.9,566,393.05
C00,2022-11,legacy,19,2857,150.4,206,6.18,25.4,3.45,1.064,74.75,63.01,815.09,5436.52,7221.01,241.57,3039.15,566,341.72
C00,2022-12,legacy,16,2285,142.8,152,6.51,21.3,3.4,1.067,72.72,63.18,805.11,6000.2,7179.56,225.83,2566.43,566,387.49
C00,2023-01,legacy,9,1298,144.2,125,6.45,22.5,3.24,1.07,74.37,64.12,824.61,5130.47,6947.85,217.73,2870.75,566,379.75
C00,2023-02,legacy,19,2993,157.5,230,5.86,26.1,3.55,1.073,71.89,64.35,822.62,5952.87,7750.82,233.19,2547.48,566,354.95
C00,2023-03,legacy,10,1586,158.6,119,5.77,28.4,3.21,1.076,73.42,62.0,895.62,5808.21,7762.55,215.59,2598.8,566,403.47
C00,2023-04,legacy,15,2679,178.6,163,5.08,27.0,2.78,1.079,72.45,62.97,987.94,5491.52,6853.26,248.51,2942.29,566,344.84
C00,2023-05,legacy,19,3179,167.3,149,5.37,23.2,3.29,1.082,72.17,65.96,832.72,5267.01,8048.66,261.27,2968.12,566,315.53
C00,2023-06,legacy,13,2180,167.7,138,5.29,26.1,3.11,1.085,74.5,64.02,883.38,6142.0,6701.83,265.95,2849.16,566,450.18
C00,2023-07,legacy,19,2943,154.9,194,5.66,22.6,2.83,1.088,74.8,64.57,789.29,5346.95,7990.96,256.55,2824.11,566,386.54
C00,2023-08,legacy,15,2325,155.0,167,5.57,23.4,3.02,1.09,74.67,64.45,761.7,6230.55,7578.51,277.06,3042.3,566,367.09
C00,2023-09,legacy,15,2409,160.6,146,5.3,25.3,2.66,1.093,70.3,66.43,959.43,5968.64,7108.6,254.11,2713.65,566,308.67
C00,2023-10,legacy,17,2385,140.3,160,5.97,23.4,3.25,1.096,74.67,65.64,890.87,5935.78,7814.49,254.8,3002.57,566,392.73
C00,2023-11,legacy,9,1614,179.3,131,4.59,20.8,2.99,1.099,76.9,63.3,924.0,5526.31,6721.75,226.35,3086.63,566,457.6
C00,2023-12,legacy,18,2836,157.6,152,5.13,23.4,3.57,1.102,74.69,64.86,867.36,5660.41,7636.41,257.08,3112.12,566,298.78
C00,2024-01,legacy,15,2332,155.5,197,5.1,27.2,3.01,1.105,75.14,66.68,823.07,5306.66,7265.39,277.96,2590.46,566,363.71
C00,2024-02,legacy,16,2604,162.8,173,4.78,21.9,3.11,1.108,74.31,64.99,985.53,5706.12,7570.0,246.24,2301.3,566,349.7
C00,2024-03,legacy,12,2136,178.0,122,4.29,28.7,3.0,1.111,76.82,65.49,1047.22,5430.08,7329.0,229.67,2922.76,566,386.8
C00,2024-04,legacy,23,4225,183.7,303,4.08,25.7,2.88,1.114,73.5,67.79,841.24,5961.75,6922.36,244.99,2938.9,566,385.36
C00,2024-05,legacy,20,3364,168.2,233,4.37,26.1,2.67,1.117,76.74,63.74,939.31,6318.59,7109.92,256.55,3180.17,566,343.33
C00,2024-06,legacy,8,1424,178.0,102,4.06,28.3,3.02,1.12,75.84,69.42,842.66,6241.75,7568.17,292.38,2941.19,566,363.46
C00,2024-07,legacy,15,2613,174.2,182,4.08,29.3,2.71,1.122,74.82,67.92,998.05,5598.29,7384.98,253.8,3099.63,566,419.94
C00,2024-08,legacy,21,3483,165.9,220,4.21,21.6,2.85,1.125,74.68,67.12,1014.9,5070.66,8971.62,224.63,2891.62,566,423.67
C00,2024-09,new,15,3204,213.6,179,3.22,32.7,2.71,1.128,76.83,67.02,737.35,5922.47,7793.36,236.89,2825.06,566,425.41
C00,2024-10,new,8,1713,214.1,111,3.17,28.6,3.03,1.131,77.3,68.13,874.19,6379.19,7026.66,237.14,2879.87,566,424.59
C00,2024-11,new,10,1969,196.9,133,3.41,28.2,2.89,1.134,75.72,65.51,883.09,6304.39,7619.17,291.57,2779.76,566,384.14
C00,2024-12,new,16,3723,232.7,177,2.85,28.7,3.12,1.137,76.07,67.77,899.08,5797.24,8138.59,242.02,2930.27,566,444.63
C00,2025-01,new,19,3795,199.7,169,3.29,22.1,2.3,1.14,75.83,66.87,865.62,5668.94,7254.98,226.36,2749.66,566,422.17
C00,2025-02,new,11,2465,224.1,104,2.9,32.7,2.62,1.143,75.96,69.35,802.41,6573.44,7498.36,282.72,2736.48,566,347.0
C00,2025-03,new,12,2504,208.7,123,3.09,23.4,2.73,1.146,77.22,66.81,876.08,5463.0,6918.83,242.85,2709.98,566,399.51
C00,2025-04,new,21,4468,212.8,251,3.01,31.3,2.51,1.149,76.95,69.25,943.37,5994.67,7706.48,257.32,3025.52,566,373.21
C00,2025-05,new,18,3872,215.1,192,2.96,28.8,2.55,1.152,76.45,68.96,840.91,6121.72,7323.98,234.96,2926.27,566,432.42
C00,2025-06,new,18,4229,234.9,202,2.7,27.8,2.61,1.155,79.56,67.46,829.1,5745.73,7100.65,273.25,2904.81,566,395.67
C00,2025-07,new,18,3773,209.6,188,3.01,25.4,2.76,1.158,79.07,68.24,941.24,5616.34,9084.43,235.8,3107.55,566,427.42
C00,2025-08,new,17,3808,224.0,148,2.8,34.8,2.12,1.16,78.41,69.34,993.35,5522.87,7474.26,249.45,2889.86,566,412.64
C00,2025-09,new,17,4238,249.3,191,2.51,30.0,2.45,1.163,78.35,66.33,854.53,6253.9,7343.93,272.31,3008.32,566,343.89
C00,2025-10,new,17,3711,218.3,185,2.86,27.7,2.97,1.166,76.34,69.19,913.69,5889.76,8897.14,231.12,3068.12,566,339.07
C00,2025-11,new,12,2730,227.5,153,2.74,28.6,2.41,1.169,80.11,70.96,878.58,6016.16,7725.19,248.92,3023.02,566,418.19
C00,2025-12,new,6,1425,237.5,78,2.62,32.0,3.08,1.172,81.19,69.76,948.5,5770.85,6951.42,228.64,3047.65,566,434.6
C01,2021-01,legacy,16,2320,145.0,134,6.41,22.9,3.93,1.0,54.28,46.86,556.84,4009.54,5506.64,177.2,2222.57,589,341.5
C01,2021-02,legacy,19,2936,154.5,169,6.02,23.9,4.36,1.003,53.99,47.62,585.28,4536.96,4862.66,166.62,2224.89,589,379.4
C01,2021-03,legacy,27,3897,144.3,273,6.44,25.6,4.11,1.006,55.34,47.73,621.15,3979.05,5310.45,182.06,1804.91,589,301.0
C01,2021-04,legacy,20,3132,156.6,198,5.94,19.8,3.92,1.009,54.63,47.72,667.84,4255.65,5213.73,156.92,2039.49,589,320.15
C01,2021-05,legacy,19,2864,150.7,214,6.17,23.2,4.2,1.012,52.82,46.99,643.17,4019.38,5353.01,194.65,1973.92,589,307.52
C01,2021-06,legacy,19,2697,141.9,187,6.55,25.1,4.07,1.015,53.61,47.74,717.0,4119.02,5148.05,188.86,1801.68,589,281.69
C01,2021-07,legacy,17,2778,163.4,177,5.69,23.5,4.35,1.018,53.55,47.95,652.27,3963.9,5596.85,181.63,1987.25,589,346.04
C01,2021-08,legacy,17,2538,149.3,165,6.23,23.2,4.26,1.02,54.51,47.69,639.91,4471.76,5174.54,182.37,2144.38,589,263.04
C01,2021-09,legacy,18,2658,147.7,153,6.3,19.3,4.43,1.023,55.78,48.94,586.58,4196.76,4982.6,171.94,2167.87,589,327.43
C01,2021-10,legacy,18,2557,142.1,198,6.55,24.4,4.33,1.026,54.54,47.36,592.89,4000.17,5869.55,200.19,1832.72,589,269.22
C01,2021-11,legacy,25,3649,146.0,219,6.37,21.5,4.3,1.029,54.12,47.2,557.07,4567.0,5500.37,174.37,2121.28,589,269.68
C01,2021-12,legacy,22,3284,149.3,240,6.23,24.4,3.99,1.032,54.29,48.56,605.01,4416.29,5799.12,177.82,2162.37,589,323.16
C01,2022-01,legacy,17,2579,151.7,158,6.13,21.9,3.56,1.035,56.0,48.71,622.56,4413.38,4988.44,183.8,2153.97,589,304.5
C01,2022-02,legacy,20,3207,160.4,149,5.8,21.9,4.14,1.038,54.54,50.93,660.46,4493.54,6549.27,179.1,2314.44,589,297.69
C01,2022-03,legacy,16,2219,138.7,149,6.71,24.3,4.39,1.041,56.69,48.63,662.02,4193.74,6083.91,212.14,1890.39,589,260.09
C01,2022-04,legacy,20,2940,147.0,173,6.33,22.8,4.25,1.044,55.83,50.36,550.51,4512.12,5673.91,177.36,2374.39,589,287.1
C01,2022-05,legacy,29,4678,161.3,256,5.77,25.7,4.06,1.047,57.73,50.04,696.72,4337.81,5655.86,153.23,2231.0,589,335.87
C01,2022-06,legacy,22,3339,151.8,207,6.13,26.0,4.14,1.05,56.8,50.2,773.92,4090.48,5579.78,217.02,2006.16,589,279.51
C01,2022-07,legacy,16,2462,153.9,134,6.04,26.8,4.08,1.052,55.8,49.31,652.42,4351.39,5568.63,184.95,2143.31,589,258.55
C01,2022-08,legacy,19,3138,165.2,207,5.63,20.9,4.0,1.055,55.93,50.7,606.66,4735.8,5348.71,187.29,2239.8,589,291.51
C01,2022-09,legacy,13,1991,153.2,153,6.07,26.0,3.92,1.058,58.23,48.49,674.12,4127.51,5415.73,201.49,2283.9,589,339.12
C01,2022-10,legacy,17,2624,154.4,179,6.03,17.3,3.95,1.061,57.06,48.01,646.01,4228.19,5429.3,204.49,1998.47,589,311.4
C01,2022-11,legacy,25,3744,149.8,256,6.21,18.8,3.93,1.064,56.49,49.12,612.26,4409.17,5152.17,185.32,2342.69,589,345.37
C01,2022-12,legacy,17,2838,166.9,195,5.57,29.1,3.89,1.067,57.53,49.81,770.41,4534.39,5316.07,183.39,1965.12,589,291.61
C01,2023-01,legacy,17,2718,159.9,170,5.82,16.7,3.44,1.07,56.68,50.36,634.15,4489.75,5483.89,172.82,2256.42,589,293.74
C01,2023-02,legacy,19,2745,144.5,200,6.39,21.3,3.51,1.073,59.15,49.42,653.96,4622.66,4829.75,170.75,2285.2,589,284.46
C01,2023-03,new,14,2224,158.9,149,5.76,21.5,3.62,1.076,56.0,50.82,599.03,4568.08,5510.68,201.9,2326.93,589,289.78
C01,2023-04,new,14,2037,145.5,148,6.24,21.0,3.56,1.079,58.04,49.61,562.2,4541.32,6284.89,191.23,2338.82,589,302.23
C01,2023-05,new,19,3209,168.9,169,5.32,27.2,3.48,1.082,59.01,51.37,714.49,4253.21,5804.9,196.72,2098.56,589,369.37
C01,2023-06,new,9,1507,167.4,81,5.3,24.7,3.9,1.085,57.23,49.14,670.18,4334.7,5874.94,181.9,2490.01,589,329.95
C01,2023-07,new,23,3729,162.1,282,5.4,21.1,3.96,1.088,60.14,51.46,624.35,4406.18,6049.41,175.04,2417.91,589,287.02
C01,2023-08,new,12,1954,162.8,116,5.31,24.2,3.42,1.09,59.62,52.17,703.56,4286.3,5682.11,184.03,2409.39,589,284.09
C01,2023-09,new,16,2443,152.7,162,5.57,25.9,3.32,1.093,59.56,52.39,679.27,4952.64,5439.62,193.68,2228.77,589,330.31
C01,2023-10,new,11,1998,181.6,122,4.61,24.8,3.82,1.096,60.38,53.99,673.34,4190.11,6373.26,172.84,2321.78,589,334.04
C01,2023-11,new,22,3870,175.9,266,4.68,20.8,3.65,1.099,57.87,50.72,675.59,4601.89,5400.27,205.3,2233.87,589,293.69
C01,2023-12,new,18,3195,177.5,177,4.55,22.5,3.66,1.102,60.72,51.12,591.94,4781.47,5768.51,196.7,2458.4,589,320.12
C01,2024-01,new,20,3856,192.8,214,4.11,23.9,3.77,1.105,60.01,51.29,671.63,4860.19,6025.6,186.91,2303.6,589,273.46
C01,2024-02,new,16,2896,181.0,193,4.3,26.0,3.35,1.108,57.47,52.31,786.78,4639.72,6764.55,165.16,2357.63,589,302.94
C01,2024-03,new,17,3153,185.5,210,4.12,26.2,3.77,1.111,58.81,52.04,693.74,4675.97,5451.11,188.84,2272.73,589,314.0
C01,2024-04,new,18,3379,187.7,204,3.99,23.4,3.71,1.114,60.6,51.61,664.23,4594.47,6393.25,183.37,2115.95,589,293.5
C01,2024-05,new,16,2938,183.6,162,4.01,27.0,3.4,1.117,61.63,52.69,585.31,4749.47,6381.58,176.5,2204.41,589,303.2
C01,2024-06,new,15,3509,233.9,166,3.09,31.5,3.8,1.12,58.27,52.88,576.88,5255.84,5734.39,199.58,2545.46,589,266.39
C01,2024-07,new,17,3454,203.2,233,3.5,31.6,3.13,1.122,61.36,54.4,644.74,4519.13,5356.88,209.51,2358.53,589,312.26
C01,2024-08,new,14,2857,204.1,173,3.43,27.4,3.3,1.125,63.09,53.99,726.53,4752.7,6104.87,217.8,2419.68,589,295.28
C01,2024-09,new,22,4900,222.7,295,3.09,24.2,3.71,1.128,61.7,55.35,680.6,4362.77,5699.32,213.82,2353.49,589,298.23
C01,2024-10,new,18,3179,176.6,304,3.85,27.4,3.49,1.131,62.83,52.57,715.56,4781.39,5929.91,199.83,2459.95,589,325.68
C01,2024-11,new,18,3872,215.1,253,3.12,32.3,3.26,1.134,61.07,54.41,704.38,4997.4,6690.77,222.34,2380.71,589,305.93
C01,2024-12,new,20,4351,217.6,221,3.05,32.7,3.4,1.137,62.06,53.66,726.73,4248.8,6399.59,212.98,2310.73,589,303.34
C01,2025-01,new,21,4340,206.7,250,3.18,29.7,3.09,1.14,62.38,50.66,579.17,4139.3,5998.48,196.45,2228.11,589,358.26
C01,2025-02,new,12,2720,226.7,174,2.87,25.2,3.18,1.143,60.69,53.84,674.67,4723.66,5378.38,202.38,2382.87,589,270.27
C01,2025-03,new,14,2750,196.4,161,3.29,29.8,3.31,1.146,62.48,52.16,672.62,4108.98,6278.83,224.62,2199.6,589,282.24
C01,2025-04,new,16,3567,222.9,173,2.88,29.3,3.2,1.149,58.99,53.5,661.38,4724.95,5710.02,199.05,2244.0,589,311.87
C01,2025-05,new,22,5190,235.9,275,2.7,29.3,3.28,1.152,61.45,54.82,621.96,4610.84,5661.54,188.22,2458.79,589,328.73
C01,2025-06,new,25,4911,196.4,292,3.23,26.5,3.27,1.155,63.85,55.02,657.76,4849.25,6519.15,183.63,2133.55,589,323.35
C01,2025-07,new,20,4127,206.4,233,3.06,28.9,3.32,1.158,64.09,52.82,620.91,4838.83,5780.14,195.99,2616.52,589,263.84
C01,2025-08,new,22,4915,223.4,214,2.81,33.6,3.35,1.16,61.22,55.4,706.79,5040.47,6325.38,206.4,2337.15,589,285.02
C01,2025-09,new,25,5641,225.6,320,2.78,28.6,3.11,1.163,64.85,55.12,839.33,4328.99,5936.5,184.27,2454.22,589,299.71
C01,2025-10,new,20,4351,217.6,260,2.87,32.2,2.84,1.166,63.86,55.92,847.67,4511.78,6296.81,218.37,2371.52,589,298.77
C01,2025-11,new,21,4859,231.4,236,2.69,29.6,2.95,1.169,63.26,52.75,670.54,4373.47,5475.61,193.41,2427.39,589,328.85
C01,2025-12,new,21,4828,229.9,216,2.7,32.6,3.29,1.172,62.67,54.85,853.77,4330.59,6095.43,226.22,2552.53,589,296.82
C02,2021-01,legacy,37,5083,137.4,313,6.77,21.9,3.82,1.0,55.98,48.68,608.6,3862.41,5446.65,180.69,2042.54,654,327.68
C02,2021-02,legacy,42,6216,148.0,385,6.28,20.6,4.6,1.003,56.46,47.38,637.67,4193.9,5436.47,188.27,2098.83,654,312.67
C02,2021-03,legacy,28,3860,137.9,278,6.75,15.8,4.07,1.006,57.12,49.31,614.44,4068.76,5309.92,172.54,2016.29,654,285.89
C02,2021-04,legacy,31,4071,131.3,380,7.08,16.7,4.21,1.009,55.58,47.76,538.02,4433.99,5785.51,168.79,2230.61,654,270.51
C02,2021-05,legacy,29,3731,128.7,248,7.23,24.7,4.31,1.012,54.49,47.81,542.18,4389.11,5773.75,186.92,2038.64,654,260.13
C02,2021-06,legacy,36,5690,158.1,341,5.88,26.7,4.19,1.015,56.1,50.17,660.64,4870.73,5305.24,201.86,2029.38,654,373.93
C02,2021-07,new,31,4570,147.4,235,6.31,24.7,4.14,1.018,57.14,49.29,525.39,4147.01,5667.37,170.04,1921.86,654,333.44
C02,2021-08,new,48,8018,167.0,484,5.57,24.8,4.28,1.02,55.44,49.02,681.91,4260.05,5448.22,171.06,2148.6,654,348.82
C02,2021-09,new,31,4217,136.0,317,6.84,20.9,4.15,1.023,58.35,51.46,649.55,4785.52,5334.61,237.21,2041.56,654,332.76
C02,2021-10,new,45,6541,145.4,451,6.4,17.6,3.9,1.026,56.37,50.76,577.8,4201.37,5727.17,186.42,2336.63,654,355.41
C02,2021-11,new,50,7575,151.5,440,6.14,18.1,4.13,1.029,56.77,50.95,663.5,4519.86,4931.81,196.16,2108.72,654,308.05
C02,2021-12,new,29,4268,147.2,295,6.32,22.0,4.24,1.032,57.65,47.93,665.32,4528.47,6011.07,178.49,2120.74,654,317.06
C02,2022-01,new,35,5355,153.0,322,6.08,15.4,3.97,1.035,60.76,49.69,579.79,4168.25,5741.55,193.3,1883.01,654,319.07
C02,2022-02,new,40,5991,149.8,360,6.21,21.3,4.0,1.038,57.6,49.5,658.4,4189.99,5984.17,176.11,2151.66,654,322.87
C02,2022-03,new,39,5581,143.1,336,6.5,23.6,3.83,1.041,58.47,50.25,720.34,4452.54,6112.32,180.4,2307.79,654,322.97
C02,2022-04,new,45,5811,129.1,417,7.2,26.6,3.95,1.044,56.6,50.0,675.92,4816.64,5561.77,190.75,2217.16,654,311.86
C02,2022-05,new,38,5331,140.3,381,6.63,24.7,3.63,1.047,56.42,51.22,751.59,4334.74,5760.51,186.62,2371.61,654,304.46
C02,2022-06,new,31,5106,164.7,338,5.65,23.2,3.98,1.05,59.44,49.52,625.6,4393.48,5433.2,189.67,1987.33,654,305.63
C02,2022-07,new,36,5601,155.6,378,5.98,27.4,3.65,1.052,62.57,50.5,642.5,4537.49,6143.56,168.98,2548.91,654,302.88
C02,2022-08,new,34,5488,161.4,440,5.76,24.1,3.76,1.055,58.18,50.34,678.83,4355.39,5807.26,241.09,2453.63,654,333.52
C02,2022-09,new,41,5884,143.5,336,6.48,21.3,3.84,1.058,59.1,49.24,755.0,4571.26,5913.34,195.57,2115.55,654,328.03
C02,2022-10,new,31,4557,147.0,370,6.33,22.3,4.16,1.061,59.8,49.72,668.96,4173.87,6674.84,179.37,2326.23,654,317.09
C02,2022-11,new,39,5503,141.1,332,6.59,27.0,3.89,1.064,56.76,50.23,618.56,4511.83,5672.09,204.73,2504.06,654,301.67
C02,2022-12,new,38,5787,152.3,413,6.11,23.4,4.05,1.067,58.33,50.85,661.02,4244.33,6069.06,196.26,2524.65,654,321.53
C02,2023-01,new,27,4032,149.3,294,6.23,23.4,3.68,1.13,63.38,55.51,644.92,4239.45,6171.56,207.0,2263.59,654,329.96
C02,2023-02,new,33,5103,154.6,390,5.97,23.1,3.38,1.133,62.94,53.35,808.99,4737.72,6559.05,205.38,1997.16,654,285.03
C02,2023-03,new,45,7623,169.4,436,5.41,18.8,3.7,1.136,59.76,54.38,733.84,4742.79,6030.95,192.4,2246.9,654,344.75
C02,2023-04,new,30,4410,147.0,334,6.17,19.3,3.67,1.139,63.95,56.51,670.37,5022.23,6022.38,194.74,2063.96,654,291.18
C02,2023-05,new,26,4265,164.0,317,5.47,23.5,3.78,1.142,62.83,55.97,652.31,4823.86,6537.2,226.62,2486.18,654,282.26
C02,2023-06,new,35,5133,146.7,376,6.05,20.7,3.99,1.145,64.05,54.58,620.5,4698.4,6291.15,212.12,2271.88,654,339.56
C02,2023-07,new,47,8154,173.5,485,5.05,23.6,3.78,1.148,62.58,55.94,742.0,4852.38,5876.92,205.77,2414.43,654,295.71
C02,2023-08,new,39,6284,161.1,349,5.36,28.5,3.66,1.15,62.96,55.51,743.58,4535.62,5779.87,200.03,2148.57,654,371.8
C02,2023-09,new,29,4872,168.0,330,5.07,24.4,3.62,1.153,64.63,53.49,678.55,4644.2,5766.72,182.93,2388.55,654,302.97
C02,2023-10,new,45,7812,173.6,508,4.82,31.4,4.01,1.156,63.62,55.95,677.15,5111.19,6181.52,199.96,2253.48,654,333.43
C02,2023-11,new,38,7373,194.0,427,4.24,27.4,3.69,1.159,65.81,55.29,712.71,5290.88,6579.93,217.55,2369.18,654,266.57
C02,2023-12,new,39,6986,179.1,448,4.51,22.6,4.11,1.162,63.95,56.29,669.8,4720.81,5887.71,208.81,2653.51,654,307.94
C02,2024-01,new,28,4979,177.8,252,4.46,28.3,3.37,1.165,65.6,57.95,800.75,5179.79,6640.21,217.84,2405.85,654,289.13
C02,2024-02,new,34,5921,174.1,391,4.47,30.9,3.19,1.168,65.47,57.25,654.16,4918.72,6053.09,199.07,2595.31,654,318.01
C02,2024-03,new,35,6785,193.9,346,3.94,28.3,3.26,1.171,62.88,57.71,792.91,5316.41,6734.83,203.31,2620.97,654,362.15
C02,2024-04,new,40,7382,184.6,587,4.06,26.9,2.85,1.174,65.73,57.02,934.38,4890.24,6611.08,186.3,2293.46,654,320.21
C02,2024-05,new,44,8440,191.8,420,3.83,29.5,3.35,1.177,65.36,57.48,826.2,4663.64,6560.66,199.66,2393.1,654,309.61
C02,2024-06,new,33,6622,200.7,306,3.6,25.3,3.34,1.18,65.77,56.51,741.65,5085.13,6226.35,201.08,2281.28,654,332.77
C02,2024-07,new,40,8497,212.4,404,3.34,34.6,3.56,1.182,64.87,57.86,760.2,5024.01,6394.48,209.28,2498.05,654,310.7
C02,2024-08,new,24,4757,198.2,274,3.53,25.5,3.28,1.185,66.33,58.23,735.33,5090.52,6410.53,196.79,2470.46,654,277.06
C02,2024-09,new,34,7415,218.1,429,3.16,24.7,3.36,1.188,65.79,56.68,792.77,5122.4,5975.84,192.52,2287.57,654,307.51
C02,2024-10,new,42,9895,235.6,609,2.88,29.9,3.25,1.191,65.23,58.99,738.5,5145.51,6409.82,199.81,2617.61,654,291.07
C02,2024-11,new,43,8414,195.7,518,3.43,29.1,3.54,1.194,64.18,56.09,718.21,5044.35,6310.62,219.56,2409.72,654,304.6
C02,2024-12,new,27,6325,234.3,319,2.83,33.1,3.74,1.197,67.95,58.92,712.16,5140.67,5640.03,220.29,2523.77,654,282.76
C02,2025-01,new,41,10150,247.6,594,2.65,24.8,3.04,1.2,65.62,58.2,708.87,5053.94,6706.92,212.64,2856.22,654,329.38
C02,2025-02,new,33,6976,211.4,315,3.08,27.8,3.39,1.203,67.78,57.66,802.64,5152.6,7073.04,236.34,2478.67,654,330.05
C02,2025-03,new,31,7087,228.6,335,2.82,29.2,3.35,1.206,66.87,59.65,755.7,4614.6,6143.88,212.38,2699.77,654,243.79
C02,2025-04,new,39,7953,203.9,531,3.14,26.6,3.04,1.209,66.17,57.21,803.46,4842.54,6684.09,217.35,2467.67,654,273.43
C02,2025-05,new,46,10443,227.0,677,2.81,26.9,2.87,1.212,66.76,58.28,780.11,5246.97,6391.07,236.85,2509.77,654,349.31
C02,2025-06,new,42,9197,219.0,548,2.89,29.6,3.21,1.215,67.82,56.61,921.73,4727.16,6218.67,212.95,2715.09,654,377.93
C02,2025-07,new,29,6617,228.2,358,2.76,30.0,2.89,1.218,67.11,59.33,694.48,5043.03,6082.22,228.93,2577.49,654,322.01
C02,2025-08,new,43,9142,212.6,539,2.96,26.9,3.3,1.22,67.72,60.08,834.19,5081.9,6392.85,195.71,2841.69,654,318.37
C02,2025-09,new,39,8359,214.3,435,2.92,33.1,3.44,1.223,68.7,58.77,783.4,5413.32,7002.37,199.46,2598.24,654,280.38
C02,2025-10,new,30,6589,219.6,323,2.84,30.1,3.36,1.226,67.12,60.55,717.85,5020.12,6288.54,197.21,2340.79,654,273.21
C02,2025-11,new,39,8444,216.5,463,2.88,29.0,2.98,1.229,67.48,59.23,785.4,5401.99,6441.26,249.86,2524.77,654,305.6
C02,2025-12,new,35,7630,218.0,392,2.85,26.9,3.24,1.232,65.84,58.74,784.38,5516.4,6363.64,189.21,2649.19,654,315.79
C03,2021-01,legacy,25,3675,147.0,249,6.33,21.7,4.53,1.0,72.46,64.13,861.63,5646.77,8041.61,247.07,2714.28,595,435.37
C03,2021-02,legacy,23,3201,139.2,211,6.68,17.2,4.36,1.003,70.67,65.68,825.27,5168.2,6553.18,243.13,2779.67,595,355.96
C03,2021-03,new,28,4129,147.5,212,6.31,21.8,4.02,1.006,71.0,63.17,782.73,5965.07,6883.69,211.94,2942.0,595,403.98
C03,2021-04,new,27,4134,153.1,266,6.07,24.1,4.28,1.009,74.56,63.87,818.92,5142.46,6826.65,231.5,2928.05,595,390.66
C03,2021-05,new,24,3107,129.5,226,7.18,19.3,4.27,1.012,75.91,63.93,836.36,5858.74,6898.09,254.59,2876.64,595,476.47
C03,2021-06,new,23,3461,150.5,200,6.18,20.5,4.58,1.015,74.54,63.7,786.51,5813.61,8022.0,223.82,2737.79,595,470.79
C03,2021-07,new,37,5261,142.2,462,6.54,21.7,3.78,1.018,74.92,64.85,915.96,6269.53,7705.59,242.47,3123.51,595,432.91
C03,2021-08,new,23,3197,139.0,200,6.69,18.0,4.17,1.02,75.69,66.29,912.4,5229.06,7386.07,253.59,3106.56,595,449.71
C03,2021-09,new,26,3565,137.1,287,6.78,24.7,4.26,1.023,73.29,65.79,880.95,6124.89,7342.43,253.15,2830.42,595,523.4
C03,2021-10,new,20,2824,141.2,212,6.59,18.0,4.12,1.026,76.61,66.48,906.93,4895.53,7274.31,258.58,2766.87,595,435.85
C03,2021-11,new,13,1847,142.1,115,6.55,22.3,4.36,1.029,74.98,66.41,953.02,6301.24,6549.32,303.57,3042.74,595,434.33
C03,2021-12,new,34,5156,151.6,371,6.13,26.1,4.37,1.032,76.91,67.81,914.21,5234.25,7140.64,224.34,3076.87,595,402.96
C03,2022-01,new,21,2892,137.7,205,6.75,22.3,3.82,1.035,76.52,66.93,896.72,5349.78,7533.39,239.54,2791.94,595,410.91
C03,2022-02,new,20,3162,158.1,188,5.88,23.8,3.78,1.038,75.63,63.28,830.14,5623.98,7784.16,258.11,3322.42,595,463.09
C03,2022-03,new,37,5232,141.4,345,6.58,23.1,4.09,1.041,77.12,67.21,870.82,5512.25,7229.19,238.75,3173.27,595,390.8
C03,2022-04,new,20,3095,154.8,237,6.01,22.7,3.6,1.044,77.48,67.14,690.74,6021.03,7490.89,222.44,2628.53,595,429.41
C03,2022-05,new,20,3172,158.6,240,5.86,22.0,4.12,1.047,78.4,69.31,846.69,6121.54,7801.65,238.9,2575.99,595,460.58
C03,2022-06,new,29,4004,138.1,297,6.74,23.3,3.85,1.05,79.05,68.64,784.51,5582.98,7677.47,275.27,2847.61,595,485.11
C03,2022-07,new,26,4121,158.5,237,5.87,19.5,3.79,1.052,77.24,68.86,945.34,6139.38,8312.31,225.2,2718.81,595,392.31
C03,2022-08,new,32,5426,169.6,340,5.48,23.8,3.95,1.055,80.76,67.3,770.94,5837.28,7836.04,197.29,2875.42,595,381.01
C03,2022-09,new,22,3189,145.0,214,6.42,20.8,4.0,1.058,79.91,67.55,998.91,6265.96,7005.63,268.77,2775.27,595,440.33
C03,2022-10,new,21,3239,154.2,187,6.03,24.7,3.76,1.061,77.07,66.29,993.54,6244.27,7222.16,272.05,2800.4,595,452.42
C03,2022-11,new,26,3846,147.9,227,6.29,24.6,4.24,1.064,78.58,68.54,735.47,6174.91,7422.69,271.62,2935.32,595,402.34
C03,2022-12,new,28,4197,149.9,252,6.2,17.0,3.43,1.067,78.5,67.95,859.0,6039.01,7986.04,272.02,3087.89,595,380.19
C03,2023-01,new,16,2361,147.6,142,6.3,26.8,3.52,1.13,83.22,71.89,998.32,6658.29,8656.66,296.79,3141.25,595,448.85
C03,2023-02,new,33,4835,146.5,309,6.3,21.4,3.55,1.133,83.52,70.96,1110.59,6791.81,7978.95,255.55,3405.4,595,525.75
C03,2023-03,new,20,3195,159.8,301,5.73,26.2,4.08,1.136,82.15,74.95,846.13,6381.86,8456.82,247.08,3285.63,595,390.32
C03,2023-04,new,27,4417,163.6,348,5.55,30.7,3.38,1.139,85.28,73.04,1002.74,6758.81,8875.75,299.76,3062.48,595,372.16
C03,2023-05,new,18,2837,157.6,158,5.7,25.1,3.78,1.142,85.55,73.12,866.79,6264.44,8255.76,270.45,3315.99,595,401.08
C03,2023-06,new,32,5616,175.5,493,5.06,21.9,3.61,1.145,82.95,71.09,938.62,6323.35,9004.57,289.09,3384.16,595,464.71
C03,2023-07,new,24,4180,174.2,291,5.03,27.9,3.51,1.148,85.87,72.7,972.49,6946.44,9021.86,284.66,3421.26,595,346.08
C03,2023-08,new,22,3816,173.5,217,4.98,23.7,3.72,1.15,83.9,75.13,921.12,5775.65,8154.13,270.96,3426.11,595,417.57
C03,2023-09,new,23,3737,162.5,232,5.24,24.8,3.83,1.153,84.89,74.92,1011.28,6043.14,8446.58,291.66,2939.61,595,385.49
C03,2023-10,new,17,3299,194.1,180,4.31,20.4,3.77,1.156,86.22,75.38,988.77,6461.01,9407.64,246.21,2976.38,595,328.23
C03,2023-11,new,30,5741,191.4,311,4.3,25.7,3.77,1.159,86.22,75.61,1120.49,6652.91,8312.79,235.02,3027.0,595,368.51
C03,2023-12,new,32,5078,158.7,368,5.09,23.8,3.53,1.162,84.15,75.91,904.62,6146.08,8504.75,276.98,2863.13,595,445.64
C03,2024-01,new,29,5001,172.4,307,4.6,24.4,3.48,1.165,84.61,75.42,995.5,6474.06,9077.67,312.36,3373.56,595,454.98
C03,2024-02,new,25,4570,182.8,225,4.26,21.8,3.66,1.168,89.34,77.59,898.59,6615.36,8016.95,291.15,3316.32,595,447.76
C03,2024-03,new,24,4871,203.0,282,3.76,28.5,3.14,1.171,84.72,76.67,1070.63,6294.65,8496.1,277.41,3180.39,595,452.0
C03,2024-04,new,27,5688,210.7,344,3.56,32.7,3.41,1.174,87.67,75.77,974.45,6305.45,8493.52,267.72,3214.79,595,458.74
C03,2024-05,new,34,6649,195.6,513,3.76,26.9,3.42,1.177,85.92,75.94,882.94,6033.53,8169.54,338.27,3292.73,595,398.44
C03,2024-06,new,20,4106,205.3,230,3.52,33.4,3.51,1.18,86.06,74.55,984.3,6567.82,8591.55,271.26,3506.26,595,428.83
C03,2024-07,new,24,5140,214.2,311,3.32,29.9,3.18,1.182,86.75,77.11,977.26,6237.6,7674.57,281.47,3655.66,595,463.01
C03,2024-08,new,34,6560,192.9,384,3.62,25.5,3.26,1.185,85.52,77.78,1018.85,7147.02,8543.05,237.82,3271.87,595,396.65
C03,2024-09,new,29,6338,218.6,354,3.15,25.7,3.49,1.188,91.46,77.57,924.64,5870.98,9000.57,318.14,2754.59,595,407.3
C03,2024-10,new,19,3979,209.4,208,3.24,30.3,3.44,1.191,84.41,76.87,1013.38,6382.89,8524.92,283.46,3704.19,595,442.05
C03,2024-11,new,29,6318,217.9,279,3.08,27.4,3.42,1.194,88.43,76.6,918.55,6897.45,8791.76,337.22,3533.72,595,450.05
C03,2024-12,new,29,6286,216.8,348,3.06,27.7,3.72,1.197,88.61,78.22,1249.82,6625.55,8795.57,301.71,3382.22,595,355.93
C03,2025-01,new,27,5511,204.1,317,3.22,27.8,3.24,1.2,85.93,76.27,998.15,6008.86,7224.39,316.03,3272.55,595,479.46
C03,2025-02,new,21,4364,207.8,235,3.13,29.8,3.3,1.203,90.93,73.94,1036.35,7421.14,8205.28,292.07,3330.95,595,333.97
C03,2025-03,new,28,6229,222.5,402,2.9,33.0,3.27,1.206,87.11,77.27,933.89,7415.11,9585.88,254.41,3173.38,595,401.52
C03,2025-04,new,24,5395,224.8,357,2.85,25.5,3.33,1.209,91.57,76.69,943.79,6315.65,8892.05,306.82,3532.79,595,430.15
C03,2025-05,new,30,6616,220.5,335,2.89,29.0,3.08,1.212,90.78,78.46,1136.31,6876.22,8840.43,294.32,3660.06,595,480.56
C03,2025-06,new,19,4555,239.7,233,2.64,34.6,2.89,1.215,91.2,76.12,961.83,7444.4,8911.87,260.08,3665.17,595,446.58
C03,2025-07,new,25,5521,220.8,241,2.86,27.3,3.08,1.218,90.3,81.0,1038.43,6778.62,9341.84,280.97,3538.7,595,381.64
C03,2025-08,new,22,4627,210.3,221,2.99,26.2,2.51,1.22,90.51,78.21,995.88,6545.14,8528.01,272.29,3467.45,595,357.88
C03,2025-09,new,24,5332,222.2,286,2.82,26.0,3.4,1.223,87.55,77.59,1051.9,6584.4,9514.06,310.84,3438.82,595,370.3
C03,2025-10,new,31,6972,224.9,366,2.78,33.5,3.07,1.226,88.98,80.62,1181.11,6765.73,9029.37,308.25,3214.49,595,374.5
C03,2025-11,new,31,7003,225.9,403,2.76,28.3,3.2,1.229,92.52,79.21,1082.71,7297.69,8826.63,292.54,3675.7,595,435.17
C03,2025-12,new,29,7091,244.5,432,2.54,27.7,3.17,1.232,94.32,78.69,1023.46,7838.84,8847.61,295.47,3663.63,595,458.73
C04,2021-01,legacy,11,1701,154.6,111,6.01,21.9,4.26,1.0,69.85,60.2,743.33,5780.69,7179.49,235.06,3253.55,712,384.91
C04,2021-02,legacy,16,2557,159.8,162,5.82,22.9,4.34,1.003,70.65,64.76,849.23,5273.09,6705.3,208.53,2908.76,712,506.3
C04,2021-03,legacy,10,1557,155.7,105,5.97,20.7,4.15,1.006,72.43,63.06,1066.02,5884.8,6776.4,221.36,2890.08,712,421.59
C04,2021-04,legacy,21,3119,148.5,209,6.26,24.2,4.44,1.009,75.46,65.99,991.58,5634.64,7393.42,271.1,2631.62,712,443.05
C04,2021-05,legacy,7,1118,159.7,78,5.82,24.9,4.01,1.012,73.45,61.14,897.32,5773.9,7483.96,218.05,2593.36,712,451.35
C04,2021-06,legacy,9,1329,147.7,71,6.3,23.8,4.57,1.015,74.16,63.71,922.44,5645.6,7063.94,259.49,2613.88,712,482.7
C04,2021-07,legacy,12,1827,152.2,134,6.11,24.1,4.57,1.018,76.55,66.26,927.58,5596.73,8130.55,255.95,2713.01,712,364.5
C04,2021-08,legacy,13,1837,141.3,118,6.58,26.1,4.03,1.02,74.2,64.43,751.67,5522.97,6920.55,244.84,2717.47,712,478.2
C04,2021-09,legacy,11,1660,150.9,128,6.16,20.4,4.51,1.023,73.73,64.3,961.37,5157.87,8066.3,241.7,2763.75,712,395.48
C04,2021-10,legacy,11,1619,147.2,106,6.32,22.9,4.26,1.026,74.31,65.39,1072.76,5297.37,7393.95,241.96,2768.76,712,517.35
C04,2021-11,legacy,11,1688,153.5,106,6.06,22.3,3.89,1.029,73.33,65.46,1050.22,5657.09,6829.63,226.21,2875.93,712,461.1
C04,2021-12,legacy,8,1339,167.4,74,5.56,26.4,4.34,1.032,75.06,65.04,869.08,5871.91,7737.89,210.96,3170.78,712,376.16
C04,2022-01,legacy,15,2595,173.0,158,5.38,29.5,3.76,1.035,73.63,64.68,778.16,6043.45,7791.85,266.89,2965.19,712,455.42
C04,2022-02,legacy,12,1914,159.5,144,5.83,16.2,3.84,1.038,77.04,66.29,890.49,5983.42,6463.8,243.17,3106.79,712,419.13
C04,2022-03,legacy,13,1947,149.8,105,6.21,17.0,4.31,1.041,76.11,66.86,901.2,6104.62,7276.77,228.0,3112.97,712,312.77
C04,2022-04,legacy,10,1577,157.7,126,5.9,26.7,3.83,1.044,74.72,68.18,681.64,6254.15,6926.6,258.0,3113.02,712,416.72
C04,2022-05,legacy,5,761,152.2,45,6.11,20.8,4.44,1.047,75.4,66.07,920.67,5127.26,7540.0,265.55,3396.77,712,426.15
C04,2022-06,legacy,13,1881,144.7,118,6.43,16.9,4.22,1.05,76.07,64.95,914.65,6006.11,7565.96,264.6,3045.22,712,391.69
C04,2022-07,legacy,6,897,149.5,52,6.22,23.3,4.21,1.052,77.73,69.74,825.91,5237.32,7850.15,249.61,2688.36,712,463.72
C04,2022-08,legacy,14,2070,147.9,123,6.29,21.0,4.21,1.055,75.96,70.52,923.22,6322.75,7336.74,220.0,3033.37,712,409.27
C04,2022-09,legacy,12,1737,144.8,104,6.42,28.0,4.13,1.058,77.12,66.7,905.16,5341.98,6829.33,292.57,2556.42,712,429.5
C04,2022-10,legacy,7,1141,163.0,69,5.71,19.5,4.03,1.061,76.79,71.0,731.89,5801.04,7274.03,234.05,3094.6,712,468.95
C04,2022-11,legacy,6,872,145.3,57,6.4,21.9,4.21,1.064,74.06,68.66,813.98,5864.68,7623.66,245.93,3103.14,712,415.67
C04,2022-12,legacy,13,1894,145.7,118,6.38,17.7,4.25,1.067,77.68,67.86,798.36,5471.6,7304.04,281.93,3162.61,712,387.81
C04,2023-01,legacy,16,2505,156.6,102,5.94,19.9,3.49,1.07,78.98,70.3,799.25,5727.03,7960.98,233.45,3168.63,712,428.68
C04,2023-02,legacy,14,2025,144.6,145,6.38,16.5,3.48,1.073,80.0,67.27,873.03,5928.17,7051.73,238.98,3299.85,712,402.3
C04,2023-03,legacy,5,708,141.6,56,6.47,16.0,3.5,1.076,79.09,69.6,878.02,5659.94,7498.0,247.21,3128.11,712,374.36
C04,2023-04,legacy,11,1595,145.0,102,6.26,22.3,3.26,1.079,79.3,66.3,906.95,6116.94,7444.18,266.6,2785.7,712,403.2
C04,2023-05,legacy,10,1582,158.2,101,5.68,21.8,3.45,1.082,80.13,69.35,751.62,6121.5,7793.09,238.33,3021.27,712,474.84
C04,2023-06,legacy,17,2692,158.4,248,5.6,23.6,3.96,1.085,77.82,70.12,742.1,5506.49,7226.65,233.28,3115.12,712,395.65
C04,2023-07,legacy,13,2066,158.9,138,5.51,25.2,3.74,1.088,77.7,69.29,948.97,6956.42,7304.49,257.5,2972.36,712,359.38
C04,2023-08,legacy,12,1837,153.1,116,5.64,20.2,3.27,1.09,80.44,72.5,826.53,6417.39,7436.29,233.02,3228.25,712,366.75
C04,2023-09,legacy,10,1504,150.4,109,5.66,24.3,3.84,1.093,80.24,69.66,867.58,6105.03,7980.13,279.05,3041.63,712,425.83
C04,2023-10,legacy,15,2541,169.4,160,4.94,24.8,3.66,1.096,77.7,69.95,828.59,6348.2,7209.45,259.51,3427.41,712,359.54
C04,2023-11,legacy,17,2526,148.6,182,5.54,25.9,3.78,1.099,76.8,69.89,762.12,6424.49,7572.65,270.38,3315.4,712,431.78
C04,2023-12,legacy,10,1616,161.6,100,5.0,18.8,3.64,1.102,79.04,73.2,968.92,6506.75,7891.99,269.96,3121.44,712,447.82
C04,2024-01,legacy,7,1069,152.7,75,5.19,26.2,3.91,1.105,79.33,68.57,1109.4,5233.96,8530.21,256.29,3407.83,712,382.1
C04,2024-02,legacy,11,1793,163.0,134,4.78,24.9,3.42,1.108,78.68,72.57,988.98,6335.39,7526.78,253.5,2818.1,712,424.69
C04,2024-03,legacy,9,1504,167.1,78,4.57,28.2,4.01,1.111,81.96,72.76,911.01,6231.21,8075.93,254.41,2987.87,712,441.74
C04,2024-04,legacy,16,2932,183.2,193,4.09,25.9,3.4,1.114,81.16,71.18,874.87,6308.77,8376.61,277.48,3035.55,712,423.68
C04,2024-05,legacy,15,2169,144.6,131,5.09,17.7,3.33,1.117,79.3,70.1,899.65,6498.36,8069.21,290.47,2954.74,712,326.41
C04,2024-06,legacy,9,1692,188.0,120,3.84,35.6,3.6,1.12,81.47,73.92,933.71,5987.05,8382.1,251.72,3139.03,712,406.31
C04,2024-07,legacy,12,1987,165.6,148,4.29,21.6,3.21,1.122,82.48,72.05,939.32,6105.53,8198.9,278.11,2989.17,712,373.54
C04,2024-08,legacy,9,1611,179.0,96,3.91,26.0,3.32,1.125,80.13,74.17,1019.97,6295.54,8410.21,266.1,3422.44,712,425.57
C04,2024-09,legacy,11,2044,185.8,117,3.71,29.3,3.02,1.128,79.69,70.85,968.67,5829.96,7612.49,267.92,3278.07,712,481.22
C04,2024-10,legacy,12,2041,170.1,154,3.99,27.4,3.17,1.131,84.66,71.97,951.22,6035.9,7669.55,271.21,3042.13,712,378.7
C04,2024-11,legacy,6,1069,178.2,72,3.77,27.7,3.47,1.134,79.33,70.76,1037.76,6465.61,7890.16,266.87,3066.78,712,385.01
C04,2024-12,legacy,13,2409,185.3,176,3.58,32.4,3.4,1.137,80.77,71.19,821.05,7041.37,7537.84,296.0,3399.14,712,364.44
C04,2025-01,legacy,13,2331,179.3,145,3.66,27.2,3.54,1.14,81.83,73.86,967.23,6671.84,8542.87,272.47,3314.45,712,438.27
C04,2025-02,legacy,10,1735,173.5,100,3.75,23.6,3.4,1.143,83.81,73.12,936.74,6058.5,8200.35,248.12,3041.11,712,417.88
C04,2025-03,legacy,11,2024,184.0,99,3.51,27.5,2.73,1.146,82.21,72.29,1002.46,6906.97,8022.05,267.94,3417.37,712,401.41
C04,2025-04,legacy,14,2571,183.6,120,3.49,26.4,3.39,1.149,82.63,73.46,982.09,5999.66,8174.79,309.68,2930.74,712,419.45
C04,2025-05,legacy,11,1839,167.2,127,3.81,30.2,3.12,1.152,82.98,73.73,940.25,6601.4,7806.68,261.84,3363.8,712,444.35
C04,2025-06,legacy,9,1789,198.8,113,3.19,27.9,3.34,1.155,83.49,74.69,1134.73,6099.34,7830.1,262.43,3430.55,712,529.27
C04,2025-07,legacy,9,1675,186.1,122,3.39,32.7,3.38,1.158,84.45,76.52,1077.24,6488.49,8560.98,263.38,3340.73,712,369.32
C04,2025-08,legacy,15,2385,159.0,167,3.95,27.1,3.07,1.16,84.65,73.95,994.11,6194.05,9033.84,270.06,3136.29,712,471.62
C04,2025-09,legacy,6,1051,175.2,70,3.57,24.5,3.72,1.163,83.22,75.88,1048.84,6228.11,8139.17,338.92,3199.84,712,474.61
C04,2025-10,legacy,8,1635,204.4,97,3.05,34.5,3.43,1.166,84.24,73.22,873.05,7196.55,8551.07,321.22,3067.1,712,385.24
C04,2025-11,legacy,11,2233,203.0,145,3.07,29.5,3.4,1.169,86.56,74.93,914.86,6000.64,8596.1,292.35,3013.43,712,400.69
C04,2025-12,legacy,7,1314,187.7,80,3.31,24.6,2.88,1.172,85.44,73.63,1020.45,6929.65,8765.38,314.93,2959.67,712,465.6
C05,2021-01,legacy,20,2717,135.8,160,6.85,19.7,4.71,1.0,55.5,48.66,633.37,4254.51,6263.9,186.31,2101.71,612,302.25
C05,2021-02,legacy,18,2667,148.2,173,6.28,23.8,4.42,1.003,54.97,48.43,790.54,4681.76,5682.24,187.91,2142.35,612,358.68
C05,2021-03,legacy,22,3524,160.2,246,5.81,25.3,4.68,1.006,53.14,50.07,619.44,4391.83,5990.17,160.92,2155.51,612,319.21
C05,2021-04,legacy,22,3386,153.9,249,6.04,24.4,4.53,1.009,57.94,49.94,669.85,4294.67,5502.64,159.81,1974.55,612,288.63
C05,2021-05,legacy,27,3978,147.3,266,6.31,20.7,4.38,1.012,57.87,48.47,745.5,4891.71,4975.8,206.21,2327.63,612,352.7
C05,2021-06,legacy,32,4603,143.8,410,6.47,23.1,4.78,1.015,57.27,48.89,638.29,4769.06,5270.14,189.45,2131.31,612,346.01
C05,2021-07,legacy,17,2686,158.0,185,5.89,21.8,4.65,1.018,57.0,50.39,624.28,4330.96,5060.55,174.36,1879.47,612,382.86
C05,2021-08,legacy,21,3117,148.4,215,6.27,22.8,4.45,1.02,57.06,50.2,672.73,4152.76,5041.99,204.8,2190.27,612,329.26
C05,2021-09,legacy,14,2146,153.3,136,6.07,19.9,4.56,1.023,57.28,49.56,597.0,4316.33,6044.22,162.48,2504.39,612,339.4
C05,2021-10,legacy,15,2323,154.9,145,6.01,27.5,4.73,1.026,58.7,49.62,617.83,4078.62,5946.72,177.82,2320.45,612,296.04
C05,2021-11,legacy,29,4811,165.9,297,5.61,26.3,4.83,1.029,57.53,51.94,686.12,4068.46,5773.04,201.04,2336.66,612,322.02
C05,2021-12,legacy,24,3649,152.0,213,6.12,23.3,4.71,1.032,58.84,49.36,683.26,4329.68,5335.41,193.88,2122.1,612,313.59
C05,2022-01,new,16,2444,152.8,143,6.09,25.2,4.65,1.035,57.49,49.71,573.17,4637.22,5568.99,197.31,2411.61,612,279.02
C05,2022-02,new,22,2972,135.1,200,6.88,21.6,4.03,1.038,59.27,50.36,755.53,3807.75,5909.82,168.03,2215.5,612,287.65
C05,2022-03,new,25,4019,160.8,235,5.79,20.3,4.44,1.041,58.78,49.85,649.1,4728.6,5748.57,213.25,2319.03,612,322.38
C05,2022-04,new,10,1586,158.6,98,5.86,22.1,4.3,1.044,56.21,51.2,597.78,4848.55,5460.71,210.0,2232.0,612,322.28
C05,2022-05,new,15,2254,150.3,149,6.19,22.6,4.2,1.047,56.94,52.07,672.99,4930.62,5495.44,183.61,2346.09,612,330.43
C05,2022-06,new,17,2230,131.2,146,7.09,22.0,4.56,1.05,58.27,52.27,639.52,4245.68,6442.5,215.18,2228.14,612,343.14
C05,2022-07,new,21,3053,145.4,229,6.4,25.3,4.22,1.052,58.37,51.96,592.55,4267.66,5417.04,202.89,2472.46,612,280.23
C05,2022-08,new,15,2266,151.1,166,6.16,18.7,4.44,1.055,60.58,50.85,590.25,4715.08,5974.71,203.06,2403.13,612,314.41
C05,2022-09,new,18,3070,170.6,196,5.45,21.4,4.35,1.058,59.12,51.9,751.03,4630.16,5765.18,245.61,2400.02,612,276.08
C05,2022-10,new,27,4207,155.8,267,5.97,22.9,4.46,1.061,60.71,52.15,634.53,4549.48,5521.08,180.94,2216.2,612,349.28
C05,2022-11,new,21,3312,157.7,200,5.9,25.1,4.73,1.064,59.22,52.04,677.92,4681.84,6012.51,170.89,2348.8,612,290.58
C05,2022-12,new,18,2843,157.9,148,5.89,17.0,4.61,1.067,59.86,52.59,628.32,4111.25,5516.96,195.77,2285.22,612,284.56
C05,2023-01,new,14,2281,162.9,178,5.71,17.7,4.41,1.07,59.6,51.72,626.32,4587.58,6045.91,155.65,2359.2,612,311.8
C05,2023-02,new,21,2983,142.0,185,6.5,17.5,4.32,1.073,60.37,52.15,632.78,4383.56,5838.79,186.41,2199.88,612,295.13
C05,2023-03,new,20,2926,146.3,204,6.26,16.4,4.23,1.076,57.08,52.91,637.74,4208.12,5665.02,215.38,2255.58,612,314.32
C05,2023-04,new,26,3781,145.4,232,6.24,25.1,3.91,1.079,59.76,51.8,698.28,4677.59,5787.98,205.27,2247.07,612,297.1
C05,2023-05,new,20,3116,155.8,189,5.76,24.9,4.14,1.082,60.3,52.5,657.83,4693.05,5839.33,162.36,2355.11,612,323.61
C05,2023-06,new,24,3785,157.7,232,5.63,24.8,4.34,1.085,60.82,52.45,771.21,4813.2,5463.42,181.06,2025.23,612,280.75
C05,2023-07,new,29,4784,165.0,244,5.31,24.8,4.01,1.088,61.92,52.68,596.33,4322.12,5404.8,189.47,2595.24,612,315.02
C05,2023-08,new,17,2670,157.1,177,5.5,24.1,4.3,1.09,60.85,53.5,747.45,4740.86,6289.17,215.73,2206.12,612,324.12
C05,2023-09,new,18,3083,171.3,223,4.97,17.3,4.23,1.093,60.46,53.48,676.06,4731.85,6309.53,225.94,2258.4,612,315.39
C05,2023-10,new,25,4128,165.1,320,5.07,27.9,4.2,1.096,63.35,51.62,724.98,4582.07,5949.59,219.78,2111.42,612,254.88
C05,2023-11,new,18,3626,201.4,208,4.09,25.8,4.05,1.099,63.37,54.54,636.71,5079.51,6816.07,208.15,2389.03,612,267.13
C05,2023-12,new,26,4562,175.5,273,4.61,25.3,3.87,1.102,60.84,54.26,734.51,4553.06,5834.76,211.73,2085.11,612,280.59
C05,2024-01,new,21,4526,215.5,277,3.68,30.1,3.54,1.105,59.75,54.42,839.16,4986.25,5380.35,197.04,2538.78,612,362.42
C05,2024-02,new,14,2914,208.1,197,3.74,26.4,3.94,1.108,61.46,52.48,803.32,4702.54,5887.4,204.86,2466.16,612,349.91
C05,2024-03,new,10,1791,179.1,86,4.26,19.7,3.83,1.111,62.4,54.86,870.26,5046.94,6538.14,192.36,2296.29,612,330.87
C05,2024-04,new,18,3738,207.7,226,3.61,30.3,3.96,1.114,59.28,53.48,706.25,4491.46,5703.03,209.84,2032.49,612,335.82
C05,2024-05,new,18,3725,206.9,230,3.55,26.6,3.62,1.117,60.05,54.81,739.88,4916.1,5410.59,198.2,2038.59,612,309.39
C05,2024-06,new,18,3329,184.9,179,3.91,25.2,3.76,1.12,63.86,54.1,814.61,4698.73,5966.37,200.99,2418.31,612,294.22
C05,2024-07,new,19,4058,213.6,142,3.33,31.6,3.97,1.122,65.82,55.23,748.81,4802.67,6152.93,193.64,2488.26,612,302.47
C05,2024-08,new,19,3945,207.6,290,3.37,28.2,3.99,1.125,61.59,54.91,628.7,5204.68,5838.56,203.7,2708.29,612,361.54
C05,2024-09,new,18,3886,215.9,195,3.19,25.2,4.15,1.128,63.15,54.61,652.21,4890.04,5955.83,207.58,2050.47,612,321.82
C05,2024-10,new,23,4671,203.1,235,3.34,22.9,3.4,1.131,63.57,55.93,671.93,4871.31,6293.45,202.3,2617.05,612,333.45
C05,2024-11,new,17,3657,215.1,225,3.12,28.1,3.93,1.134,65.18,55.47,849.59,5044.62,6217.47,193.51,2461.91,612,312.01
C05,2024-12,new,20,4466,223.3,177,2.97,26.0,3.37,1.137,60.89,55.85,711.02,4513.55,6509.85,204.34,2405.67,612,316.67
C05,2025-01,new,28,6080,217.1,286,3.02,31.3,3.34,1.14,65.38,54.17,757.19,4984.08,6802.6,203.8,2431.41,612,335.21
C05,2025-02,new,27,5753,213.1,329,3.05,26.9,3.91,1.143,63.5,55.5,643.84,5079.77,6266.73,208.0,2526.08,612,292.35
C05,2025-03,new,23,5065,220.2,317,2.93,34.4,3.37,1.146,63.7,56.57,584.53,5242.43,6183.41,222.56,2385.65,612,337.75
C05,2025-04,new,19,4003,210.7,187,3.04,28.4,3.43,1.149,62.16,55.86,655.37,5234.76,5937.71,204.59,2581.07,612,292.25
C05,2025-05,new,19,4353,229.1,183,2.78,30.7,3.29,1.152,64.64,57.54,731.7,4642.26,5712.37,223.35,2470.14,612,250.12
C05,2025-06,new,31,5988,193.2,352,3.28,27.3,3.39,1.155,62.78,56.66,783.48,4954.58,5972.11,213.11,2501.33,612,302.44
C05,2025-07,new,22,5444,247.5,260,2.55,29.4,3.64,1.158,65.37,56.63,665.71,5106.26,6591.21,221.87,2312.7,612,322.62
C05,2025-08,new,30,6825,227.5,257,2.76,30.0,3.57,1.16,64.17,59.34,526.36,5151.94,6491.65,210.84,2559.19,612,334.22
C05,2025-09,new,26,6078,233.8,338,2.68,29.1,3.6,1.163,67.37,56.65,782.93,5784.43,6822.71,207.14,2320.06,612,308.83
C05,2025-10,new,25,5991,239.6,271,2.61,36.2,3.56,1.166,63.36,56.49,791.3,5154.45,6026.68,238.31,2333.49,612,306.77
C05,2025-11,new,23,4868,211.7,286,2.94,35.2,3.01,1.169,65.64,56.97,575.54,4927.86,6352.33,202.49,2487.79,612,352.39
C05,2025-12,new,20,5238,261.9,291,2.37,27.5,3.72,1.172,66.6,57.82,798.72,5038.71,7116.02,215.13,2586.4,612,342.78
C06,2021-01,legacy,30,4214,140.5,269,6.62,21.8,3.28,1.0,59.09,52.35,608.95,4904.38,6318.87,190.88,2400.09,459,336.41
C06,2021-02,legacy,11,1700,154.5,110,6.02,23.7,3.13,1.003,56.94,51.54,670.6,4194.67,5777.23,189.45,2622.54,459,321.53
C06,2021-03,legacy,14,2145,153.2,124,6.07,21.0,3.17,1.006,59.68,53.47,623.51,4615.62,5292.01,201.13,2394.94,459,298.01
C06,2021-04,legacy,14,2276,162.6,175,5.72,24.8,3.4,1.009,59.89,51.97,653.73,4628.43,6178.4,183.06,2293.43,459,318.57
C06,2021-05,legacy,6,901,150.2,56,6.19,26.3,3.1,1.012,60.04,52.91,629.78,4309.13,5685.75,161.56,2621.03,459,347.07
C06,2021-06,legacy,25,3450,138.0,237,6.74,21.0,3.35,1.015,61.35,51.99,703.42,4504.18,5743.08,222.62,2446.05,459,368.7
C06,2021-07,legacy,14,2144,153.1,150,6.07,23.9,3.34,1.018,63.19,54.09,721.12,4904.61,5459.55,183.39,2152.41,459,322.67
C06,2021-08,legacy,19,2461,129.5,208,7.18,21.7,3.51,1.02,59.26,54.97,654.67,4516.38,5928.01,174.8,2623.24,459,337.37
C06,2021-09,legacy,13,1929,148.4,142,6.27,21.3,3.59,1.023,61.11,53.07,694.67,4977.78,5703.32,197.99,2618.42,459,334.48
C06,2021-10,legacy,15,2191,146.1,191,6.37,21.3,3.5,1.026,60.47,51.83,778.96,4743.33,6087.12,195.12,2605.18,459,358.72
C06,2021-11,legacy,14,2309,164.9,157,5.64,26.6,3.34,1.029,62.5,53.69,654.71,4605.91,6466.2,202.0,2431.79,459,364.79
C06,2021-12,legacy,16,2363,147.7,150,6.3,19.9,3.15,1.032,62.63,52.36,656.7,4693.47,5754.54,219.96,2490.53,459,341.19
C06,2022-01,legacy,16,2339,146.2,137,6.36,22.7,3.08,1.035,60.63,53.63,914.57,4858.91,6719.1,191.54,2479.61,459,344.1
C06,2022-02,legacy,18,2583,143.5,169,6.48,22.0,2.73,1.038,61.15,54.69,921.15,4607.9,5645.7,225.82,2514.05,459,314.49
C06,2022-03,legacy,17,2425,142.6,181,6.52,21.4,2.99,1.041,61.15,54.95,797.67,4613.81,5460.56,202.89,2735.25,459,292.69
C06,2022-04,legacy,13,1888,145.2,126,6.4,22.4,2.77,1.044,61.81,53.79,710.38,4951.84,5810.54,203.53,2550.21,459,327.41
C06,2022-05,legacy,13,2023,155.6,131,5.98,24.8,2.9,1.047,62.47,54.48,712.97,5122.77,6660.41,200.08,2074.23,459,322.66
C06,2022-06,legacy,16,2219,138.7,137,6.71,26.0,2.82,1.05,61.92,55.43,709.06,4559.6,6070.15,197.63,2388.13,459,313.46
C06,2022-07,legacy,23,3410,148.3,205,6.27,25.2,2.67,1.052,60.99,54.6,727.21,5464.93,5985.33,216.44,3047.78,459,407.66
C06,2022-08,legacy,15,2062,137.5,123,6.77,29.1,3.04,1.055,62.75,57.42,657.36,4916.21,7140.61,215.18,2411.91,459,341.38
C06,2022-09,legacy,17,2526,148.6,163,6.26,21.6,2.6,1.058,62.04,57.59,691.01,4514.16,6100.93,205.85,2280.05,459,366.68
C06,2022-10,legacy,17,2577,151.6,158,6.14,17.3,2.75,1.061,63.24,56.5,715.15,4676.29,7361.6,204.11,2220.86,459,387.79
C06,2022-11,legacy,9,1254,139.3,110,6.67,26.4,2.96,1.064,62.59,54.33,628.13,4464.12,6213.45,192.47,2339.72,459,387.78
C06,2022-12,legacy,14,2030,145.0,105,6.41,21.1,2.85,1.067,64.41,54.11,824.78,4920.09,6164.51,199.74,2583.34,459,376.07
C06,2023-01,legacy,14,2114,151.0,137,6.16,23.2,2.48,1.07,63.25,53.03,662.43,4860.39,6069.72,221.43,2413.32,459,377.69
C06,2023-02,legacy,20,3159,158.0,204,5.85,26.9,2.5,1.073,64.9,56.27,772.55,5075.59,6659.14,199.48,2677.14,459,338.8
C06,2023-03,legacy,19,3051,160.6,193,5.7,22.4,2.36,1.076,64.94,55.21,769.6,5173.98,6954.53,180.55,2302.18,459,367.4
C06,2023-04,legacy,14,2122,151.6,154,5.99,21.8,2.41,1.079,65.09,56.83,810.94,4888.09,6955.08,223.76,2573.18,459,381.66
C06,2023-05,legacy,11,1591,144.6,111,6.21,16.6,2.82,1.082,63.47,55.76,777.04,4830.95,6384.52,199.6,2758.67,459,309.41
C06,2023-06,legacy,15,2105,140.3,138,6.32,21.7,2.43,1.085,65.09,54.83,718.81,5210.66,6642.4,213.81,2444.7,459,366.92
C06,2023-07,legacy,18,2943,163.5,179,5.36,22.2,2.8,1.088,65.52,57.08,801.2,4445.32,6582.22,210.8,2240.79,459,324.85
C06,2023-08,legacy,19,3251,171.1,226,5.05,25.8,2.58,1.09,63.97,58.24,627.8,5007.91,6222.28,210.13,2208.51,459,354.61
C06,2023-09,legacy,18,2922,162.3,149,5.24,25.1,2.96,1.093,64.01,56.33,775.42,5175.41,7072.33,218.38,2604.99,459,300.26
C06,2023-10,legacy,11,1938,176.2,104,4.75,27.6,2.97,1.096,66.87,57.08,630.92,5156.92,6241.02,228.31,2503.58,459,301.12
C06,2023-11,legacy,25,3939,157.6,212,5.22,28.1,2.6,1.099,66.27,58.83,794.35,4945.99,6865.66,196.03,2659.47,459,321.69
C06,2023-12,legacy,10,1597,159.7,129,5.06,22.0,2.45,1.102,63.42,57.99,804.73,4926.87,6149.89,236.38,2357.3,459,357.05
C06,2024-01,legacy,16,2905,181.6,138,4.37,28.4,2.37,1.105,66.56,56.79,719.24,4923.57,6358.06,206.83,2589.33,459,320.92
C06,2024-02,legacy,15,2355,157.0,135,4.96,24.9,2.43,1.108,64.8,57.62,751.4,5037.56,6200.77,234.78,2521.43,459,335.78
C06,2024-03,legacy,22,3844,174.7,207,4.37,26.8,2.01,1.111,65.98,58.04,874.21,4789.53,7147.79,220.57,2267.05,459,312.66
C06,2024-04,legacy,17,2960,174.1,171,4.3,21.6,2.76,1.114,66.09,60.04,660.92,5047.32,6556.18,217.32,2277.13,459,327.92
C06,2024-05,legacy,18,3118,173.2,202,4.25,23.7,2.66,1.117,62.75,57.56,657.47,5143.41,6703.56,221.83,2497.76,459,258.8
C06,2024-06,legacy,18,3458,192.1,210,3.76,28.4,2.29,1.12,64.2,59.37,762.25,4561.92,7113.4,219.08,2694.41,459,345.61
C06,2024-07,legacy,16,2647,165.4,175,4.29,23.7,2.46,1.122,65.59,56.45,747.18,5191.9,6772.35,211.49,2364.59,459,376.34
C06,2024-08,legacy,28,4794,171.2,298,4.08,30.9,2.35,1.125,69.35,59.48,668.77,4614.6,6666.23,216.57,2419.79,459,321.73
C06,2024-09,legacy,8,1247,155.9,86,4.42,26.8,2.5,1.128,66.71,57.64,832.97,5807.01,7009.56,235.68,2946.72,459,415.79
C06,2024-10,legacy,13,2171,167.0,121,4.07,23.5,2.47,1.131,69.4,56.95,677.54,5201.52,6849.9,207.19,2564.66,459,357.11
C06,2024-11,legacy,23,3988,173.4,235,3.87,31.1,2.59,1.134,65.02,60.76,657.46,5565.24,6620.82,201.44,2631.54,459,343.29
C06,2024-12,legacy,20,3510,175.5,251,3.78,30.0,2.5,1.137,67.32,58.05,656.52,4906.44,6856.6,224.27,2516.33,459,348.91
C06,2025-01,legacy,11,1960,178.2,155,3.68,29.8,2.15,1.14,66.87,59.1,757.74,5782.59,6543.4,236.6,2447.25,459,356.82
C06,2025-02,legacy,22,4056,184.4,255,3.53,32.2,1.76,1.143,67.56,59.18,760.35,5149.7,6130.59,227.39,2507.07,459,329.88
C06,2025-03,legacy,23,4013,174.5,186,3.7,31.7,2.29,1.146,69.68,58.6,752.52,5169.84,6727.0,206.65,2602.86,459,355.27
C06,2025-04,legacy,20,3233,161.6,156,3.97,26.0,1.82,1.149,68.5,61.19,673.97,5290.16,7131.88,217.77,2723.08,459,314.78
C06,2025-05,legacy,19,3501,184.3,214,3.46,26.8,2.39,1.152,68.07,58.79,715.1,5364.87,6412.52,237.09,2517.87,459,374.28
C06,2025-06,legacy,13,2439,187.6,150,3.38,29.7,2.3,1.155,68.56,58.77,821.2,5385.34,6952.66,210.31,2674.96,459,285.8
C06,2025-07,legacy,14,2392,170.9,157,3.69,26.7,2.2,1.158,68.94,61.52,747.1,5460.92,6716.83,208.35,2333.9,459,331.76
C06,2025-08,legacy,11,1926,175.1,111,3.59,26.8,2.27,1.16,71.94,63.45,763.41,4832.9,6678.1,210.77,2836.4,459,337.73
C06,2025-09,legacy,20,4087,204.4,207,3.06,27.6,2.01,1.163,68.56,60.03,817.44,4578.13,6784.58,237.55,2867.41,459,308.62
C06,2025-10,legacy,13,2545,195.8,191,3.19,26.5,2.11,1.166,68.47,62.21,855.79,5012.51,7267.07,215.93,2750.07,459,363.96
C06,2025-11,legacy,12,2360,196.7,130,3.17,29.3,2.14,1.169,69.04,62.59,666.62,5306.24,6930.11,229.67,2404.05,459,325.37
C06,2025-12,legacy,18,3454,191.9,197,3.24,31.8,2.44,1.172,70.26,62.26,780.06,4998.95,6573.19,227.15,2959.31,459,321.52
C07,2021-01,legacy,28,4237,151.3,247,6.15,24.9,3.81,1.0,66.02,55.78,711.9,4389.22,6397.31,192.29,2578.91,577,338.21
C07,2021-02,legacy,26,3782,145.5,202,6.39,19.8,3.45,1.003,61.28,57.85,804.69,5076.55,6251.66,210.76,2451.64,577,308.93
C07,2021-03,legacy,22,3416,155.3,189,5.99,21.7,3.45,1.006,62.39,56.98,803.86,5225.13,6408.51,221.94,2511.04,577,404.7
C07,2021-04,legacy,27,4002,148.2,262,6.27,23.4,3.65,1.009,64.83,54.28,727.81,4753.5,5698.65,218.77,2559.21,577,381.95
C07,2021-05,legacy,24,3505,146.0,280,6.37,24.0,3.88,1.012,65.01,55.52,815.16,5325.29,6537.97,203.14,2236.72,577,347.13
C07,2021-06,legacy,23,3447,149.9,187,6.21,26.9,3.13,1.015,64.4,55.63,605.69,5325.38,5913.22,203.29,2554.78,577,378.71
C07,2021-07,legacy,18,2687,149.3,152,6.23,19.1,3.06,1.018,63.21,57.08,745.33,5253.5,6409.47,226.88,2321.74,577,375.53
C07,2021-08,legacy,18,2849,158.3,182,5.88,24.8,3.44,1.02,65.25,52.96,838.35,5014.81,5805.73,225.12,2119.78,577,357.96
C07,2021-09,legacy,22,3114,141.5,224,6.57,22.9,3.47,1.023,65.38,57.36,708.75,5371.47,6215.52,194.38,2445.99,577,365.83
C07,2021-10,legacy,14,2441,174.4,149,5.33,22.2,3.3,1.026,63.93,57.42,675.46,5474.93,6098.03,224.5,2298.13,577,387.87
C07,2021-11,legacy,22,3105,141.1,225,6.59,21.1,3.37,1.029,65.45,53.94,678.0,4725.64,6577.45,181.35,2037.62,577,369.91
C07,2021-12,legacy,15,2193,146.2,138,6.36,25.1,3.53,1.032,64.35,55.6,861.23,5304.0,6191.08,215.83,2266.28,577,343.33
C07,2022-01,legacy,18,2858,158.8,220,5.86,19.4,2.83,1.035,66.26,56.47,757.3,5088.26,6820.54,214.77,2266.35,577,372.59
C07,2022-02,legacy,20,2852,142.6,205,6.52,20.8,3.03,1.038,64.2,57.95,840.42,4749.43,6846.68,223.96,2659.72,577,365.08
C07,2022-03,legacy,24,3497,145.7,212,6.38,19.2,3.42,1.041,65.22,57.75,870.94,5204.23,6354.59,200.42,2286.58,577,408.4
C07,2022-04,legacy,25,3756,150.2,341,6.19,19.9,3.16,1.044,65.5,58.25,919.12,5111.96,6371.68,191.53,2661.17,577,347.13
C07,2022-05,legacy,25,3135,125.4,202,7.42,17.3,3.38,1.047,65.73,56.56,606.53,5371.2,6857.72,216.3,2553.42,577,318.47
C07,2022-06,legacy,28,4073,145.5,257,6.39,28.6,3.45,1.05,67.09,58.82,818.87,5587.97,6557.43,205.29,2555.52,577,319.89
C07,2022-07,legacy,19,2689,141.5,182,6.57,28.1,3.32,1.052,68.15,57.33,733.58,5519.82,7119.43,202.7,2560.02,577,388.69
C07,2022-08,legacy,22,3251,147.8,239,6.29,15.1,3.25,1.055,66.55,59.19,746.51,5299.42,7191.24,220.02,2266.03,577,395.61
C07,2022-09,legacy,23,3555,154.6,245,6.02,17.1,3.14,1.058,66.5,58.94,867.28,5135.09,7122.95,201.68,2501.22,577,352.61
C07,2022-10,legacy,20,3118,155.9,244,5.97,20.0,2.85,1.061,71.1,60.63,661.31,5347.27,6034.28,223.43,2411.76,577,391.78
C07,2022-11,legacy,22,3613,164.2,247,5.66,20.8,3.46,1.064,67.76,58.85,731.86,5232.94,6390.85,213.67,2658.41,577,391.86
C07,2022-12,legacy,25,4091,163.6,260,5.68,23.2,2.91,1.067,68.55,59.27,687.9,5381.61,7194.93,224.49,2569.59,577,344.44
C07,2023-01,legacy,30,4790,159.7,329,5.82,19.7,2.87,1.07,67.97,60.87,868.79,4927.17,6759.13,210.02,2435.69,577,365.7
C07,2023-02,legacy,28,4211,150.4,224,6.14,20.5,3.32,1.073,68.71,59.14,843.09,5745.7,6034.92,217.28,2715.76,577,334.28
C07,2023-03,legacy,20,3229,161.4,168,5.67,21.1,3.12,1.076,68.17,58.9,813.06,4986.59,6737.78,219.66,2875.39,577,384.23
C07,2023-04,legacy,25,3591,143.6,238,6.32,25.5,2.92,1.079,66.81,58.51,706.35,4759.44,6489.25,231.5,2586.69,577,361.49
C07,2023-05,legacy,27,4123,152.7,265,5.88,24.8,2.86,1.082,67.87,58.92,806.91,5217.91,7214.42,214.41,2831.54,577,376.62
C07,2023-06,legacy,15,2532,168.8,168,5.26,26.9,2.88,1.085,68.95,60.07,658.48,4846.21,6772.08,246.67,2458.17,577,357.65
C07,2023-07,legacy,22,3600,163.6,214,5.35,23.0,3.21,1.088,69.14,58.7,720.82,4669.92,7420.59,222.67,2277.89,577,336.48
C07,2023-08,legacy,30,4338,144.6,276,5.98,25.1,3.0,1.09,69.96,59.7,828.14,4818.61,7355.25,224.53,2763.59,577,365.28
C07,2023-09,new,24,3937,164.0,277,5.19,27.6,3.08,1.093,67.95,59.57,727.94,5173.23,7031.68,225.95,2733.05,577,342.16
C07,2023-10,new,21,3848,183.2,240,4.57,24.7,2.79,1.096,67.86,62.31,822.36,5013.75,7057.26,210.61,2709.91,577,325.5
C07,2023-11,new,20,3677,183.8,217,4.48,24.5,2.71,1.099,69.12,62.07,634.07,5520.07,7261.82,215.31,2513.3,577,363.43
C07,2023-12,new,22,4246,193.0,247,4.19,24.2,3.33,1.102,69.46,60.35,795.01,4975.89,7055.23,236.84,2474.58,577,351.24
C07,2024-01,new,19,3152,165.9,204,4.78,28.0,2.82,1.105,68.88,61.02,801.05,5744.9,6372.14,257.11,2489.03,577,427.37
C07,2024-02,new,28,4887,174.5,332,4.46,27.4,2.41,1.108,71.36,62.35,730.37,4942.35,6599.57,199.43,2810.59,577,376.38
C07,2024-03,new,16,3028,189.2,191,4.04,26.1,2.61,1.111,70.15,59.64,852.02,6017.46,6752.23,233.27,2481.08,577,374.4
C07,2024-04,new,27,4983,184.6,246,4.06,27.8,2.75,1.114,70.36,59.95,808.29,5402.18,6443.53,261.53,2525.51,577,349.48
C07,2024-05,new,21,4177,198.9,255,3.7,25.9,2.63,1.117,73.4,61.91,697.6,4947.39,8143.93,223.72,2627.52,577,363.59
C07,2024-06,new,23,4663,202.7,210,3.56,26.5,2.85,1.12,72.39,62.95,740.36,5762.35,6870.75,198.55,2773.24,577,339.32
C07,2024-07,new,16,3361,210.1,190,3.38,30.7,2.63,1.122,71.43,61.72,639.51,5763.89,7762.22,229.13,2923.7,577,358.32
C07,2024-08,new,28,5794,206.9,337,3.38,24.4,2.26,1.125,71.77,62.38,738.24,5495.88,7522.36,197.9,2796.4,577,390.84
C07,2024-09,new,12,2622,218.5,123,3.15,33.1,2.73,1.128,70.13,63.53,756.81,6291.03,7286.08,227.71,2737.39,577,330.22
C07,2024-10,new,25,5597,223.9,375,3.03,24.7,2.79,1.131,70.18,61.95,908.87,5371.76,6939.86,219.89,2554.29,577,322.98
C07,2024-11,new,12,2613,217.8,136,3.08,29.7,3.28,1.134,71.62,62.87,731.62,5340.13,6750.84,227.78,2518.55,577,320.23
C07,2024-12,new,29,5863,202.2,334,3.28,29.3,2.27,1.137,71.46,63.73,862.66,5403.54,6668.99,214.1,2677.8,577,333.32
C07,2025-01,new,18,4269,237.2,199,2.77,26.2,2.73,1.14,72.95,61.56,806.56,5295.51,6992.16,270.47,2849.2,577,321.66
C07,2025-02,new,14,3133,223.8,179,2.91,33.0,2.71,1.143,72.68,63.04,668.96,5552.83,7755.27,267.81,3018.9,577,354.35
C07,2025-03,new,19,4331,227.9,244,2.83,28.5,2.56,1.146,73.68,63.94,730.12,5681.91,6999.79,223.74,3031.41,577,335.06
C07,2025-04,new,19,4288,225.7,238,2.84,31.9,2.37,1.149,70.6,61.8,678.74,5096.64,7426.13,246.61,2560.48,577,313.18
C07,2025-05,new,24,4884,203.5,348,3.13,27.7,2.16,1.152,73.53,61.54,787.92,5335.82,6681.14,250.48,2763.05,577,380.93
C07,2025-06,new,18,4198,233.2,261,2.72,31.1,2.26,1.155,73.85,63.21,679.25,5702.8,7321.5,225.29,3152.18,577,388.62
C07,2025-07,new,15,3257,217.1,137,2.91,31.9,1.82,1.158,73.26,62.19,835.37,5534.47,7788.41,255.85,2999.37,577,375.67
C07,2025-08,new,22,4630,210.5,236,2.99,30.9,2.42,1.16,72.97,63.51,850.66,5420.11,6661.81,229.88,2439.47,577,375.1
C07,2025-09,new,14,3436,245.4,159,2.55,22.5,2.03,1.163,73.6,63.69,897.17,5891.14,7088.3,216.07,2660.55,577,396.2
C07,2025-10,new,25,5585,223.4,289,2.79,30.4,2.71,1.166,74.75,63.89,849.55,5804.37,7253.72,238.09,2674.77,577,362.8
C07,2025-11,new,28,6495,232.0,296,2.68,27.8,2.66,1.169,73.51,64.62,838.91,5758.24,7038.73,221.13,2750.05,577,328.74
C07,2025-12,new,19,4578,240.9,224,2.58,33.0,2.41,1.172,74.32,63.84,831.56,6058.86,7475.07,231.63,2158.59,577,379.78
C08,2021-01,legacy,11,1822,165.6,159,5.61,26.7,5.03,1.0,65.59,60.64,717.96,4749.8,6792.31,197.86,2714.89,697,374.37
C08,2021-02,legacy,7,942,134.6,63,6.91,24.4,5.58,1.003,67.6,58.17,681.02,5359.91,7210.28,234.12,2499.74,697,410.44
C08,2021-03,legacy,15,2154,143.6,158,6.48,20.8,5.29,1.006,69.51,61.71,840.78,5171.95,6469.26,191.03,2778.38,697,382.69
C08,2021-04,legacy,11,1721,156.5,122,5.94,25.4,4.79,1.009,68.27,61.08,745.96,5100.2,6254.69,257.29,2702.78,697,383.63
C08,2021-05,legacy,8,1154,144.2,87,6.45,17.9,4.47,1.012,69.52,61.38,789.58,5703.51,6142.57,231.87,2851.22,697,351.79
C08,2021-06,legacy,9,1110,123.3,91,7.54,20.2,5.06,1.015,69.71,59.96,787.95,5040.1,6968.69,222.87,2687.9,697,370.25
C08,2021-07,legacy,11,1666,151.5,101,6.14,20.6,5.24,1.018,69.12,58.06,716.46,5939.97,6408.25,211.46,2406.41,697,425.2
C08,2021-08,legacy,13,1979,152.2,123,6.11,23.7,5.01,1.02,70.28,59.46,801.65,4909.78,6780.18,236.48,2510.59,697,435.06
C08,2021-09,legacy,18,2836,157.6,168,5.9,21.9,4.54,1.023,69.05,62.7,741.51,5943.73,7153.81,264.04,2554.71,697,319.14
C08,2021-10,legacy,5,761,152.2,62,6.11,20.5,4.51,1.026,69.13,60.75,758.86,5305.9,7101.8,225.88,2419.92,697,475.61
C08,2021-11,legacy,17,2486,146.2,191,6.36,21.1,5.45,1.029,70.35,60.15,931.83,5508.41,6583.13,220.42,2714.67,697,356.63
C08,2021-12,legacy,8,1217,152.1,72,6.11,24.9,5.08,1.032,69.65,62.24,874.55,5767.9,6742.55,229.51,2692.49,697,398.69
C08,2022-01,legacy,10,1498,149.8,100,6.21,22.3,4.92,1.035,70.41,60.7,789.72,5262.12,6335.49,235.98,2692.5,697,384.58
C08,2022-02,legacy,18,2622,145.7,184,6.38,20.6,4.81,1.038,69.31,61.53,775.37,4724.24,7314.3,211.06,2708.74,697,381.08
C08,2022-03,legacy,9,1373,152.6,91,6.1,23.3,4.91,1.041,71.24,62.89,762.46,5598.15,7070.18,263.32,2719.7,697,433.73
C08,2022-04,legacy,14,2148,153.4,142,6.06,20.0,5.32,1.044,69.94,61.49,790.38,5756.18,7009.88,207.67,2575.22,697,310.63
C08,2022-05,legacy,11,1554,141.3,92,6.58,19.0,4.91,1.047,69.66,61.7,796.15,5690.88,8893.82,208.86,2616.7,697,368.33
C08,2022-06,legacy,11,1757,159.7,121,5.82,23.7,4.84,1.05,72.25,62.67,579.92,5427.22,6588.93,244.62,2929.34,697,354.78
C08,2022-07,legacy,12,1894,157.8,113,5.89,33.7,4.43,1.052,70.27,62.74,795.65,5584.52,6263.37,246.53,3087.85,697,453.47
C08,2022-08,legacy,9,1417,157.4,82,5.91,19.9,4.95,1.055,69.65,60.64,894.79,5327.34,6520.06,235.67,2645.35,697,384.82
C08,2022-09,legacy,16,2035,127.2,165,7.31,21.6,4.75,1.058,70.08,63.1,722.41,5335.89,6837.06,225.89,2997.08,697,417.31
C08,2022-10,legacy,15,2268,151.2,153,6.15,22.4,4.77,1.061,75.37,64.65,844.3,5501.69,7957.22,263.04,3082.48,697,402.19
C08,2022-11,legacy,10,1490,149.0,113,6.24,14.8,4.49,1.064,71.28,62.36,941.93,5760.35,6957.15,262.09,2572.38,697,438.59
C08,2022-12,legacy,9,1272,141.3,72,6.58,24.4,4.78,1.067,74.21,60.37,893.86,5551.92,7609.87,222.59,2871.62,697,433.86
C08,2023-01,legacy,13,2022,155.5,139,5.98,19.0,4.51,1.07,74.42,63.74,935.52,6062.85,7647.14,232.78,2821.33,697,400.43
C08,2023-02,legacy,8,1102,137.8,84,6.7,19.8,4.53,1.073,74.46,62.04,817.5,5175.55,6927.84,218.2,2650.82,697,370.75
C08,2023-03,legacy,17,2779,163.5,174,5.6,20.2,4.75,1.076,74.14,66.03,828.06,5365.31,7366.3,223.9,2656.39,697,371.17
C08,2023-04,legacy,13,2032,156.3,134,5.8,22.4,4.85,1.079,73.51,65.39,800.54,5733.26,6765.81,256.57,2864.28,697,379.25
C08,2023-05,legacy,13,1938,149.1,115,6.02,21.4,4.57,1.082,76.33,63.94,889.94,5227.22,7282.79,254.62,2813.2,697,366.62
C08,2023-06,legacy,12,2025,168.8,119,5.26,21.4,4.49,1.085,72.57,66.29,904.99,5393.58,6798.57,241.39,3019.46,697,358.54
C08,2023-07,legacy,10,1605,160.5,117,5.46,22.7,4.79,1.088,74.3,62.04,925.7,5737.29,7771.55,232.62,3177.46,697,404.37
C08,2023-08,legacy,13,2089,160.7,166,5.38,27.4,4.37,1.09,73.7,63.78,839.69,5474.98,6707.71,245.5,2715.4,697,387.25
C08,2023-09,legacy,13,1910,146.9,137,5.79,27.2,4.52,1.093,76.64,67.0,659.65,5559.82,7229.33,238.01,3033.59,697,448.24
C08,2023-10,legacy,10,1656,165.6,81,5.06,24.2,4.59,1.096,76.66,67.86,877.0,5520.53,7438.12,260.27,2831.53,697,340.36
C08,2023-11,legacy,14,2470,176.4,140,4.66,23.6,4.59,1.099,76.88,66.87,799.05,5398.7,6716.44,282.26,2786.35,697,396.6
C08,2023-12,legacy,18,3149,174.9,154,4.62,23.8,4.39,1.102,76.28,67.54,796.71,5375.38,7063.07,245.14,2982.67,697,348.51
C08,2024-01,legacy,8,1223,152.9,90,5.19,18.0,4.23,1.105,76.74,67.06,884.93,5366.48,7323.19,256.44,2931.76,697,429.26
C08,2024-02,legacy,16,2906,181.6,189,4.29,29.1,4.26,1.108,76.31,68.09,836.36,6337.72,7253.1,238.11,2835.73,697,415.81
C08,2024-03,legacy,10,1858,185.8,112,4.11,28.6,4.23,1.111,73.89,68.42,789.3,6388.3,7436.6,231.54,2734.21,697,366.79
C08,2024-04,legacy,8,1433,179.1,85,4.18,27.6,3.98,1.114,73.0,68.34,815.93,5338.22,9068.31,273.6,2739.82,697,444.12
C08,2024-05,legacy,6,1007,167.8,53,4.38,24.2,4.29,1.117,77.99,65.23,937.44,5979.99,7521.77,255.11,3049.18,697,406.59
C08,2024-06,legacy,8,1265,158.1,69,4.57,19.3,3.84,1.12,78.53,64.52,791.58,5984.92,7631.32,254.31,2869.49,697,466.42
C08,2024-07,legacy,8,1321,165.1,78,4.3,24.5,4.2,1.122,78.26,68.63,1004.36,6029.17,7248.73,261.26,2904.9,697,408.96
C08,2024-08,legacy,10,1697,169.7,99,4.12,28.2,4.63,1.125,75.57,66.89,936.41,6170.02,7349.2,272.38,3218.84,697,394.8
C08,2024-09,legacy,5,899,179.8,41,3.83,25.6,4.41,1.128,78.07,66.24,985.19,5788.16,7950.93,260.25,3224.05,697,392.21
C08,2024-10,legacy,11,2023,183.9,107,3.69,30.2,4.32,1.131,75.25,68.86,1156.53,6169.57,7327.53,267.05,3064.94,697,404.88
C08,2024-11,legacy,8,1368,171.0,87,3.92,27.3,4.02,1.134,76.29,69.14,872.56,6128.13,7156.79,253.28,2938.64,697,376.5
C08,2024-12,legacy,10,1627,162.7,80,4.08,24.8,4.87,1.137,78.22,68.31,834.83,6009.23,7391.72,230.97,2725.59,697,348.13
C08,2025-01,legacy,9,1583,175.9,86,3.73,32.4,4.18,1.14,78.3,67.41,874.87,6229.45,6409.63,299.62,2985.88,697,412.86
C08,2025-02,legacy,16,2672,167.0,128,3.9,29.9,3.78,1.143,77.03,68.24,797.12,6269.86,7806.56,231.4,3070.89,697,369.02
C08,2025-03,legacy,12,2360,196.7,100,3.28,32.6,3.63,1.146,77.08,71.86,937.09,6247.68,7390.67,246.47,2729.19,697,363.61
C08,2025-04,legacy,9,1520,168.9,104,3.8,25.9,4.2,1.149,79.33,70.4,977.08,5948.46,6920.54,297.96,3319.44,697,428.17
C08,2025-05,legacy,11,2065,187.7,136,3.39,29.7,3.73,1.152,81.32,69.08,987.22,6060.72,7575.43,238.81,3200.86,697,412.87
C08,2025-06,legacy,11,2112,192.0,89,3.3,29.0,3.99,1.155,80.39,67.42,810.11,6635.38,6997.69,266.9,3336.17,697,428.19
C08,2025-07,legacy,11,1897,172.5,103,3.66,28.9,4.04,1.158,81.54,69.9,786.09,6001.32,8291.22,233.55,3103.11,697,413.7
C08,2025-08,legacy,8,1558,194.8,115,3.23,25.6,4.21,1.16,80.59,71.5,855.92,6069.8,8263.74,274.35,3255.29,697,426.81
C08,2025-09,legacy,12,2182,181.8,113,3.44,26.1,4.11,1.163,79.24,69.0,929.44,5998.79,7725.29,222.13,2937.84,697,373.19
C08,2025-10,legacy,7,1225,175.0,69,3.57,33.5,4.28,1.166,79.13,70.07,718.13,6096.08,7327.39,245.4,3058.43,697,342.94
C08,2025-11,legacy,9,1562,173.6,88,3.59,23.8,3.85,1.169,78.43,67.62,965.67,6167.66,7403.4,249.78,2949.81,697,398.09
C08,2025-12,legacy,9,1666,185.1,92,3.36,32.2,4.21,1.172,80.78,72.25,769.04,6131.57,7138.63,231.73,2924.11,697,347.44
C09,2021-01,legacy,33,5269,159.7,293,5.82,21.9,5.01,1.0,54.66,46.03,593.25,4298.14,5377.84,149.36,2353.28,600,321.98
C09,2021-02,legacy,34,4535,133.4,409,6.97,22.1,4.85,1.003,55.21,47.14,517.51,4131.5,4855.28,205.57,2090.74,600,263.62
C09,2021-03,legacy,18,2794,155.2,219,5.99,22.8,4.81,1.006,54.48,47.31,572.35,3966.06,5331.2,177.19,2134.18,600,303.79
C09,2021-04,legacy,21,3112,148.2,222,6.28,18.9,5.4,1.009,54.56,47.99,710.69,4022.85,5179.32,166.35,2139.94,600,294.46
C09,2021-05,legacy,24,3429,142.9,190,6.51,20.7,4.84,1.012,54.78,48.56,550.75,4677.83,5684.16,207.85,2333.04,600,331.24
C09,2021-06,legacy,19,2824,148.6,153,6.26,18.0,5.08,1.015,54.37,46.89,552.48,4224.86,5568.73,169.64,2232.74,600,315.7
C09,2021-07,legacy,18,2690,149.4,202,6.22,22.6,4.9,1.018,55.65,45.84,589.56,4282.01,5881.2,178.58,2176.96,600,344.59
C09,2021-08,legacy,23,3428,149.0,204,6.24,25.4,4.6,1.02,52.87,47.37,545.66,4012.44,5259.05,171.86,1976.84,600,311.68
C09,2021-09,legacy,25,3927,157.1,273,5.92,16.1,4.47,1.023,56.29,46.82,640.64,3808.17,5298.71,185.69,2211.32,600,268.09
C09,2021-10,legacy,15,2124,141.6,136,6.57,25.2,4.72,1.026,57.14,46.84,662.51,4567.04,5019.87,171.92,1927.37,600,303.93
C09,2021-11,legacy,27,4551,168.6,247,5.52,26.4,4.8,1.029,56.96,49.42,673.17,4158.21,4784.28,162.35,2152.53,600,291.75
C09,2021-12,legacy,27,4263,157.9,257,5.89,23.9,5.19,1.032,57.11,48.79,593.22,4428.71,5498.49,180.56,2137.63,600,302.07
C09,2022-01,legacy,25,3607,144.3,221,6.45,24.2,4.4,1.035,54.18,49.44,642.28,4038.87,5925.9,172.08,2044.59,600,316.96
C09,2022-02,legacy,22,2929,133.1,262,6.99,24.2,4.62,1.038,57.16,49.73,674.75,4274.45,5247.21,187.28,2236.76,600,282.9
C09,2022-03,legacy,17,2540,149.4,133,6.22,17.3,4.22,1.041,56.67,49.14,653.64,4146.21,5262.79,167.95,2217.5,600,310.73
C09,2022-04,legacy,17,2482,146.0,157,6.37,18.4,4.83,1.044,57.21,49.96,609.77,4431.97,5701.53,183.74,2187.47,600,254.74
C09,2022-05,legacy,24,3757,156.5,286,5.94,20.8,5.07,1.047,55.58,49.43,602.84,4282.79,5216.05,175.41,1941.99,600,303.34
C09,2022-06,legacy,19,2971,156.4,183,5.95,21.5,4.3,1.05,56.76,48.95,584.68,4410.2,5862.04,206.46,2148.16,600,300.3
C09,2022-07,legacy,21,3530,168.1,212,5.53,27.9,4.0,1.052,56.13,49.45,756.16,4690.05,5480.05,211.71,2094.31,600,258.56
C09,2022-08,legacy,23,3417,148.6,254,6.26,27.3,4.62,1.055,57.75,49.28,600.23,4534.14,5951.12,172.94,2277.15,600,340.51
C09,2022-09,legacy,16,2513,157.1,175,5.92,27.1,4.53,1.058,57.19,52.57,615.99,3794.11,5428.42,169.44,2571.11,600,285.76
C09,2022-10,legacy,23,3357,146.0,227,6.37,19.0,4.62,1.061,57.46,50.68,639.6,4529.09,6381.09,203.11,2189.23,600,306.05
C09,2022-11,legacy,25,3661,146.4,209,6.35,19.0,4.56,1.064,56.77,51.38,664.26,4440.05,4988.8,193.21,2337.25,600,313.84
C09,2022-12,legacy,18,2959,164.4,186,5.66,24.2,4.53,1.067,55.76,48.71,635.78,4602.88,6144.15,201.06,2188.67,600,289.09
C09,2023-01,legacy,17,2526,148.6,160,6.26,19.4,4.45,1.07,57.83,49.63,589.76,3921.47,5904.47,236.58,2243.77,600,285.55
C09,2023-02,legacy,30,4488,149.6,326,6.17,22.6,4.3,1.073,58.03,50.02,717.82,4784.55,5870.86,174.07,2235.95,600,320.8
C09,2023-03,legacy,23,3409,148.2,271,6.18,24.7,4.66,1.076,56.66,51.92,792.26,4504.29,5162.63,178.26,2408.32,600,253.7
C09,2023-04,legacy,26,4041,155.4,235,5.84,24.1,4.03,1.079,58.28,48.86,645.78,4816.81,5900.53,169.78,2500.32,600,305.74
C09,2023-05,legacy,23,3659,159.1,309,5.64,25.0,4.63,1.082,58.22,49.91,702.61,4022.96,6145.92,199.71,2325.51,600,324.6
C09,2023-06,legacy,22,3377,153.5,291,5.78,25.6,4.38,1.085,61.26,49.81,600.48,3997.72,5258.35,175.06,2155.67,600,315.57
C09,2023-07,legacy,23,3346,145.5,247,6.02,25.0,4.25,1.088,59.76,51.23,744.26,4238.31,6056.29,187.68,2756.12,600,259.99
C09,2023-08,legacy,22,3532,160.5,193,5.38,23.2,3.89,1.09,59.3,50.99,580.76,4480.54,5259.13,191.74,2109.5,600,307.96
C09,2023-09,legacy,13,1963,151.0,132,5.64,27.7,4.6,1.093,58.61,52.88,644.19,4643.51,5969.93,179.43,2141.18,600,299.66
C09,2023-10,legacy,13,2039,156.8,114,5.34,28.0,4.1,1.096,60.29,51.45,675.93,4722.9,5556.82,187.95,2225.22,600,268.67
C09,2023-11,legacy,24,3936,164.0,208,5.02,25.9,4.28,1.099,59.41,50.1,674.57,4534.88,6681.76,199.04,2353.56,600,320.16
C09,2023-12,legacy,18,2989,166.1,200,4.87,28.4,4.35,1.102,60.91,51.99,662.04,5215.82,5842.67,182.54,2321.95,600,356.49
C09,2024-01,legacy,27,3876,143.6,282,5.53,23.5,4.08,1.105,58.23,52.88,748.93,4695.58,5797.21,193.49,2483.24,600,336.07
C09,2024-02,legacy,25,4625,185.0,231,4.21,26.7,4.07,1.108,59.71,52.46,616.92,4626.95,5691.07,201.25,2219.69,600,281.68
C09,2024-03,legacy,19,3361,176.9,212,4.32,33.7,4.14,1.111,60.03,51.85,724.3,4908.09,6127.65,211.41,2449.9,600,324.83
C09,2024-04,legacy,27,5165,191.3,331,3.92,26.1,4.04,1.114,61.63,52.59,557.13,4281.74,5505.1,204.28,2277.33,600,325.62
C09,2024-05,legacy,24,4798,199.9,244,3.68,26.6,4.07,1.117,62.34,51.99,681.85,4895.26,6109.77,192.92,2114.78,600,308.14
C09,2024-06,legacy,14,2289,163.5,146,4.42,20.9,4.04,1.12,60.9,53.09,723.03,4797.33,5946.91,203.34,2316.02,600,343.2
C09,2024-07,legacy,13,2191,168.5,117,4.21,27.5,3.87,1.122,64.9,53.82,587.21,5198.98,5621.08,201.48,2185.02,600,368.07
C09,2024-08,legacy,17,3031,178.3,173,3.92,30.1,3.82,1.125,62.16,54.72,731.8,4668.46,5692.79,202.8,2283.28,600,334.98
C09,2024-09,legacy,20,3742,187.1,296,3.68,27.1,3.9,1.128,62.67,53.44,637.47,4702.57,6088.24,159.88,2110.41,600,290.15
C09,2024-10,legacy,20,3447,172.4,216,3.94,26.7,3.74,1.131,64.26,51.88,658.87,5065.33,6073.57,199.33,2453.07,600,305.6
C09,2024-11,legacy,23,4032,175.3,240,3.83,27.5,4.03,1.134,61.04,53.14,654.31,4395.4,5596.72,221.52,2272.16,600,293.61
C09,2024-12,legacy,17,3257,191.6,197,3.46,22.0,4.13,1.137,61.63,53.54,658.88,5315.52,5644.0,191.17,2342.36,600,304.5
C09,2025-01,legacy,14,2391,170.8,141,3.84,24.1,3.95,1.14,60.58,54.16,706.03,4479.85,6169.37,189.93,2412.63,600,323.54
C09,2025-02,legacy,29,5313,183.2,330,3.55,28.7,4.19,1.143,59.87,54.48,676.91,4940.72,6395.63,219.48,2498.21,600,263.28
C09,2025-03,legacy,22,4262,193.7,244,3.33,28.7,3.71,1.146,61.25,54.11,736.24,5318.51,6192.4,173.22,2442.39,600,341.44
C09,2025-04,legacy,28,5012,179.0,269,3.58,30.3,3.97,1.149,61.33,54.08,689.39,5070.85,5757.84,171.9,2529.3,600,310.22
C09,2025-05,legacy,26,4968,191.1,310,3.33,28.6,3.7,1.152,64.77,54.19,751.27,4719.85,6417.31,191.57,2374.16,600,314.0
C09,2025-06,legacy,22,3989,181.3,206,3.5,27.4,3.68,1.155,62.71,54.74,765.1,5000.09,6496.41,229.0,2392.73,600,331.14
C09,2025-07,legacy,26,4320,166.2,253,3.8,24.4,3.58,1.158,63.67,55.59,608.57,4976.51,6148.75,183.97,2230.55,600,319.7
C09,2025-08,legacy,22,3898,177.2,266,3.55,34.9,3.85,1.16,63.48,52.63,574.47,5076.57,5975.48,190.49,2449.07,600,302.16
C09,2025-09,legacy,22,3984,181.1,279,3.46,30.3,3.94,1.163,61.32,54.97,830.19,4802.32,7275.25,164.81,2484.64,600,344.8
C09,2025-10,legacy,15,2697,179.8,181,3.47,29.7,3.68,1.166,61.36,55.18,598.78,4819.91,6098.04,200.02,2296.52,600,307.82
C09,2025-11,legacy,23,4229,183.9,240,3.39,31.0,3.64,1.169,61.96,55.56,624.11,4626.23,5884.61,223.16,2324.47,600,286.85
C09,2025-12,legacy,19,3575,188.2,199,3.3,30.1,3.91,1.172,61.81,55.55,754.25,4772.52,6164.79,233.75,2496.27,600,345.86
C10,2021-01,legacy,18,2737,152.1,172,6.12,25.9,3.58,1.0,57.21,49.69,729.38,4053.52,5451.27,190.11,1921.56,577,306.29
C10,2021-02,legacy,16,2416,151.0,198,6.16,26.2,4.0,1.003,55.52,46.95,540.63,4659.47,5953.14,183.83,2231.45,577,344.64
C10,2021-03,legacy,18,2619,145.5,144,6.39,20.4,3.66,1.006,56.79,46.99,584.07,4230.74,5363.56,198.25,2162.91,577,303.65
C10,2021-04,legacy,20,2947,147.4,256,6.31,23.6,4.08,1.009,56.91,48.59,642.9,4555.1,6047.12,164.46,1945.53,577,323.96
C10,2021-05,legacy,23,3356,145.9,252,6.37,27.2,4.1,1.012,55.88,48.76,659.69,4729.86,5400.8,194.34,2058.7,577,312.65
C10,2021-06,legacy,30,4320,144.0,252,6.46,17.2,3.62,1.015,55.31,48.93,667.9,4223.66,5784.63,161.55,2146.63,577,368.04
C10,2021-07,legacy,21,3404,162.1,149,5.74,21.3,4.22,1.018,57.06,51.37,671.38,4319.44,5294.58,190.92,2290.39,577,334.99
C10,2021-08,legacy,27,3590,133.0,191,6.99,20.5,3.8,1.02,55.93,48.64,690.27,4701.61,5560.09,186.58,2152.88,577,355.81
C10,2021-09,legacy,19,2873,151.2,203,6.15,23.2,3.8,1.023,57.88,47.93,607.65,4490.72,5674.98,173.77,2164.37,577,335.9
C10,2021-10,legacy,18,2430,135.0,184,6.89,22.5,3.98,1.026,57.56,51.32,592.82,4293.8,5733.77,194.37,2358.85,577,327.46
C10,2021-11,legacy,27,3880,143.7,226,6.47,22.7,3.83,1.029,60.23,51.18,540.09,4235.35,5359.7,174.08,1996.85,577,300.24
C10,2021-12,legacy,25,3908,156.3,239,5.95,23.0,4.1,1.032,56.09,50.69,601.67,4552.79,5684.71,172.82,2425.73,577,310.0
C10,2022-01,legacy,28,4098,146.4,240,6.35,18.7,3.68,1.035,60.21,50.11,600.63,4242.16,5580.04,192.17,1942.7,577,295.06
C10,2022-02,legacy,19,3078,162.0,218,5.74,23.5,3.72,1.038,57.1,50.09,588.5,4746.03,5229.91,181.5,2281.71,577,350.94
C10,2022-03,legacy,25,3513,140.5,217,6.62,27.1,3.55,1.041,59.04,49.84,598.24,4495.42,5957.37,173.8,1991.21,577,334.06
C10,2022-04,legacy,35,5114,146.1,345,6.36,21.5,3.37,1.044,57.22,50.04,683.79,4065.86,5030.82,190.99,2032.59,577,330.6
C10,2022-05,legacy,18,2576,143.1,175,6.5,17.4,3.6,1.047,57.23,51.46,642.26,4022.96,5993.91,157.44,2194.94,577,361.3
C10,2022-06,legacy,11,1636,148.7,112,6.25,23.6,3.33,1.05,57.91,50.04,681.11,4916.96,5729.25,172.68,2231.4,577,260.65
C10,2022-07,legacy,18,2625,145.8,174,6.38,19.0,3.41,1.052,59.26,51.97,679.04,4569.89,6017.84,167.17,2400.53,577,280.85
C10,2022-08,legacy,25,3630,145.2,259,6.4,22.7,3.74,1.055,61.35,51.71,625.4,4193.98,5592.46,200.1,2309.9,577,324.15
C10,2022-09,legacy,14,2090,149.3,175,6.23,21.6,3.9,1.058,60.19,53.03,701.88,4448.01,5977.4,201.01,2330.91,577,328.37
C10,2022-10,legacy,14,2222,158.7,153,5.86,23.0,3.75,1.061,59.57,51.57,765.46,4440.33,6017.79,208.58,2321.7,577,342.95
C10,2022-11,legacy,16,2396,149.8,153,6.21,21.8,3.73,1.064,58.91,51.81,673.27,4378.28,5746.15,189.52,2173.32,577,331.64
C10,2022-12,legacy,24,3572,148.8,191,6.25,23.1,3.51,1.067,56.95,52.66,671.7,4234.73,5958.81,185.67,2201.55,577,317.99
C10,2023-01,legacy,28,4079,145.7,251,6.38,29.9,3.54,1.07,58.11,51.36,719.08,4790.18,6000.7,189.95,2339.26,577,317.24
C10,2023-02,legacy,17,2426,142.7,160,6.47,21.8,3.68,1.073,61.83,52.39,711.36,4382.46,6330.98,194.18,2230.49,577,318.51
C10,2023-03,legacy,26,3568,137.2,267,6.67,20.8,3.45,1.076,60.74,53.37,625.59,4790.16,6288.51,209.59,2424.58,577,336.94
C10,2023-04,legacy,29,4100,141.4,260,6.42,17.0,3.23,1.079,59.15,52.28,789.5,4510.21,6201.78,191.2,2393.84,577,334.18
C10,2023-05,legacy,19,2886,151.9,209,5.91,23.0,3.38,1.082,60.68,53.53,715.7,4610.63,6049.77,199.06,2084.32,577,328.92
C10,2023-06,legacy,26,3537,136.0,249,6.52,21.4,3.71,1.085,60.32,53.8,580.8,4247.91,5893.37,178.38,2358.14,577,279.75
C10,2023-07,legacy,17,2721,160.1,204,5.47,19.7,3.27,1.088,61.48,54.08,681.65,4436.98,5666.02,204.42,2485.04,577,313.96
C10,2023-08,legacy,25,3782,151.3,269,5.71,20.6,2.85,1.09,62.45,52.73,630.17,4575.61,5415.3,184.31,2056.93,577,348.06
C10,2023-09,legacy,17,2515,147.9,110,5.75,29.2,3.21,1.093,60.15,54.03,669.66,4837.47,6083.5,211.27,2242.4,577,318.53
C10,2023-10,legacy,30,4588,152.9,237,5.47,25.6,3.28,1.096,62.45,53.04,664.89,4293.7,6202.72,195.3,2456.8,577,299.57
C10,2023-11,legacy,20,3321,166.0,249,4.96,23.5,3.43,1.099,60.44,53.24,780.33,4856.44,5904.68,188.55,2240.84,577,279.05
C10,2023-12,legacy,24,3956,164.8,276,4.9,21.7,3.59,1.102,59.83,50.37,872.81,4539.16,5346.2,207.41,2410.47,577,266.29
C10,2024-01,legacy,28,4633,165.5,294,4.79,24.8,3.18,1.105,61.81,52.79,710.34,5325.94,5711.8,209.28,2426.3,577,320.92
C10,2024-02,legacy,23,4209,183.0,228,4.25,27.7,3.07,1.108,63.09,54.93,644.94,5163.17,6503.1,217.12,2486.51,577,342.76
C10,2024-03,new,17,3711,218.3,155,3.5,28.4,2.73,1.111,58.89,52.42,559.15,4566.19,6250.22,188.59,2001.59,577,334.57
C10,2024-04,new,25,4473,178.9,322,4.19,26.6,3.56,1.114,62.7,53.92,715.99,4662.67,6810.26,210.3,2439.71,577,330.8
C10,2024-05,new,21,4361,207.7,218,3.54,28.3,2.25,1.117,62.3,54.24,626.33,5447.41,5942.79,205.37,2499.34,577,331.48
C10,2024-06,new,20,3826,191.3,216,3.78,26.8,2.8,1.12,60.01,54.2,702.74,5166.98,6374.82,223.26,2518.57,577,299.79
C10,2024-07,new,16,2997,187.3,187,3.79,28.3,3.2,1.122,64.51,54.32,719.27,4674.78,6442.34,205.02,2669.5,577,335.91
C10,2024-08,new,22,4401,200.0,230,3.49,29.8,3.0,1.125,64.94,54.54,847.78,4147.79,5946.0,192.76,2364.28,577,275.81
C10,2024-09,new,28,6229,222.5,394,3.1,30.0,2.92,1.128,65.04,55.52,784.46,4432.61,6876.46,218.96,2494.13,577,363.09
C10,2024-10,new,19,3949,207.8,205,3.27,32.5,2.99,1.131,63.06,55.0,689.57,5254.64,6246.02,199.45,2322.79,577,347.98
C10,2024-11,new,28,5824,208.0,304,3.23,27.0,3.27,1.134,66.31,55.02,737.19,5054.49,6086.56,235.68,2626.17,577,324.88
C10,2024-12,new,23,5412,235.3,370,2.82,30.3,3.04,1.137,63.98,55.81,630.76,4916.06,6062.02,236.94,2407.89,577,297.46
C10,2025-01,new,24,5396,224.8,320,2.92,25.1,3.1,1.14,65.04,56.4,710.36,5165.23,6230.78,200.05,2447.73,577,308.38
C10,2025-02,new,26,5684,218.6,344,2.98,28.9,2.9,1.143,64.31,56.01,724.38,5009.4,6213.56,201.55,2501.56,577,282.41
C10,2025-03,new,18,4441,246.7,236,2.62,37.5,2.66,1.146,65.7,55.44,732.67,4931.03,6954.41,187.27,2539.76,577,342.25
C10,2025-04,new,22,5040,229.1,266,2.8,32.7,2.98,1.149,65.83,57.9,719.46,4865.13,5982.11,219.32,2256.56,577,327.29
C10,2025-05,new,26,5564,214.0,368,2.98,27.4,2.83,1.152,62.9,55.78,672.64,5206.31,6476.71,228.32,2567.03,577,307.4
C10,2025-06,new,22,4627,210.3,278,3.01,29.4,2.83,1.155,62.88,54.47,704.92,4804.15,6873.84,211.87,2534.98,577,322.33
C10,2025-07,new,16,3516,219.8,147,2.87,27.8,2.6,1.158,66.15,58.21,942.31,5282.82,5738.81,196.44,2533.85,577,310.83
C10,2025-08,new,21,4798,228.5,307,2.75,29.8,2.72,1.16,66.04,56.03,776.97,5142.85,6173.88,236.09,2360.69,577,301.38
C10,2025-09,new,22,5280,240.0,289,2.61,31.2,2.44,1.163,65.8,57.32,710.73,4583.98,6632.66,239.55,2271.03,577,287.34
C10,2025-10,new,19,4544,239.2,242,2.61,33.7,2.41,1.166,66.94,58.3,774.09,5467.14,6477.51,208.76,2294.12,577,336.9
C10,2025-11,new,18,4128,229.3,246,2.72,35.2,3.04,1.169,62.98,56.9,708.28,5283.75,6443.91,207.81,2118.96,577,277.15
C10,2025-12,new,15,3188,212.5,166,2.92,20.6,2.79,1.172,63.32,55.7,678.44,5169.67,6576.69,203.48,2557.03,577,311.39
C11,2021-01,legacy,41,6508,158.7,520,5.86,17.7,4.97,1.0,64.24,57.71,752.7,5752.38,5692.32,217.11,2606.57,555,315.18
C11,2021-02,legacy,25,3773,150.9,253,6.16,22.1,5.02,1.003,65.13,56.09,670.8,5136.85,6575.36,221.27,2432.56,555,328.15
C11,2021-03,legacy,32,4495,140.5,362,6.62,26.7,5.43,1.006,63.6,56.27,702.45,4966.41,6130.92,218.69,2306.5,555,334.71
C11,2021-04,legacy,31,4316,139.2,265,6.68,20.4,5.1,1.009,65.79,56.38,772.44,4581.24,5982.67,217.78,2386.79,555,391.89
C11,2021-05,legacy,30,4560,152.0,322,6.12,24.0,5.3,1.012,65.05,57.06,761.91,5340.42,6591.2,198.6,2445.64,555,343.02
C11,2021-06,legacy,43,6584,153.1,405,6.07,22.8,5.35,1.015,66.76,57.89,889.95,5337.5,6115.45,217.76,2206.09,555,325.15
C11,2021-07,legacy,40,6299,157.5,369,5.91,18.5,5.59,1.018,66.37,57.52,606.93,4779.54,6324.47,219.23,2324.81,555,371.01
C11,2021-08,legacy,31,4317,139.3,333,6.68,24.6,4.93,1.02,66.5,56.7,730.01,5222.9,6346.75,244.49,2457.26,555,339.67
C11,2021-09,legacy,30,5048,168.3,306,5.53,24.6,5.24,1.023,62.74,56.54,761.83,5228.07,6159.23,231.8,2486.59,555,322.17
C11,2021-10,legacy,33,4431,134.3,320,6.93,25.3,5.32,1.026,66.13,56.64,883.58,4705.81,6654.57,198.5,2288.15,555,324.87
C11,2021-11,legacy,36,5381,149.5,383,6.22,20.9,5.41,1.029,67.65,57.52,734.85,5119.57,6173.48,213.76,2659.34,555,356.81
C11,2021-12,legacy,34,5524,162.5,358,5.72,24.4,5.22,1.032,63.75,60.23,764.37,5310.45,7091.4,230.4,2338.02,555,355.83
C11,2022-01,new,35,5584,159.5,365,5.83,21.1,4.82,1.035,65.74,57.98,716.96,5157.3,6709.17,220.49,2288.52,555,350.44
C11,2022-02,new,31,4382,141.4,304,6.58,21.4,5.05,1.038,67.72,56.28,670.83,5617.89,6635.44,227.18,2542.26,555,382.3
C11,2022-03,new,27,4196,155.4,278,5.98,19.0,4.8,1.041,67.52,59.56,823.47,5147.47,7298.07,201.35,2395.37,555,375.47
C11,2022-04,new,34,5485,161.3,367,5.76,22.1,4.84,1.044,67.96,60.45,712.71,4973.99,6447.22,219.18,2596.43,555,371.81
C11,2022-05,new,34,5323,156.6,342,5.94,24.0,4.79,1.047,67.97,59.77,726.86,4699.15,6647.68,222.2,2547.41,555,379.79
C11,2022-06,new,30,4232,141.1,248,6.59,18.5,5.1,1.05,67.34,60.94,852.38,5138.11,6955.77,213.13,2586.3,555,364.04
C11,2022-07,new,28,4636,165.6,284,5.62,26.3,4.87,1.052,66.17,59.49,845.08,4939.71,6583.61,204.79,2614.37,555,294.85
C11,2022-08,new,46,6239,135.6,401,6.86,20.7,4.95,1.055,66.02,59.01,679.1,4996.37,6857.6,254.34,2658.19,555,368.61
C11,2022-09,new,29,4351,150.0,265,6.2,23.5,4.85,1.058,70.59,59.16,842.37,4978.52,6867.01,228.11,2571.23,555,380.5
C11,2022-10,new,42,5889,140.2,480,6.63,21.1,5.4,1.061,66.57,60.29,902.73,5220.74,6503.63,208.87,2777.75,555,377.2
C11,2022-11,new,40,5830,145.8,438,6.38,20.5,5.27,1.064,67.7,61.68,763.77,5478.51,6953.15,225.4,2604.68,555,362.04
C11,2022-12,new,36,5277,146.6,355,6.34,21.1,4.77,1.067,68.7,59.28,891.36,5328.28,6462.54,248.21,2734.2,555,379.98
C11,2023-01,new,28,4314,154.1,204,6.04,20.3,4.6,1.13,73.85,62.91,766.2,5775.03,7523.05,213.3,2591.1,555,374.06
C11,2023-02,new,33,4621,140.0,250,6.59,14.1,4.46,1.133,71.58,62.59,931.53,5648.7,7743.99,279.52,2428.73,555,318.46
C11,2023-03,new,31,4808,155.1,308,5.9,22.0,4.84,1.136,75.96,62.52,862.74,5469.27,7176.43,230.58,2686.48,555,404.64
C11,2023-04,new,37,6210,167.8,499,5.41,26.3,4.68,1.139,72.71,64.55,752.47,5776.9,7298.53,250.38,2798.31,555,353.36
C11,2023-05,new,44,6964,158.3,500,5.67,23.1,4.52,1.142,74.08,64.78,769.79,5629.6,7758.08,224.49,2596.04,555,383.34
C11,2023-06,new,31,5130,165.5,297,5.36,21.5,4.99,1.145,72.28,65.48,1042.72,5114.91,7144.54,235.38,2666.14,555,298.8
C11,2023-07,new,36,6021,167.2,384,5.24,22.9,4.61,1.148,72.96,65.42,765.07,6275.11,8184.54,226.02,2650.64,555,315.87
C11,2023-08,new,29,4603,158.7,337,5.44,20.2,4.72,1.15,73.41,64.44,1114.65,6050.89,7053.22,227.59,2698.28,555,340.58
C11,2023-09,new,31,5132,165.5,411,5.14,23.7,4.62,1.153,75.47,65.1,738.6,5714.09,6709.8,234.96,2713.55,555,374.97
C11,2023-10,new,39,6757,173.3,357,4.83,25.1,4.56,1.156,73.17,64.05,816.93,5394.38,7972.44,273.29,2927.48,555,374.32
C11,2023-11,new,25,4538,181.5,360,4.53,23.4,4.69,1.159,73.71,66.33,897.2,5816.13,7356.23,250.84,2471.58,555,362.67
C11,2023-12,new,32,6515,203.6,387,3.97,26.4,4.33,1.162,78.2,65.7,743.18,5250.05,7543.06,249.28,2509.57,555,351.6
C11,2024-01,new,34,6898,202.9,406,3.91,28.3,4.42,1.165,79.22,64.82,894.73,6215.51,6809.82,227.54,2752.37,555,343.51
C11,2024-02,new,35,6382,182.3,413,4.27,32.5,4.65,1.168,77.11,65.66,841.43,4976.32,7627.17,209.29,3321.51,555,391.89
C11,2024-03,new,36,6708,186.3,450,4.1,22.7,4.59,1.171,74.83,67.97,1084.81,5532.89,7919.46,255.62,3231.85,555,391.41
C11,2024-04,new,32,5864,183.2,391,4.09,29.0,4.54,1.174,73.49,63.79,838.27,5991.95,7558.28,247.05,3007.76,555,402.34
C11,2024-05,new,42,7241,172.4,491,4.27,23.7,4.37,1.177,74.94,67.24,826.89,6329.8,6469.12,246.72,2846.73,555,350.11
C11,2024-06,new,40,8729,218.2,495,3.31,24.7,4.55,1.18,74.13,65.27,887.44,5776.53,8138.63,242.89,3210.38,555,331.95
C11,2024-07,new,40,8454,211.4,442,3.36,35.4,4.67,1.182,77.27,66.0,1072.9,6070.55,7399.8,265.14,2864.92,555,376.88
C11,2024-08,new,41,7562,184.4,585,3.79,26.3,4.45,1.185,75.87,68.38,784.94,6054.17,7897.95,227.79,3013.84,555,300.72
C11,2024-09,new,39,8202,210.3,355,3.27,26.8,4.43,1.188,78.44,66.63,968.77,6457.32,7557.52,278.47,3137.79,555,374.09
C11,2024-10,new,33,8089,245.1,371,2.77,24.0,4.12,1.191,79.77,67.27,997.7,6361.82,7574.09,254.34,2577.57,555,328.3
C11,2024-11,new,31,6855,221.1,350,3.03,29.7,4.98,1.194,78.51,67.28,974.97,5959.43,7853.08,218.05,2884.18,555,411.72
C11,2024-12,new,33,7370,223.3,387,2.97,33.4,4.23,1.197,78.59,65.74,806.13,6111.28,7756.76,262.28,2673.78,555,405.92
C11,2025-01,new,32,7073,221.0,398,2.97,27.4,4.5,1.2,76.74,68.65,1109.21,5330.23,7262.28,261.76,2979.93,555,387.35
C11,2025-02,new,29,6085,209.8,295,3.1,29.3,4.1,1.203,79.89,66.98,827.43,5186.45,7617.12,235.64,3538.57,555,358.45
C11,2025-03,new,27,5561,206.0,276,3.13,27.9,3.96,1.206,75.48,69.23,870.47,6198.79,7861.29,250.18,3142.7,555,356.43
C11,2025-04,new,31,6552,211.4,309,3.03,29.9,4.0,1.209,76.46,65.59,806.65,5945.05,8328.31,265.92,2734.79,555,374.29
C11,2025-05,new,37,8335,225.3,523,2.83,29.6,4.28,1.212,77.58,67.95,895.18,6049.08,7828.46,270.94,3085.16,555,352.87
C11,2025-06,new,35,7732,220.9,403,2.87,35.3,4.2,1.215,78.67,67.55,847.34,6228.98,8196.08,242.3,3168.96,555,401.17
C11,2025-07,new,31,7273,234.6,485,2.69,30.6,3.95,1.218,76.58,69.89,989.85,5275.19,7576.98,247.32,3363.14,555,284.87
C11,2025-08,new,39,9788,251.0,517,2.5,32.7,4.29,1.22,76.16,68.22,782.58,6413.61,7438.39,250.48,3129.93,555,343.06
C11,2025-09,new,41,9613,234.5,494,2.67,27.0,4.28,1.223,77.69,67.95,861.95,5987.58,7563.43,276.22,2783.67,555,400.6
C11,2025-10,new,42,10017,238.5,440,2.62,24.3,4.24,1.226,79.9,70.0,889.31,5401.1,7294.61,273.46,2848.77,555,352.79
C11,2025-11,new,28,6224,222.3,354,2.8,35.1,4.42,1.229,80.87,68.39,995.15,6252.27,7196.34,209.93,3387.94,555,375.89
C11,2025-12,new,43,9041,210.3,447,2.96,27.5,4.19,1.232,79.88,68.32,1023.9,6243.61,7906.48,262.52,3066.05,555,321.0
C12,2021-01,legacy,20,3413,170.6,285,5.45,23.1,3.38,1.0,57.51,50.52,614.63,4210.33,6035.56,178.89,2204.53,676,289.56
C12,2021-02,legacy,19,2972,156.4,178,5.95,15.3,3.66,1.003,56.37,50.48,608.23,4194.95,5752.17,180.03,2397.73,676,346.63
C12,2021-03,legacy,29,4664,160.8,304,5.78,24.1,3.74,1.006,55.95,50.11,731.13,4999.42,5717.93,175.56,2521.92,676,329.18
C12,2021-04,legacy,25,3657,146.3,196,6.36,23.7,4.04,1.009,59.76,50.38,591.71,4740.7,5648.55,189.52,2149.95,676,303.85
C12,2021-05,legacy,23,3106,135.0,189,6.89,22.3,3.32,1.012,58.47,50.71,563.36,4047.45,5147.33,187.89,2477.91,676,315.03
C12,2021-06,legacy,23,3730,162.2,223,5.73,27.7,4.19,1.015,57.76,49.81,652.89,4209.33,5848.99,197.31,2039.92,676,271.11
C12,2021-07,legacy,25,3283,131.3,254,7.08,21.6,3.86,1.018,56.19,51.58,594.4,4526.81,5458.51,180.26,2443.88,676,343.8
C12,2021-08,legacy,23,3408,148.2,264,6.28,26.4,4.05,1.02,57.72,50.53,667.25,4450.9,5468.3,191.19,2133.16,676,308.87
C12,2021-09,legacy,17,2463,144.9,210,6.42,23.9,4.0,1.023,60.71,50.22,562.89,4795.35,5306.92,174.86,2246.98,676,322.05
C12,2021-10,legacy,17,2579,151.7,158,6.13,22.8,3.65,1.026,58.96,51.38,594.92,4882.41,5899.82,206.17,2020.11,676,298.06
C12,2021-11,legacy,16,2516,157.2,149,5.91,19.9,3.73,1.029,56.53,51.84,673.74,4526.15,5896.41,207.68,2031.39,676,284.68
C12,2021-12,legacy,26,4091,157.3,291,5.91,19.6,4.04,1.032,58.53,50.99,659.57,4588.07,5532.8,203.25,2515.54,676,271.51
C12,2022-01,legacy,21,2767,131.8,168,7.06,22.4,3.32,1.035,58.88,49.19,650.01,4575.08,6038.8,192.62,2099.53,676,317.78
C12,2022-02,legacy,18,2862,159.0,204,5.85,29.8,3.81,1.038,57.18,51.15,784.63,4588.65,5685.72,200.3,2312.77,676,299.84
C12,2022-03,legacy,22,2933,133.3,183,6.98,23.2,3.93,1.041,59.04,51.29,678.07,4379.54,5786.63,202.53,2060.87,676,273.41
C12,2022-04,legacy,24,3743,156.0,213,5.96,20.0,3.38,1.044,60.38,52.69,722.82,4791.87,5465.83,178.82,2354.24,676,300.56
C12,2022-05,legacy,19,2769,145.7,165,6.38,23.9,3.46,1.047,58.78,51.33,655.74,4457.32,6283.58,168.68,2197.95,676,397.05
C12,2022-06,legacy,19,2654,139.7,195,6.66,22.9,3.18,1.05,58.76,53.1,843.13,4683.66,5376.91,192.98,2415.13,676,351.81
C12,2022-07,legacy,18,2609,144.9,199,6.42,22.7,3.69,1.052,61.59,52.96,622.45,4531.25,6335.12,190.93,2229.26,676,310.12
C12,2022-08,legacy,17,2348,138.1,142,6.73,27.5,3.71,1.055,62.47,51.93,608.3,4559.14,6372.4,206.32,1998.35,676,291.16
C12,2022-09,legacy,22,3290,149.5,295,6.22,23.2,3.54,1.058,60.82,54.28,763.74,5045.12,5463.61,218.84,2357.66,676,294.57
C12,2022-10,legacy,29,4597,158.5,331,5.87,17.6,3.46,1.061,61.92,51.65,745.0,4942.93,5925.26,189.33,2497.3,676,302.59
C12,2022-11,legacy,20,3143,157.2,253,5.92,22.1,3.49,1.064,59.91,51.76,688.2,4436.62,6429.63,180.63,2312.85,676,292.74
C12,2022-12,legacy,18,2702,150.1,186,6.2,23.1,3.65,1.067,58.84,55.04,785.98,4652.95,6336.23,188.69,2156.46,676,294.24
C12,2023-01,legacy,19,3041,160.1,136,5.81,23.2,3.25,1.07,60.15,54.13,629.54,4563.24,6222.32,183.81,2188.93,676,332.79
C12,2023-02,legacy,23,3568,155.1,220,5.95,22.3,3.36,1.073,62.2,53.91,719.02,4572.44,6438.28,246.04,2142.13,676,334.62
C12,2023-03,legacy,22,3796,172.5,274,5.31,31.2,3.02,1.076,62.98,53.56,787.59,4392.12,5658.15,179.64,2149.61,676,294.36
C12,2023-04,legacy,22,3456,157.1,257,5.78,26.1,3.42,1.079,62.42,51.83,772.94,4562.97,6625.3,173.12,2471.5,676,336.06
C12,2023-05,legacy,26,3843,147.8,340,6.07,20.9,2.96,1.082,62.99,54.91,707.06,4453.84,6342.53,210.75,2484.13,676,289.44
C12,2023-06,legacy,17,2579,151.7,167,5.85,23.5,3.8,1.085,59.69,55.33,623.87,4571.44,6625.8,192.76,2426.8,676,340.18
C12,2023-07,legacy,22,3270,148.6,206,5.9,21.2,3.04,1.088,61.11,54.2,824.1,5162.97,6270.4,174.79,2270.28,676,356.38
C12,2023-08,legacy,31,4782,154.3,280,5.6,22.1,2.98,1.09,59.34,53.59,668.87,4504.71,6492.58,189.18,2483.49,676,315.92
C12,2023-09,new,28,4708,168.1,289,5.06,23.7,2.91,1.093,62.15,53.95,764.02,4590.8,6004.92,208.58,2483.79,676,290.02
C12,2023-10,new,26,4693,180.5,302,4.64,28.5,3.48,1.096,62.11,54.18,819.04,4612.49,6621.44,183.39,2843.35,676,311.0
C12,2023-11,new,20,3707,185.4,208,4.44,26.5,3.39,1.099,62.02,53.75,810.08,5009.92,6892.83,181.39,2323.78,676,338.36
C12,2023-12,new,21,3802,181.0,238,4.46,31.0,3.07,1.102,62.31,56.54,789.59,4711.88,6514.79,186.24,2641.98,676,337.28
C12,2024-01,new,23,4348,189.0,283,4.2,32.5,3.07,1.105,65.26,54.19,731.16,4646.34,5803.28,203.17,2267.18,676,322.55
C12,2024-02,new,24,4313,179.7,226,4.33,24.5,3.2,1.108,61.86,53.41,779.62,5174.89,6447.39,229.73,2290.54,676,348.36
C12,2024-03,new,25,4634,185.4,282,4.12,24.8,3.29,1.111,62.59,54.02,637.44,4769.09,5863.0,213.82,2593.55,676,302.57
C12,2024-04,new,15,2521,168.1,194,4.46,25.8,2.8,1.114,63.18,57.73,843.32,4485.97,6167.02,197.59,2411.15,676,284.56
C12,2024-05,new,15,2843,189.5,206,3.88,22.4,3.05,1.117,62.45,55.54,781.7,4934.51,6223.15,217.39,2421.24,676,336.96
C12,2024-06,new,16,3136,196.0,181,3.69,25.4,3.31,1.12,65.23,55.73,653.28,5355.23,5956.27,190.19,2347.29,676,330.24
C12,2024-07,new,26,6238,239.9,347,2.96,30.3,2.65,1.122,63.44,57.34,792.76,4680.52,6271.83,219.39,2373.48,676,342.65
C12,2024-08,new,17,3255,191.5,160,3.65,26.5,2.96,1.125,63.09,55.25,907.05,5053.82,6480.62,213.32,2610.54,676,331.82
C12,2024-09,new,21,4440,211.4,243,3.26,27.1,2.76,1.128,64.44,56.2,821.57,4690.2,6407.36,218.5,2614.13,676,360.53
C12,2024-10,new,20,4173,208.6,195,3.26,25.3,2.68,1.131,66.07,56.51,821.29,4552.06,6082.34,190.0,2387.3,676,395.12
C12,2024-11,new,24,4688,195.3,305,3.43,28.2,3.08,1.134,65.61,56.14,854.65,4562.22,6313.32,216.62,2418.72,676,300.22
C12,2024-12,new,21,4630,220.5,177,3.01,27.3,3.0,1.137,64.56,55.94,864.9,5235.37,6820.09,197.59,2484.72,676,386.21
C12,2025-01,new,24,5252,218.8,295,3.0,28.2,2.67,1.14,63.81,57.59,837.57,4686.66,6137.57,229.07,2395.96,676,286.55
C12,2025-02,new,16,3222,201.4,185,3.23,30.6,2.64,1.143,65.36,56.64,728.97,5347.93,6661.38,227.08,2247.77,676,305.76
C12,2025-03,new,19,3650,192.1,202,3.36,30.5,2.45,1.146,64.11,56.47,775.55,5031.6,6674.21,250.81,2950.17,676,297.83
C12,2025-04,new,30,6654,221.8,364,2.89,25.7,2.73,1.149,66.29,56.41,889.37,4829.36,6667.05,217.02,2698.53,676,314.07
C12,2025-05,new,18,3688,204.9,251,3.11,31.0,2.29,1.152,67.97,57.34,616.87,5304.33,6962.18,230.71,2262.48,676,321.89
C12,2025-06,new,23,5379,233.9,231,2.71,31.5,2.88,1.155,66.98,59.89,858.72,5461.17,6497.53,203.22,2629.65,676,308.63
C12,2025-07,new,24,5315,221.5,384,2.85,28.6,2.47,1.158,64.52,57.89,853.23,4834.66,7205.45,204.78,3146.56,676,303.44
C12,2025-08,new,27,6300,233.3,321,2.69,32.2,2.84,1.16,64.04,59.65,695.92,5335.77,5998.85,208.39,2361.54,676,336.22
C12,2025-09,new,17,3778,222.2,168,2.82,34.4,2.18,1.163,64.38,58.72,765.32,4819.86,6897.84,189.5,2506.9,676,308.16
C12,2025-10,new,23,5734,249.3,268,2.5,29.5,2.73,1.166,65.59,57.64,898.31,4648.43,6379.21,252.61,2734.28,676,287.56
C12,2025-11,new,19,4506,237.2,227,2.63,30.5,2.62,1.169,65.58,58.4,780.27,5158.4,6509.41,201.34,2775.63,676,332.1
C12,2025-12,new,21,5249,250.0,261,2.49,31.5,2.5,1.172,67.35,55.99,692.17,5144.32,6075.23,199.7,2606.32,676,313.06
C13,2021-01,legacy,18,2716,150.9,176,6.16,21.8,4.06,1.0,61.69,53.97,581.55,4549.19,6327.43,176.98,2509.3,657,335.01
C13,2021-02,legacy,22,3097,140.8,213,6.61,21.2,3.75,1.003,59.42,53.52,748.05,4538.1,5591.13,182.05,2554.14,657,345.4
C13,2021-03,legacy,25,3436,137.4,247,6.77,20.2,4.25,1.006,60.28,54.11,678.06,4759.9,5979.39,233.18,2209.42,657,400.48
C13,2021-04,legacy,24,3489,145.4,197,6.4,15.2,4.07,1.009,61.04,54.64,713.83,4827.15,6172.84,200.28,2392.37,657,329.25
C13,2021-05,legacy,23,3510,152.6,271,6.09,21.9,3.93,1.012,58.56,53.45,656.38,4401.75,6558.28,224.54,2314.88,657,332.1
C13,2021-06,legacy,26,3751,144.3,256,6.45,22.0,4.12,1.015,61.92,54.42,707.55,4661.68,5850.23,203.83,2790.7,657,347.48
C13,2021-07,legacy,32,5574,174.2,323,5.34,24.1,3.51,1.018,60.96,52.45,723.92,4874.48,6146.51,179.86,2447.67,657,337.02
C13,2021-08,legacy,27,4033,149.4,287,6.23,26.6,4.12,1.02,61.32,54.33,829.01,4549.48,6201.45,199.03,2586.48,657,362.19
C13,2021-09,legacy,29,4473,154.2,333,6.03,26.4,3.96,1.023,61.81,53.84,708.1,4572.99,6165.09,224.75,2776.46,657,325.93
C13,2021-10,legacy,24,3619,150.8,178,6.17,25.4,4.02,1.026,60.57,56.93,780.3,5020.48,6283.0,200.62,2233.77,657,359.18
C13,2021-11,legacy,13,1806,138.9,118,6.69,26.7,4.39,1.029,62.47,51.53,797.68,5182.33,6094.15,208.14,2392.11,657,320.52
C13,2021-12,legacy,25,4002,160.1,259,5.81,25.4,4.51,1.032,64.23,55.06,706.16,5011.39,6439.13,219.8,2576.65,657,363.76
C13,2022-01,legacy,16,2498,156.1,149,5.96,17.0,3.6,1.035,62.13,52.49,696.51,4569.71,5900.33,226.35,2374.44,657,333.28
C13,2022-02,legacy,22,3482,158.3,243,5.88,19.8,3.8,1.038,63.34,57.27,716.33,4609.21,5807.63,225.95,2545.5,657,349.71
C13,2022-03,legacy,33,4679,141.8,352,6.56,19.2,3.5,1.041,63.67,56.13,906.51,4914.26,5990.92,221.62,2773.38,657,313.11
C13,2022-04,legacy,30,4509,150.3,304,6.19,26.9,3.95,1.044,64.02,54.98,697.77,5168.3,6698.9,190.81,2352.93,657,361.04
C13,2022-05,legacy,28,4194,149.8,267,6.21,16.8,3.83,1.047,62.33,57.77,727.59,5061.57,5758.29,201.35,2493.33,657,368.83
C13,2022-06,legacy,19,3065,161.3,219,5.77,22.8,3.59,1.05,62.92,55.81,730.94,4593.34,5906.42,190.6,2373.81,657,351.33
C13,2022-07,legacy,27,3726,138.0,213,6.74,20.1,3.82,1.052,63.87,56.8,681.86,4859.88,6231.25,203.58,2547.49,657,345.66
C13,2022-08,legacy,21,3287,156.5,212,5.94,27.5,4.06,1.055,63.44,55.33,688.08,5140.65,6177.41,237.89,2458.11,657,321.09
C13,2022-09,legacy,31,5034,162.4,322,5.73,22.5,4.02,1.058,61.93,55.72,738.33,4834.8,6232.91,210.38,2307.38,657,358.32
C13,2022-10,legacy,31,4540,146.5,269,6.35,25.9,3.49,1.061,64.55,57.19,726.4,5103.33,6546.06,195.96,2388.78,657,332.54
C13,2022-11,legacy,28,4003,143.0,254,6.51,21.8,3.85,1.064,63.88,54.49,766.82,5000.33,6211.93,205.53,2224.24,657,337.55
C13,2022-12,legacy,19,3097,163.0,203,5.71,21.7,3.55,1.067,61.36,55.42,697.65,4913.21,6904.8,229.81,2398.16,657,313.23
C13,2023-01,legacy,14,2136,152.6,109,6.1,21.4,3.49,1.07,65.56,56.48,639.73,4850.33,6389.65,211.87,2523.11,657,399.92
C13,2023-02,legacy,14,2267,161.9,162,5.7,20.4,3.55,1.073,67.42,56.09,805.78,5223.31,5894.84,221.28,3036.66,657,322.5
C13,2023-03,legacy,28,4456,159.1,316,5.75,20.7,3.9,1.076,64.86,55.5,845.67,5207.36,6872.01,253.18,2295.47,657,347.28
C13,2023-04,legacy,25,4082,163.3,263,5.56,25.8,3.57,1.079,67.63,58.7,708.81,4686.35,6763.12,213.74,2572.93,657,273.19
C13,2023-05,legacy,26,3959,152.3,330,5.9,21.4,3.46,1.082,64.43,56.25,748.33,4886.36,6752.89,224.05,2556.09,657,343.61
C13,2023-06,legacy,22,2997,136.2,205,6.52,20.9,3.37,1.085,65.99,57.29,659.25,5178.04,6423.9,213.82,2340.52,657,330.45
C13,2023-07,legacy,22,3569,162.2,230,5.4,30.0,3.46,1.088,67.32,58.25,751.58,4843.34,7552.75,216.98,2416.21,657,351.82
C13,2023-08,legacy,27,4085,151.3,229,5.71,24.7,3.2,1.09,66.22,57.09,738.15,4591.9,7001.72,210.1,3022.29,657,305.32
C13,2023-09,new,25,4426,177.0,284,4.81,27.4,3.24,1.093,65.95,57.01,760.9,4896.29,6568.45,223.63,2665.25,657,347.35
C13,2023-10,new,29,4885,168.4,342,4.97,23.7,3.92,1.096,68.71,55.57,833.03,4844.87,6511.14,215.13,2872.1,657,330.97
C13,2023-11,new,21,4122,196.3,244,4.19,23.9,3.29,1.099,66.4,57.14,687.53,5239.56,6667.04,204.42,2337.9,657,389.61
C13,2023-12,new,18,3215,178.6,197,4.53,24.0,3.1,1.102,65.4,59.53,706.85,4721.84,7468.83,230.85,2323.24,657,367.91
C13,2024-01,new,22,4286,194.8,248,4.07,24.7,3.44,1.105,67.92,59.37,623.65,5022.66,6396.44,205.06,2756.98,657,330.37
C13,2024-02,new,19,3843,202.3,144,3.85,29.8,3.01,1.108,67.5,59.44,729.56,5011.77,6246.33,214.63,2486.16,657,372.34
C13,2024-03,new,29,5561,191.8,434,3.98,33.3,3.34,1.111,67.87,58.99,713.1,5682.28,6395.43,252.81,2415.91,657,349.95
C13,2024-04,new,17,3405,200.3,173,3.74,29.9,3.16,1.114,68.18,59.14,828.36,4709.81,6908.39,214.1,2560.6,657,320.63
C13,2024-05,new,21,4192,199.6,232,3.68,26.4,3.41,1.117,66.75,58.74,682.94,5591.64,6612.17,217.12,2538.2,657,330.49
C13,2024-06,new,19,3646,191.9,226,3.77,29.7,3.03,1.12,70.2,57.5,761.7,4668.66,6296.46,226.24,2794.18,657,390.69
C13,2024-07,new,22,4966,225.7,265,3.15,24.9,3.47,1.122,67.76,60.07,770.08,5424.31,6319.69,234.34,2702.14,657,367.57
C13,2024-08,new,27,5336,197.6,286,3.54,29.2,3.13,1.125,68.6,57.51,723.85,5275.83,6515.55,212.22,2687.13,657,372.52
C13,2024-09,new,25,4806,192.2,220,3.58,31.8,3.22,1.128,69.2,58.91,890.45,4738.99,7175.4,220.24,2851.96,657,365.73
C13,2024-10,new,19,3942,207.5,202,3.27,25.8,3.52,1.131,67.98,58.71,819.83,5303.59,6615.38,243.12,2562.78,657,375.24
C13,2024-11,new,25,5447,217.9,320,3.08,32.5,3.05,1.134,70.69,60.63,747.07,5049.65,7899.83,226.03,2386.64,657,340.97
C13,2024-12,new,14,3065,218.9,175,3.03,34.3,3.13,1.137,70.75,61.84,721.45,4837.67,6959.37,238.74,2762.58,657,339.44
C13,2025-01,new,21,4519,215.2,244,3.05,31.2,2.75,1.14,69.95,59.0,837.56,5291.53,6751.43,234.06,2146.23,657,354.42
C13,2025-02,new,17,3657,215.1,148,3.02,31.3,3.09,1.143,70.15,63.08,720.91,5437.46,6826.52,221.92,2902.27,657,393.85
C13,2025-03,new,24,4681,195.0,323,3.31,31.0,3.36,1.146,70.99,58.28,724.15,5482.25,6678.51,221.93,2422.73,657,339.61
C13,2025-04,new,22,5112,232.4,260,2.76,26.7,2.56,1.149,70.98,59.46,686.7,4896.56,6639.01,237.34,2684.93,657,326.01
C13,2025-05,new,33,8245,249.8,431,2.55,29.2,2.88,1.152,69.78,59.63,740.05,5251.14,7173.47,223.47,2682.05,657,329.92
C13,2025-06,new,26,5604,215.5,301,2.94,29.4,2.92,1.155,71.54,60.17,863.68,4604.47,6383.09,264.44,2940.61,657,345.66
C13,2025-07,new,23,4656,202.4,287,3.12,29.8,2.72,1.158,71.35,63.17,733.99,5546.7,6381.04,228.27,2610.31,657,302.13
C13,2025-08,new,22,5223,237.4,222,2.65,33.0,2.84,1.16,69.31,62.28,830.04,5619.52,6429.98,236.47,2633.5,657,358.75
C13,2025-09,new,29,6522,224.9,350,2.78,26.4,3.46,1.163,70.67,59.8,744.8,6198.44,6808.47,246.27,2546.19,657,345.28
C13,2025-10,new,22,3920,178.2,273,3.5,30.8,3.03,1.166,69.97,61.69,759.71,6038.22,6716.28,247.56,3190.02,657,309.22
C13,2025-11,new,23,5009,217.8,276,2.86,30.0,3.44,1.169,73.34,64.74,885.32,5165.22,7059.86,229.74,2648.67,657,328.73
C13,2025-12,new,27,5640,208.9,268,2.97,34.9,3.16,1.172,73.43,64.36,769.2,5663.02,7401.64,254.34,2945.47,657,331.43
C14,2021-01,legacy,10,1398,139.8,103,6.65,20.2,2.63,1.0,60.29,53.95,700.48,4994.62,6075.72,193.21,2528.31,637,349.83
C14,2021-02,legacy,14,2380,170.0,122,5.47,25.2,2.78,1.003,59.02,52.64,684.87,4175.5,5137.08,222.29,2462.53,637,322.68
C14,2021-03,legacy,8,1278,159.8,84,5.82,23.0,2.73,1.006,60.51,51.12,640.27,4884.82,6214.2,175.7,2426.72,637,291.2
C14,2021-04,legacy,8,1191,148.9,83,6.25,26.2,2.72,1.009,59.32,51.04,741.55,4684.6,5764.43,199.8,2277.59,637,359.41
C14,2021-05,legacy,9,1355,150.6,99,6.18,23.5,2.66,1.012,61.43,52.92,583.44,5269.34,5585.26,226.21,2363.82,637,364.74
C14,2021-06,legacy,6,995,165.8,46,5.61,23.8,2.82,1.015,60.23,53.17,598.24,4230.04,5852.36,199.77,2075.29,637,323.9
C14,2021-07,legacy,13,1827,140.5,149,6.62,27.1,2.77,1.018,59.14,51.84,747.41,4802.02,6399.56,214.27,2294.55,637,333.17
C14,2021-08,legacy,7,1102,157.4,74,5.91,15.0,2.41,1.02,60.14,53.79,715.15,4794.79,5973.41,196.23,2412.55,637,327.85
C14,2021-09,legacy,8,1157,144.6,77,6.43,20.8,2.93,1.023,62.29,51.43,587.61,4452.22,5941.5,210.2,2160.49,637,339.13
C14,2021-10,legacy,11,1743,158.5,94,5.87,20.5,2.79,1.026,61.19,53.2,561.24,4942.6,6398.49,217.79,2286.24,637,294.86
C14,2021-11,legacy,15,2288,152.5,170,6.1,18.8,2.82,1.029,60.68,53.22,704.9,4787.04,7179.02,208.73,2333.35,637,335.69
C14,2021-12,legacy,14,2012,143.7,104,6.47,21.7,2.86,1.032,61.74,53.6,598.04,4467.4,5488.9,200.73,2215.96,637,348.02
C14,2022-01,legacy,10,1607,160.7,150,5.79,22.0,2.9,1.035,61.64,53.16,635.38,4629.66,5982.67,193.08,2429.96,637,317.77
C14,2022-02,legacy,13,2024,155.7,146,5.97,21.2,2.69,1.038,62.19,55.14,764.19,4962.28,6137.53,203.68,2183.96,637,334.08
C14,2022-03,legacy,11,1855,168.6,133,5.51,19.7,2.65,1.041,61.96,54.14,614.31,4839.84,5924.54,212.08,2461.26,637,355.59
C14,2022-04,legacy,17,2495,146.8,159,6.34,20.4,2.9,1.044,60.48,53.72,728.68,4416.72,5720.54,214.65,2260.82,637,300.62
C14,2022-05,legacy,14,2125,151.8,135,6.13,26.6,2.87,1.047,59.01,54.45,708.87,4845.52,6317.26,223.59,2263.84,637,363.7
C14,2022-06,legacy,12,1731,144.2,122,6.45,30.1,2.68,1.05,61.78,53.76,848.54,4897.97,6629.03,227.34,2217.38,637,347.92
C14,2022-07,legacy,14,2273,162.4,144,5.73,26.7,2.69,1.052,59.95,55.93,748.12,4507.0,6880.22,196.67,2017.47,637,310.13
C14,2022-08,legacy,14,2011,143.6,153,6.47,23.6,2.68,1.055,61.49,55.31,738.45,4806.77,5907.07,190.97,2503.92,637,393.36
C14,2022-09,legacy,10,1504,150.4,108,6.18,18.8,2.29,1.058,62.51,55.31,735.29,5219.56,6397.31,191.71,2214.42,637,318.42
C14,2022-10,legacy,11,1795,163.2,132,5.7,27.4,2.66,1.061,63.71,55.48,671.67,4984.68,5861.09,201.78,2468.02,637,326.05
C14,2022-11,legacy,12,1866,155.5,151,5.98,22.7,2.25,1.064,63.86,54.27,700.43,4356.4,6159.99,201.34,2639.1,637,265.56
C14,2022-12,legacy,15,2298,153.2,124,6.07,21.1,2.35,1.067,65.25,56.05,788.04,5126.31,5854.47,219.12,2318.48,637,313.47
C14,2023-01,legacy,13,1989,153.0,112,6.08,21.4,2.11,1.07,63.92,58.6,637.68,4859.04,5939.54,214.75,2369.39,637,337.27
C14,2023-02,legacy,11,1699,154.5,113,5.98,22.1,2.19,1.073,64.36,56.01,631.81,4801.69,6319.92,214.77,2420.76,637,408.79
C14,2023-03,new,20,3208,160.4,167,5.71,22.3,2.47,1.076,63.47,55.44,915.66,4950.49,6336.02,209.64,2312.01,637,370.26
C14,2023-04,new,9,1380,153.3,99,5.92,21.3,2.33,1.079,62.61,55.44,741.63,4558.61,6518.11,196.08,2504.33,637,318.53
C14,2023-05,new,10,1402,140.2,90,6.4,14.7,2.12,1.082,64.34,56.82,765.66,4668.35,6812.26,210.88,2455.78,637,356.93
C14,2023-06,new,10,1751,175.1,118,5.07,23.1,2.69,1.085,67.51,56.51,703.49,5050.34,6788.75,239.58,2420.04,637,351.82
C14,2023-07,new,12,1844,153.7,108,5.7,26.5,2.1,1.088,64.98,56.3,732.4,4361.18,6927.08,250.58,2483.02,637,383.78
C14,2023-08,new,9,1687,187.4,102,4.61,27.5,2.09,1.09,66.44,56.68,818.49,4414.63,6263.29,198.46,2565.41,637,359.08
C14,2023-09,new,8,1388,173.5,82,4.9,24.1,2.57,1.093,63.26,58.39,691.75,5413.24,6919.9,222.29,2333.47,637,363.98
C14,2023-10,new,7,1483,211.9,93,3.95,25.4,2.57,1.096,67.05,55.82,728.84,5162.56,6890.03,217.76,2451.84,637,307.44
C14,2023-11,new,12,2293,191.1,125,4.31,22.5,1.93,1.099,63.83,57.1,824.73,5122.08,6582.06,221.08,2536.65,637,321.5
C14,2023-12,new,15,2792,186.1,166,4.34,31.4,2.25,1.102,66.89,56.78,740.07,4966.91,6648.4,200.22,2533.73,637,340.13
C14,2024-01,new,18,3527,195.9,184,4.05,25.4,2.2,1.105,64.67,56.69,907.44,5253.82,5824.99,222.31,2453.56,637,288.55
C14,2024-02,new,11,1905,173.2,115,4.49,26.8,2.09,1.108,65.13,59.45,682.44,5066.28,6844.19,245.65,2607.33,637,324.49
C14,2024-03,new,15,2920,194.7,166,3.92,22.8,1.79,1.111,64.98,57.46,808.82,5165.01,7011.27,223.22,2287.49,637,282.86
C14,2024-04,new,9,1726,191.8,79,3.91,30.0,1.93,1.114,67.68,58.07,720.96,5306.41,7026.94,238.97,2617.97,637,313.33
C14,2024-05,new,13,2598,199.8,142,3.68,26.8,2.37,1.117,67.62,59.02,805.05,5346.11,6168.12,212.49,2833.3,637,330.38
C14,2024-06,new,9,1608,178.7,103,4.04,27.1,2.25,1.12,65.54,55.81,634.67,4370.8,6715.61,230.21,2589.24,637,241.68
C14,2024-07,new,11,1976,179.6,144,3.95,31.2,1.93,1.122,64.64,58.72,713.93,5242.92,6196.58,198.92,2780.31,637,323.65
C14,2024-08,new,8,1747,218.4,96,3.2,29.8,2.39,1.125,67.51,58.35,744.25,5442.01,6242.95,236.86,2560.28,637,334.75
C14,2024-09,new,11,2332,212.0,111,3.25,26.4,1.86,1.128,67.26,58.01,667.36,5735.18,6853.46,204.05,2478.53,637,330.58
C14,2024-10,new,10,2079,207.9,117,3.27,23.2,2.26,1.131,68.72,57.56,609.39,5374.53,6794.88,199.44,2525.52,637,377.87
C14,2024-11,new,9,1931,214.6,103,3.13,32.7,2.15,1.134,65.59,59.37,752.88,5072.86,6456.67,214.12,2393.28,637,328.17
C14,2024-12,new,13,2717,209.0,141,3.17,32.3,1.97,1.137,67.65,58.91,788.33,5371.66,6990.28,225.6,2585.63,637,329.07
C14,2025-01,new,10,2129,212.9,126,3.08,25.0,1.74,1.14,64.91,59.44,691.97,5271.63,6972.9,201.21,2312.9,637,356.7
C14,2025-02,new,5,1152,230.4,46,2.82,32.2,2.15,1.143,69.09,61.78,720.47,5599.96,6964.77,234.85,2635.14,637,327.92
C14,2025-03,new,17,3721,218.9,164,2.95,28.8,1.69,1.146,66.46,60.7,725.43,4734.41,5851.41,238.54,2613.14,637,354.93
C14,2025-04,new,12,2797,233.1,137,2.75,25.9,1.69,1.149,69.49,59.05,629.08,4900.82,6524.04,208.25,3059.34,637,357.29
C14,2025-05,new,7,1501,214.4,78,2.97,28.2,1.75,1.152,65.57,60.96,676.97,5403.21,6456.16,212.95,2650.8,637,336.84
C14,2025-06,new,11,2211,201.0,129,3.15,24.5,1.84,1.155,70.32,58.8,710.97,5439.34,6795.71,197.02,2762.94,637,346.65
C14,2025-07,new,8,1733,216.6,95,2.91,30.1,1.8,1.158,70.15,60.11,890.42,4831.21,6319.11,220.04,2514.44,637,340.19
C14,2025-08,new,18,4037,224.3,197,2.8,26.1,1.73,1.16,67.51,61.76,728.57,4965.91,7286.97,223.61,2589.98,637,344.59
C14,2025-09,new,21,4442,211.5,330,2.96,27.8,1.74,1.163,70.82,57.99,701.99,5596.5,7268.59,224.06,2706.4,637,395.86
C14,2025-10,new,9,1996,221.8,123,2.82,27.2,2.32,1.166,69.58,61.7,668.5,5407.04,5881.83,247.21,2719.43,637,372.92
C14,2025-11,new,14,3088,220.6,216,2.82,31.1,1.87,1.169,67.68,61.39,947.43,4908.99,6806.47,209.09,2674.7,637,311.92
C14,2025-12,new,15,3622,241.5,171,2.57,28.0,2.12,1.172,67.72,64.05,756.9,5070.34,6889.77,255.73,2444.02,637,411.35
C15,2021-01,legacy,52,8216,158.0,518,5.89,22.0,4.74,1.0,47.27,40.56,504.21,3691.78,4165.64,148.8,1793.74,624,265.06
C15,2021-02,legacy,40,6420,160.5,409,5.79,19.4,4.74,1.003,47.67,41.79,552.41,3882.82,4740.44,143.39,1560.33,624,251.49
C15,2021-03,new,43,6146,142.9,382,6.51,21.3,4.84,1.006,48.22,41.79,508.21,3694.88,4300.69,148.96,1813.72,624,218.26
C15,2021-04,new,51,7808,153.1,682,6.07,21.1,4.89,1.009,47.73,41.72,550.24,3398.05,4633.18,163.12,1855.74,624,265.87
C15,2021-05,new,37,6010,162.4,370,5.73,20.3,4.98,1.012,47.32,41.25,477.66,3475.28,5151.57,164.21,1720.41,624,247.4
C15,2021-06,new,40,6063,151.6,444,6.14,22.6,5.02,1.015,49.18,44.45,588.4,3645.37,4566.43,156.66,2008.78,624,254.3
C15,2021-07,new,48,7163,149.2,533,6.23,22.7,4.99,1.018,47.77,41.16,614.77,3709.65,4368.52,178.72,1918.93,624,234.65
C15,2021-08,new,48,6859,142.9,463,6.51,26.0,5.05,1.02,50.84,42.45,515.57,3845.84,5039.52,151.11,1719.53,624,301.59
C15,2021-09,new,49,7736,157.9,463,5.89,28.1,5.11,1.023,47.44,43.57,630.46,3282.01,4899.33,145.46,1796.91,624,232.4
C15,2021-10,new,50,7577,151.5,482,6.14,22.6,4.84,1.026,47.56,42.49,465.48,3530.19,4908.4,144.85,2130.63,624,243.84
C15,2021-11,new,41,6540,159.5,389,5.83,23.0,4.94,1.029,47.07,43.68,629.03,3625.75,4611.74,186.22,1993.01,624,260.99
C15,2021-12,new,36,5345,148.5,320,6.26,26.7,4.99,1.032,48.26,42.68,527.72,3412.66,4985.66,144.2,1800.33,624,305.01
C15,2022-01,new,48,8181,170.4,610,5.46,26.4,4.57,1.035,51.51,43.13,582.25,3880.9,5096.88,174.49,1747.25,624,249.17
C15,2022-02,new,46,6884,149.7,445,6.21,22.4,4.67,1.038,50.01,43.66,606.64,3763.21,5055.24,188.3,1707.76,624,240.2
C15,2022-03,new,38,5276,138.8,340,6.7,23.1,4.38,1.041,49.13,41.81,504.22,3809.58,4678.47,162.5,1789.46,624,266.28
C15,2022-04,new,47,7135,151.8,413,6.13,23.8,4.58,1.044,49.96,43.14,595.04,4142.0,5089.03,189.88,1739.72,624,240.1
C15,2022-05,new,54,8341,154.5,580,6.02,23.1,4.87,1.047,50.33,42.73,484.66,3705.65,5047.14,139.76,2133.25,624,253.58
C15,2022-06,new,44,7144,162.4,402,5.73,25.0,4.69,1.05,50.76,42.95,607.08,3610.73,5013.88,172.24,1974.89,624,213.76
C15,2022-07,new,46,6693,145.5,374,6.39,23.5,4.48,1.052,49.45,42.99,493.96,3641.01,5044.26,182.03,1842.26,624,267.43
C15,2022-08,new,40,5796,144.9,356,6.42,23.5,4.63,1.055,51.15,43.42,626.7,4026.84,5173.74,192.05,1644.88,624,273.66
C15,2022-09,new,54,7959,147.4,528,6.31,25.2,4.54,1.058,49.12,44.72,584.22,3668.63,5135.2,168.09,1971.16,624,261.2
C15,2022-10,new,34,4973,146.3,402,6.36,24.6,4.55,1.061,49.96,43.74,559.4,3820.66,4833.59,170.53,1728.43,624,261.28
C15,2022-11,new,49,6437,131.4,459,7.08,18.4,4.53,1.064,50.3,44.95,605.72,4213.01,5062.04,155.32,2251.66,624,299.93
C15,2022-12,new,51,7993,156.7,693,5.93,26.7,4.23,1.067,48.66,43.98,637.89,3693.36,5090.34,162.7,1949.59,624,257.22
C15,2023-01,new,52,8425,162.0,515,5.74,27.0,4.76,1.07,50.83,44.7,589.42,4037.77,4677.89,192.07,1999.53,624,254.52
C15,2023-02,new,48,6939,144.6,462,6.39,20.0,4.4,1.073,51.38,45.15,620.82,4034.35,5042.5,167.9,2030.46,624,241.97
C15,2023-03,new,42,6062,144.3,415,6.34,23.8,4.31,1.076,49.68,44.77,610.63,3909.93,5626.89,166.04,1816.16,624,303.4
C15,2023-04,new,48,7404,154.2,502,5.88,24.6,4.44,1.079,51.42,44.67,623.15,3387.09,4527.72,156.15,2200.36,624,304.48
C15,2023-05,new,43,6458,150.2,383,5.98,17.3,4.21,1.082,51.62,45.93,498.94,4053.46,5176.53,171.24,1942.15,624,267.01
C15,2023-06,new,54,9111,168.7,700,5.26,25.6,4.36,1.085,52.78,44.8,679.62,3704.39,5160.11,177.02,1839.68,624,253.44
C15,2023-07,new,50,7865,157.3,451,5.57,21.3,4.65,1.088,53.66,44.59,588.19,3841.01,5380.26,157.17,1923.77,624,270.66
C15,2023-08,new,43,7442,173.1,586,4.99,25.9,4.39,1.09,53.39,44.24,539.55,4109.81,5049.64,165.46,1935.77,624,322.14
C15,2023-09,new,49,7707,157.3,521,5.41,25.3,4.33,1.093,52.85,45.6,630.62,3581.47,5021.7,140.79,1680.55,624,286.53
C15,2023-10,new,42,6670,158.8,382,5.27,27.1,4.05,1.096,53.88,46.89,485.66,3909.52,5378.01,165.73,1975.25,624,283.66
C15,2023-11,new,38,6107,160.7,367,5.12,28.3,4.26,1.099,53.72,45.98,528.09,3883.27,5024.18,174.17,1993.82,624,268.36
C15,2023-12,new,40,6619,165.5,419,4.88,27.3,4.63,1.102,53.83,45.82,565.98,3885.16,4907.85,171.52,2212.14,624,292.87
C15,2024-01,new,31,5874,189.5,322,4.19,25.8,4.14,1.105,53.45,46.88,620.85,4099.45,5201.79,188.28,2224.76,624,261.87
C15,2024-02,new,39,7740,198.5,473,3.92,29.3,4.15,1.108,52.42,45.51,608.15,4234.75,4487.21,170.86,2027.94,624,245.34
C15,2024-03,new,43,8332,193.8,408,3.94,29.7,4.23,1.111,51.59,45.67,589.85,3974.99,5298.0,169.16,1880.8,624,270.53
C15,2024-04,new,35,6939,198.3,370,3.78,24.0,3.8,1.114,51.62,46.69,530.27,3887.37,5177.65,171.75,2199.28,624,294.93
C15,2024-05,new,41,7118,173.6,479,4.24,28.1,4.08,1.117,53.35,47.64,514.25,3852.88,5030.99,175.8,2002.09,624,253.46
C15,2024-06,new,46,9978,216.9,507,3.33,24.4,4.08,1.12,53.51,47.12,556.09,4423.53,5256.01,177.06,2074.91,624,294.46
C15,2024-07,new,39,7423,190.3,432,3.73,26.7,4.12,1.122,52.51,46.5,655.85,4103.38,4987.78,165.72,2051.1,624,282.16
C15,2024-08,new,48,10845,225.9,552,3.09,27.8,3.89,1.125,55.39,47.22,555.26,4315.96,5079.8,159.83,2183.56,624,233.0
C15,2024-09,new,39,9561,245.2,581,2.81,29.1,4.14,1.128,53.4,46.85,520.61,4197.26,5113.99,202.03,1992.96,624,269.26
C15,2024-10,new,46,9853,214.2,442,3.17,31.0,4.12,1.131,54.72,47.13,626.06,4288.12,5509.77,194.1,1998.3,624,225.63
C15,2024-11,new,39,8736,224.0,356,2.99,33.2,4.36,1.134,54.44,47.49,563.49,4398.16,5309.41,168.08,2015.26,624,289.88
C15,2024-12,new,34,7682,225.9,415,2.94,28.6,4.21,1.137,53.03,46.45,614.06,4140.98,5946.0,181.2,2258.2,624,234.72
C15,2025-01,new,46,9290,202.0,601,3.25,28.8,4.08,1.14,53.61,46.69,647.69,4053.77,6105.36,200.45,2008.57,624,252.11
C15,2025-02,new,49,10078,205.7,463,3.16,30.2,4.18,1.143,54.53,48.33,648.37,4168.99,5326.93,188.51,2084.68,624,277.1
C15,2025-03,new,42,8930,212.6,367,3.04,34.2,3.9,1.146,53.08,46.81,497.58,3834.29,5636.63,200.49,2137.26,624,260.57
C15,2025-04,new,31,6980,225.2,446,2.85,27.0,3.68,1.149,55.42,46.61,768.78,4260.36,5584.74,164.38,2028.64,624,271.99
C15,2025-05,new,45,10622,236.0,600,2.7,24.6,4.11,1.152,53.88,47.31,605.26,3929.57,5231.75,169.41,2097.23,624,267.15
C15,2025-06,new,33,7475,226.5,374,2.8,28.8,3.86,1.155,55.73,47.52,651.06,4306.71,4994.84,200.44,1972.77,624,267.6
C15,2025-07,new,45,10872,241.6,546,2.61,31.1,3.88,1.158,53.94,49.07,564.98,4414.57,5787.26,170.17,2260.83,624,255.31
C15,2025-08,new,35,7674,219.3,365,2.87,21.9,4.26,1.16,53.58,47.06,629.46,3823.1,4914.99,191.95,2310.15,624,253.43
C15,2025-09,new,44,9143,207.8,469,3.01,28.5,3.95,1.163,54.14,47.9,506.29,4585.18,5083.57,187.94,2246.19,624,248.78
C15,2025-10,new,49,11158,227.7,509,2.74,34.9,4.06,1.166,55.15,47.76,675.31,4284.71,5391.47,171.83,2039.72,624,268.7
C15,2025-11,new,43,9757,226.9,414,2.74,27.9,3.5,1.169,56.05,49.42,729.44,4439.87,5449.99,192.91,1991.61,624,255.71
C15,2025-12,new,37,7727,208.8,537,2.98,27.8,4.01,1.172,56.59,48.7,612.96,4122.6,5716.77,185.71,2255.35,624,261.83
C16,2021-01,legacy,14,2238,159.9,140,5.82,22.2,4.01,1.0,49.32,43.21,504.1,3887.28,4655.86,167.48,1784.56,683,277.38
C16,2021-02,legacy,9,1273,141.4,95,6.58,29.3,3.94,1.003,49.25,43.2,530.92,3788.8,4465.79,137.69,1773.44,683,255.31
C16,2021-03,legacy,8,1148,143.5,75,6.48,24.0,4.39,1.006,49.76,42.25,624.28,3573.64,5350.61,175.27,1861.49,683,303.46
C16,2021-04,legacy,12,1825,152.1,104,6.12,24.8,4.16,1.009,49.13,43.54,523.04,3819.75,5244.26,145.9,2238.76,683,270.22
C16,2021-05,legacy,7,983,140.4,53,6.62,24.1,4.41,1.012,49.61,42.98,474.25,3785.36,4255.35,149.38,1799.25,683,281.92
C16,2021-06,legacy,12,1871,155.9,95,5.96,20.6,4.33,1.015,49.53,42.63,580.06,3777.61,4964.94,158.99,1810.24,683,306.75
C16,2021-07,legacy,12,1844,153.7,94,6.05,24.1,4.32,1.018,49.55,43.96,680.8,3476.17,4632.12,161.09,1991.84,683,314.0
C16,2021-08,legacy,10,1543,154.3,102,6.03,21.1,4.27,1.02,50.47,43.91,542.23,3876.27,4417.62,138.82,2008.29,683,281.63
C16,2021-09,legacy,13,1950,150.0,163,6.2,24.6,4.53,1.023,50.25,42.56,561.37,3399.98,4670.39,171.87,1839.09,683,356.29
C16,2021-10,legacy,9,1311,145.7,84,6.38,26.7,4.72,1.026,50.53,43.35,541.93,3930.13,4507.56,181.51,1788.98,683,331.92
C16,2021-11,legacy,6,859,143.2,71,6.5,17.4,4.14,1.029,50.17,44.23,570.26,3896.72,5319.25,159.27,1872.78,683,269.13
C16,2021-12,legacy,12,1835,152.9,131,6.08,21.0,4.39,1.032,50.5,43.71,604.71,4095.41,4773.13,155.57,1765.66,683,317.67
C16,2022-01,legacy,6,980,163.3,64,5.69,24.7,3.99,1.035,50.52,44.61,441.14,3954.27,5295.91,177.31,2091.29,683,287.23
C16,2022-02,legacy,12,1891,157.6,150,5.9,21.1,4.12,1.038,52.1,44.79,616.99,3552.05,5103.01,150.62,1796.43,683,301.01
C16,2022-03,legacy,13,1997,153.6,132,6.05,21.4,4.03,1.041,51.22,46.31,593.54,3482.25,5054.99,167.48,2015.34,683,274.12
C16,2022-04,legacy,9,1438,159.8,90,5.82,15.5,3.98,1.044,52.74,45.06,546.49,3686.97,4970.71,190.03,2223.3,683,229.2
C16,2022-05,legacy,6,978,163.0,58,5.71,24.5,3.85,1.047,51.37,44.69,531.29,3933.4,5100.22,174.94,2167.58,683,259.44
C16,2022-06,legacy,7,973,139.0,64,6.69,24.2,3.78,1.05,50.57,45.9,504.9,3996.22,5049.61,159.04,1840.78,683,279.89
C16,2022-07,legacy,15,2248,149.9,119,6.21,22.2,4.03,1.052,53.87,43.93,618.01,3762.82,5160.33,172.76,2006.95,683,285.06
C16,2022-08,legacy,7,1134,162.0,57,5.74,22.2,3.71,1.055,53.12,47.23,576.31,3748.96,5231.04,140.44,1939.97,683,297.56
C16,2022-09,legacy,8,1155,144.4,63,6.44,14.8,3.92,1.058,52.73,44.68,606.21,4047.54,5038.13,166.08,1983.14,683,274.48
C16,2022-10,legacy,10,1460,146.0,122,6.37,23.5,3.88,1.061,53.07,43.95,535.69,4285.32,5199.66,166.23,1750.99,683,263.02
C16,2022-11,legacy,13,2030,156.2,138,5.96,26.7,4.11,1.064,54.81,47.15,552.41,3704.37,5559.05,168.96,1793.34,683,298.95
C16,2022-12,legacy,14,2076,148.3,174,6.27,22.2,3.62,1.067,50.69,47.17,531.38,3947.99,5128.3,180.42,2019.4,683,255.01
C16,2023-01,legacy,8,1296,162.0,72,5.74,21.6,3.78,1.07,51.71,45.84,593.34,4102.22,4446.59,203.38,2214.58,683,312.01
C16,2023-02,legacy,18,2668,148.2,214,6.23,19.8,3.58,1.073,52.32,46.49,631.72,3693.4,5087.11,161.34,2069.68,683,288.21
C16,2023-03,legacy,12,1892,157.7,122,5.81,20.6,3.91,1.076,52.7,47.7,453.64,3646.79,5385.73,162.59,2000.39,683,286.47
C16,2023-04,legacy,11,1964,178.5,115,5.08,22.1,3.55,1.079,54.16,46.93,636.33,3732.47,5614.01,162.61,1915.98,683,291.38
C16,2023-05,legacy,13,2149,165.3,133,5.43,19.0,3.79,1.082,53.58,46.3,525.16,4120.73,5340.37,185.57,2003.35,683,268.89
C16,2023-06,legacy,6,856,142.7,59,6.22,23.1,3.43,1.085,53.53,45.73,511.06,4114.28,5263.88,183.41,1888.55,683,262.12
C16,2023-07,legacy,10,1467,146.7,70,5.97,23.7,4.03,1.088,55.3,47.2,760.24,3721.21,5260.22,169.31,2255.46,683,219.31
C16,2023-08,legacy,11,1631,148.3,98,5.83,24.0,3.25,1.09,51.44,46.02,637.51,4180.86,5113.32,179.66,2067.22,683,286.27
C16,2023-09,legacy,16,2539,158.7,153,5.36,23.3,3.37,1.093,51.35,48.37,666.34,4277.48,5110.88,166.77,2054.24,683,316.0
C16,2023-10,legacy,7,1032,147.4,58,5.68,24.3,3.6,1.096,55.16,47.81,513.39,4309.88,5235.7,172.47,2021.11,683,279.55
C16,2023-11,legacy,12,2016,168.0,118,4.9,23.8,3.36,1.099,52.4,45.89,674.12,4333.84,5806.24,175.89,2230.23,683,242.02
C16,2023-12,legacy,8,1459,182.4,81,4.43,28.5,4.22,1.102,53.43,47.48,698.4,4406.59,5281.99,175.55,2271.56,683,260.91
C16,2024-01,legacy,13,2371,182.4,140,4.35,19.8,3.79,1.105,53.41,47.07,591.52,4506.74,5780.18,203.73,2146.2,683,286.98
C16,2024-02,legacy,11,1756,159.6,130,4.88,27.1,3.11,1.108,55.93,47.63,542.28,3852.54,5918.35,181.65,2026.5,683,286.93
C16,2024-03,legacy,9,1494,166.0,87,4.6,22.8,3.39,1.111,56.04,48.22,619.33,3953.22,5474.35,178.44,1869.25,683,259.18
C16,2024-04,legacy,12,2008,167.3,122,4.48,23.4,3.5,1.114,55.38,48.2,576.75,4480.96,5501.07,171.3,2125.67,683,263.13
C16,2024-05,legacy,10,1634,163.4,116,4.5,23.4,3.54,1.117,55.4,48.24,553.01,4045.3,5699.51,167.92,2181.73,683,287.83
C16,2024-06,legacy,9,1733,192.6,103,3.75,27.7,3.29,1.12,53.75,49.26,587.01,3928.56,5370.13,176.99,2158.81,683,222.74
C16,2024-07,legacy,12,2010,167.5,111,4.24,24.9,3.58,1.122,54.83,48.68,753.25,3750.09,5792.42,169.33,2164.92,683,331.5
C16,2024-08,legacy,9,1479,164.3,121,4.25,29.9,3.38,1.125,54.79,48.51,645.79,4077.99,5551.24,177.89,2120.01,683,285.04
C16,2024-09,legacy,11,1992,181.1,142,3.8,19.5,3.61,1.128,57.16,47.57,525.97,4060.02,5379.78,177.7,2149.1,683,277.11
C16,2024-10,legacy,5,909,181.8,58,3.74,29.6,3.19,1.131,56.47,49.64,613.53,4476.92,5404.12,169.75,2026.07,683,263.26
C16,2024-11,legacy,9,1771,196.8,86,3.41,24.8,3.44,1.134,56.39,48.08,691.72,4273.03,5481.26,190.47,2071.06,683,296.83
C16,2024-12,legacy,6,1187,197.8,69,3.35,27.4,3.73,1.137,55.39,47.49,649.67,4174.29,5197.17,178.72,1979.55,683,320.01
C16,2025-01,legacy,10,1786,178.6,76,3.68,30.7,3.28,1.14,54.83,47.58,644.19,3937.55,5618.77,179.21,2120.83,683,301.85
C16,2025-02,legacy,7,1116,159.4,77,4.08,25.5,3.16,1.143,56.03,48.52,565.59,4868.8,5558.94,187.49,2098.99,683,293.9
C16,2025-03,legacy,10,1896,189.6,119,3.4,30.5,2.75,1.146,56.71,50.69,636.88,4275.76,5051.06,196.42,2073.04,683,285.64
C16,2025-04,legacy,5,958,191.6,45,3.35,29.7,3.3,1.149,57.73,48.51,564.46,4679.22,6006.97,161.08,2030.99,683,257.16
C16,2025-05,legacy,8,1633,204.1,81,3.12,31.0,3.11,1.152,57.4,50.04,638.15,4323.97,5555.42,186.35,2191.68,683,277.61
C16,2025-06,legacy,8,1330,166.2,84,3.81,27.3,3.25,1.155,56.11,49.7,671.61,4743.27,5521.63,193.45,2286.41,683,312.2
C16,2025-07,legacy,7,1195,170.7,87,3.7,27.6,3.06,1.158,57.81,48.11,551.49,4433.51,5854.59,210.35,2221.57,683,245.62
C16,2025-08,legacy,8,1617,202.1,91,3.11,28.9,3.08,1.16,55.04,49.73,654.44,4276.92,5139.38,175.78,2133.97,683,246.56
C16,2025-09,legacy,9,1829,203.2,103,3.08,32.6,3.26,1.163,57.01,49.85,665.2,4290.85,6153.87,209.43,2168.41,683,300.34
C16,2025-10,legacy,8,1595,199.4,94,3.13,33.5,3.53,1.166,59.72,50.21,567.13,4079.96,6375.26,176.38,2194.65,683,283.75
C16,2025-11,legacy,5,920,184.0,53,3.38,24.9,3.44,1.169,58.56,50.07,576.37,4376.9,6016.64,159.68,2423.09,683,237.82
C16,2025-12,legacy,11,2195,199.5,153,3.11,32.9,3.52,1.172,56.88,49.49,688.82,4540.11,5944.21,171.6,2266.8,683,293.62
C17,2021-01,legacy,31,4494,145.0,360,6.42,18.8,5.27,1.0,38.42,34.13,459.15,2757.2,3880.69,116.89,1474.55,646,235.84
C17,2021-02,legacy,28,3890,138.9,195,6.69,26.5,5.06,1.003,40.31,35.03,473.59,2777.36,4060.59,135.89,1501.98,646,185.06
C17,2021-03,new,42,6274,149.4,339,6.23,16.8,5.03,1.006,40.82,34.69,447.4,3217.46,3927.88,129.72,1473.43,646,212.39
C17,2021-04,new,34,5130,150.9,288,6.16,24.1,5.08,1.009,38.45,35.01,407.31,2944.65,3948.85,137.86,1578.79,646,233.9
C17,2021-05,new,22,3465,157.5,212,5.9,24.9,5.41,1.012,40.06,33.96,504.08,3095.7,3852.89,120.93,1420.11,646,221.59
C17,2021-06,new,34,5450,160.3,384,5.8,25.2,5.07,1.015,40.5,33.82,475.69,3148.96,3944.28,125.79,1761.34,646,231.04
C17,2021-07,new,27,3631,134.5,286,6.92,23.0,4.97,1.018,39.11,33.59,505.1,3045.97,4086.38,139.59,1474.25,646,198.19
C17,2021-08,new,27,4117,152.5,229,6.1,20.4,4.72,1.02,41.72,35.91,467.72,3093.67,3977.18,127.56,1587.83,646,231.0
C17,2021-09,new,35,5403,154.4,428,6.02,23.5,4.78,1.023,40.53,34.94,461.37,3049.0,3933.76,130.93,1581.66,646,228.69
C17,2021-10,new,22,3049,138.6,232,6.71,24.0,4.76,1.026,40.64,34.2,510.88,2902.7,3721.84,129.48,1543.89,646,260.47
C17,2021-11,new,26,3832,147.4,364,6.31,23.4,4.91,1.029,39.91,35.48,456.93,3192.38,3928.58,123.58,1535.14,646,224.09
C17,2021-12,new,28,4208,150.3,286,6.19,18.5,4.9,1.032,39.7,34.58,471.17,3261.18,3852.63,141.74,1708.3,646,193.47
C17,2022-01,new,39,6003,153.9,362,6.04,19.1,4.97,1.035,39.14,35.22,453.47,3128.82,3839.03,132.54,1591.93,646,189.36
C17,2022-02,new,30,4261,142.0,242,6.55,16.6,4.7,1.038,41.71,35.82,488.28,3140.1,3880.73,128.17,1628.24,646,216.94
C17,2022-03,new,24,3463,144.3,203,6.45,18.8,4.76,1.041,42.04,34.99,503.39,3360.22,3735.27,130.71,1392.86,646,203.49
C17,2022-04,new,30,4198,139.9,278,6.65,26.9,4.7,1.044,40.53,36.83,514.92,3415.41,3668.31,140.37,1611.52,646,185.12
C17,2022-05,new,29,4433,152.9,335,6.08,21.7,4.72,1.047,39.8,36.01,432.17,2842.86,3926.13,125.56,1307.73,646,176.95
C17,2022-06,new,20,2933,146.6,195,6.34,21.0,4.83,1.05,42.06,36.93,462.82,3484.06,4353.07,134.77,1518.18,646,202.08
C17,2022-07,new,26,3754,144.4,262,6.44,21.6,4.44,1.052,41.16,34.95,479.64,3048.49,4484.55,140.72,1562.89,646,203.23
C17,2022-08,new,33,5138,155.7,329,5.97,25.1,5.21,1.055,39.98,35.82,498.08,3005.24,4127.93,125.37,1451.07,646,208.52
C17,2022-09,new,23,3407,148.1,251,6.28,22.3,5.03,1.058,41.19,35.84,374.51,3073.85,4073.61,114.32,1692.96,646,185.05
C17,2022-10,new,28,3894,139.1,295,6.69,24.7,4.9,1.061,41.79,35.17,445.24,3205.31,4174.07,132.87,1626.68,646,227.07
C17,2022-11,new,24,3851,160.5,223,5.8,29.9,4.97,1.064,40.54,36.11,490.46,3228.55,3808.37,142.88,1548.22,646,255.72
C17,2022-12,new,32,5084,158.9,361,5.85,24.6,4.56,1.067,43.07,36.81,425.29,3335.19,4403.78,137.08,1599.37,646,221.22
C17,2023-01,new,27,4156,153.9,298,6.04,19.0,4.73,1.07,40.16,37.93,517.72,3324.03,4197.58,146.75,1665.19,646,248.29
C17,2023-02,new,33,4687,142.0,355,6.5,19.6,4.77,1.073,42.05,37.18,508.11,3190.47,4159.91,142.79,1530.82,646,207.12
C17,2023-03,new,31,5085,164.0,297,5.58,26.1,4.32,1.076,41.14,37.15,478.03,3118.98,4465.93,138.05,1477.77,646,182.17
C17,2023-04,new,31,4646,149.9,268,6.05,19.0,4.46,1.079,43.27,35.76,435.86,3146.41,3949.18,149.15,1984.4,646,260.56
C17,2023-05,new,34,4782,140.6,320,6.38,21.8,4.75,1.082,42.93,36.04,441.8,2968.48,4050.47,141.12,1779.94,646,248.15
C17,2023-06,new,27,4296,159.1,289,5.58,23.4,4.65,1.085,43.24,36.99,401.42,3216.47,4427.6,134.22,1414.7,646,237.91
C17,2023-07,new,27,4921,182.3,295,4.81,24.0,4.67,1.088,44.64,37.94,517.88,2874.93,4405.49,129.09,1595.42,646,207.55
C17,2023-08,new,36,5824,161.8,349,5.34,29.8,4.3,1.09,42.42,37.02,443.82,3382.45,4030.02,157.09,1407.02,646,195.12
C17,2023-09,new,28,4921,175.8,344,4.84,20.6,4.16,1.093,43.65,37.83,397.52,3500.91,4326.84,148.52,1830.37,646,220.8
C17,2023-10,new,35,6585,188.1,485,4.45,24.6,4.22,1.096,42.41,37.73,477.43,3593.72,4102.69,146.83,1764.94,646,249.21
C17,2023-11,new,25,4466,178.6,328,4.61,27.0,4.54,1.099,44.35,39.06,495.09,3128.25,4310.98,142.47,1772.79,646,225.14
C17,2023-12,new,28,4954,176.9,302,4.57,22.6,4.39,1.102,43.99,38.33,565.75,3191.46,4056.03,140.37,1453.13,646,222.18
C17,2024-01,new,34,6265,184.3,359,4.31,29.9,4.47,1.105,42.76,37.08,446.84,3292.8,4171.92,154.48,1644.28,646,195.74
C17,2024-02,new,27,5256,194.7,355,4.0,24.1,4.74,1.108,42.94,38.52,471.66,3504.71,4108.56,140.08,1956.44,646,255.55
C17,2024-03,new,32,5943,185.7,354,4.11,30.0,4.31,1.111,43.74,37.37,617.58,3211.88,4425.86,153.01,1724.36,646,258.12
C17,2024-04,new,32,6381,199.4,350,3.76,23.6,4.45,1.114,42.9,36.58,467.27,3166.3,4109.44,133.17,1768.43,646,187.79
C17,2024-05,new,25,5138,205.5,344,3.58,28.0,4.13,1.117,43.06,38.4,524.43,3252.01,4197.53,139.47,1572.27,646,226.5
C17,2024-06,new,29,5724,197.4,451,3.66,25.4,3.76,1.12,41.26,37.86,533.08,3452.07,4416.06,140.45,1906.14,646,236.28
C17,2024-07,new,21,4499,214.2,326,3.32,19.3,4.14,1.122,43.95,37.5,558.27,3105.42,4136.54,131.25,1671.17,646,234.36
C17,2024-08,new,21,4518,215.1,270,3.25,24.4,4.14,1.125,44.19,37.06,372.64,3726.81,4002.53,131.11,1712.5,646,229.44
C17,2024-09,new,25,5160,206.4,372,3.34,26.6,3.87,1.128,43.07,38.57,492.79,3755.21,3963.99,146.02,1840.84,646,237.7
C17,2024-10,new,34,7157,210.5,416,3.23,29.3,3.91,1.131,42.81,38.71,398.95,3368.91,3880.33,130.12,1766.2,646,185.48
C17,2024-11,new,28,6062,216.5,343,3.1,34.3,3.95,1.134,42.95,37.85,432.86,3495.52,4657.1,143.37,1823.49,646,196.94
C17,2024-12,new,30,6449,215.0,333,3.09,31.0,4.25,1.137,43.83,38.63,497.08,2832.35,4206.87,150.55,1814.6,646,220.21
C17,2025-01,new,30,6476,215.9,378,3.04,26.5,4.12,1.14,44.29,39.46,429.28,3464.06,4507.75,136.46,1541.47,646,219.04
C17,2025-02,new,22,4551,206.9,288,3.15,32.0,4.25,1.143,44.25,39.71,499.97,3664.11,4498.33,134.92,1607.5,646,192.65
C17,2025-03,new,29,6463,222.9,362,2.9,27.9,3.9,1.146,45.38,40.08,424.61,3297.27,4262.55,134.8,1454.06,646,193.42
C17,2025-04,new,32,7447,232.7,364,2.75,32.2,4.15,1.149,44.87,39.52,476.14,3294.69,4127.47,141.77,1689.27,646,253.87
C17,2025-05,new,28,6507,232.4,307,2.74,31.4,4.08,1.152,45.89,39.48,557.3,3376.81,4336.4,163.3,1638.77,646,219.86
C17,2025-06,new,29,6191,213.5,317,2.97,29.9,4.28,1.155,47.22,39.05,524.06,3678.97,4774.27,142.57,1769.69,646,203.55
C17,2025-07,new,31,7221,232.9,457,2.71,29.5,4.33,1.158,45.67,41.17,471.13,3606.71,4224.82,171.02,2129.99,646,260.86
C17,2025-08,new,26,6091,234.3,289,2.68,32.6,3.57,1.16,45.2,38.76,617.98,3570.0,4459.04,169.35,1636.32,646,197.32
C17,2025-09,new,35,7491,214.0,330,2.93,27.1,3.98,1.163,45.47,39.11,446.14,3297.1,4802.21,152.87,1751.76,646,189.46
C17,2025-10,new,30,7022,234.1,319,2.67,31.7,3.91,1.166,46.77,39.39,456.03,3543.86,4296.04,152.16,1558.09,646,183.88
C17,2025-11,new,15,3372,224.8,217,2.77,24.7,3.84,1.169,45.5,40.0,430.05,3344.42,4200.37,148.02,1660.03,646,230.87
C17,2025-12,new,33,7342,222.5,356,2.79,32.4,4.39,1.172,45.78,39.5,580.63,3136.3,4372.61,131.65,1724.34,646,214.41
C18,2021-01,legacy,20,3036,151.8,180,6.13,17.3,4.75,1.0,54.26,46.72,583.22,4342.9,4697.44,201.14,1933.61,537,290.4
C18,2021-02,legacy,20,2956,147.8,156,6.29,17.9,4.75,1.003,52.99,47.89,524.23,4486.38,5666.8,172.23,2277.4,537,290.46
C18,2021-03,legacy,13,1701,130.8,103,7.11,26.2,4.55,1.006,53.72,46.12,608.49,4047.56,4931.24,160.92,1895.2,537,262.22
C18,2021-04,legacy,11,1668,151.6,92,6.13,22.5,4.83,1.009,54.86,45.67,534.97,3729.62,5817.75,178.44,1924.37,537,310.56
C18,2021-05,legacy,17,2379,139.9,177,6.65,23.3,5.35,1.012,53.66,47.5,553.47,4810.64,5758.29,185.8,1930.52,537,264.71
C18,2021-06,legacy,14,2084,148.9,135,6.25,19.9,4.48,1.015,52.58,48.19,591.0,3771.51,4979.64,161.66,1938.2,537,273.81
C18,2021-07,legacy,13,2027,155.9,113,5.96,19.5,4.4,1.018,53.84,47.8,766.09,4329.28,5812.64,161.62,2224.06,537,287.43
C18,2021-08,legacy,20,2951,147.6,205,6.3,21.6,4.87,1.02,55.71,47.48,550.85,4144.57,5560.64,159.4,2116.11,537,331.9
C18,2021-09,legacy,19,2768,145.7,196,6.38,26.6,4.69,1.023,54.7,47.92,578.73,4504.24,5098.46,187.45,2057.87,537,283.73
C18,2021-10,legacy,22,3319,150.9,214,6.16,22.6,4.7,1.026,53.39,47.8,616.19,4176.5,5516.28,176.75,2161.99,537,289.99
C18,2021-11,legacy,18,2775,154.2,142,6.03,20.3,4.7,1.029,53.73,46.72,559.45,4011.13,5093.57,177.49,2204.9,537,354.14
C18,2021-12,legacy,13,1850,142.3,122,6.54,20.7,4.77,1.032,55.26,48.02,724.17,4593.37,5114.34,187.86,2258.57,537,264.39
C18,2022-01,legacy,19,2737,144.1,184,6.46,21.7,4.71,1.035,52.68,47.73,573.48,3868.74,5553.16,185.41,2552.28,537,264.29
C18,2022-02,legacy,11,1696,154.2,115,6.03,20.9,4.33,1.038,54.81,47.93,580.19,4477.8,5225.59,179.51,2006.28,537,296.91
C18,2022-03,legacy,19,3130,164.7,151,5.65,18.1,4.64,1.041,55.57,46.98,728.53,4641.36,5123.88,163.23,2129.28,537,367.07
C18,2022-04,legacy,19,2843,149.6,235,6.22,22.7,4.45,1.044,56.36,48.06,716.39,4156.24,5777.31,160.33,2029.68,537,321.3
C18,2022-05,legacy,14,2208,157.7,148,5.9,18.2,4.0,1.047,53.88,48.53,663.64,4316.23,5455.45,192.59,2049.51,537,287.16
C18,2022-06,legacy,12,1717,143.1,195,6.5,20.5,4.48,1.05,55.23,48.43,581.05,4074.62,5692.39,161.8,2121.96,537,302.36
C18,2022-07,legacy,23,3443,149.7,248,6.21,16.2,4.52,1.052,56.7,47.92,721.58,4795.42,5471.02,166.86,2050.74,537,277.71
C18,2022-08,legacy,25,3756,150.2,276,6.19,17.5,4.75,1.055,57.63,48.61,608.04,3983.85,5739.08,208.41,2327.86,537,285.48
C18,2022-09,legacy,21,2908,138.5,192,6.72,20.3,4.51,1.058,56.84,49.91,674.53,4101.62,5899.71,182.8,2138.2,537,255.47
C18,2022-10,legacy,18,2690,149.4,154,6.22,29.7,4.64,1.061,56.16,49.22,687.07,4261.11,6005.82,182.37,2273.29,537,306.27
C18,2022-11,legacy,18,2662,147.9,178,6.29,19.6,4.39,1.064,55.01,49.25,674.71,4322.9,5317.43,191.02,2376.71,537,296.64
C18,2022-12,legacy,23,2952,128.3,175,7.25,21.0,4.39,1.067,56.5,50.95,598.8,4196.05,5525.32,188.55,2033.07,537,268.37
C18,2023-01,legacy,22,3272,148.7,183,6.25,19.4,4.64,1.07,57.63,49.9,613.62,4551.44,6066.3,179.87,2226.12,537,316.81
C18,2023-02,legacy,22,3364,152.9,256,6.04,21.1,4.07,1.073,57.79,49.7,569.06,4182.08,5737.24,184.02,2171.33,537,278.0
C18,2023-03,new,12,1863,155.2,121,5.9,19.1,4.11,1.076,56.61,48.41,727.47,4150.59,5407.7,207.18,2477.44,537,279.28
C18,2023-04,new,19,3005,158.2,179,5.74,20.3,4.09,1.079,57.02,50.36,786.71,4114.42,5816.44,186.98,2076.82,537,290.47
C18,2023-05,new,24,3536,147.3,208,6.09,22.8,4.07,1.082,57.34,49.8,733.66,4622.9,5890.88,205.09,2273.89,537,302.93
C18,2023-06,new,17,2604,153.2,168,5.79,21.2,4.47,1.085,56.58,52.61,706.18,4711.27,5770.02,171.1,2172.05,537,304.75
C18,2023-07,new,12,1932,161.0,103,5.44,25.6,3.93,1.088,55.7,49.5,733.03,5337.63,5460.22,195.83,2264.22,537,295.25
C18,2023-08,new,18,2836,157.6,199,5.48,25.8,4.11,1.09,57.41,50.95,588.06,4650.32,5338.36,194.5,2285.16,537,284.47
C18,2023-09,new,13,2139,164.5,129,5.17,17.9,4.67,1.093,57.47,51.53,706.58,4460.14,6107.09,180.01,2168.79,537,301.63
C18,2023-10,new,19,3529,185.7,208,4.51,32.3,4.27,1.096,57.93,51.68,586.16,4478.73,5890.74,181.88,2027.11,537,288.63
C18,2023-11,new,21,3511,167.2,245,4.92,23.3,4.71,1.099,57.36,51.21,567.93,4643.82,5336.32,175.87,2191.6,537,296.63
C18,2023-12,new,18,3173,176.3,165,4.58,28.7,4.59,1.102,59.41,52.03,631.21,4533.36,5604.02,211.2,2279.24,537,295.72
C18,2024-01,new,18,3689,204.9,249,3.87,29.5,3.75,1.105,59.55,51.03,669.91,4572.32,6173.36,213.01,1970.88,537,329.36
C18,2024-02,new,17,3162,186.0,195,4.18,27.0,3.44,1.108,58.27,51.58,683.84,4165.66,6332.72,176.11,2327.69,537,337.45
C18,2024-03,new,17,3062,180.1,206,4.24,23.2,4.05,1.111,59.75,50.85,802.23,4528.05,5498.65,214.48,2530.41,537,349.85
C18,2024-04,new,24,4749,197.9,306,3.79,24.9,4.08,1.114,58.75,50.2,697.74,4103.28,5555.41,254.31,2178.26,537,308.24
C18,2024-05,new,15,3007,200.5,158,3.67,27.0,4.1,1.117,57.67,51.23,599.3,4922.53,5791.4,197.14,2416.96,537,317.21
C18,2024-06,new,16,3254,203.4,206,3.55,29.8,4.16,1.12,58.83,51.21,742.92,4171.7,5531.46,180.94,2466.26,537,291.0
C18,2024-07,new,16,2968,185.5,200,3.83,27.6,4.07,1.122,60.85,51.8,651.94,4450.83,6028.45,216.8,2444.73,537,280.65
C18,2024-08,new,17,3591,211.2,181,3.31,29.3,3.86,1.125,60.34,52.24,686.6,4948.01,6350.95,201.36,2508.66,537,323.47
C18,2024-09,new,21,4518,215.1,264,3.2,35.0,3.92,1.128,58.26,52.38,614.12,4418.39,5949.03,206.76,2793.03,537,283.43
C18,2024-10,new,20,4812,240.6,280,2.82,35.9,3.79,1.131,61.54,51.88,630.96,4478.18,6285.78,215.42,2230.82,537,254.77
C18,2024-11,new,17,3807,223.9,165,3.0,29.2,4.06,1.134,60.37,53.18,582.75,4513.84,6122.62,213.65,2369.27,537,330.1
C18,2024-12,new,22,4652,211.5,219,3.14,26.6,3.87,1.137,62.14,53.39,647.94,4558.35,6048.4,202.94,2173.03,537,287.83
C18,2025-01,new,16,3567,222.9,168,2.95,30.6,4.04,1.14,60.41,52.99,593.85,4162.4,5589.87,230.74,2596.21,537,307.46
C18,2025-02,new,26,5962,229.3,350,2.84,32.2,3.21,1.143,60.09,53.18,641.92,4349.6,6159.52,185.33,2363.64,537,292.02
C18,2025-03,new,17,3737,219.8,168,2.94,35.4,3.8,1.146,59.7,52.99,730.21,4583.25,5680.18,225.23,2522.7,537,266.39
C18,2025-04,new,26,5781,222.3,365,2.88,30.2,3.99,1.149,60.45,53.95,755.67,4361.6,6632.49,208.39,2386.82,537,278.42
C18,2025-05,new,20,4859,243.0,280,2.62,26.4,3.88,1.152,61.78,54.19,673.64,4695.07,6076.75,213.37,2512.49,537,307.48
C18,2025-06,new,18,4167,231.5,269,2.74,27.9,4.03,1.155,61.51,53.63,624.88,4513.52,5909.7,197.23,2375.51,537,290.53
C18,2025-07,new,11,2560,232.7,188,2.71,30.1,3.91,1.158,61.41,53.56,833.12,4229.02,5788.43,211.73,2197.91,537,260.91
C18,2025-08,new,12,2565,213.8,150,2.94,28.7,3.8,1.16,60.17,53.52,631.92,4750.14,5679.0,185.73,2290.01,537,326.81
C18,2025-09,new,19,4425,232.9,307,2.69,29.0,4.05,1.163,62.46,52.95,693.48,4690.74,5692.99,209.94,2634.99,537,298.31
C18,2025-10,new,19,3862,203.3,204,3.07,24.6,3.39,1.166,61.12,54.43,805.42,4749.57,5836.93,214.92,2284.77,537,240.99
C18,2025-11,new,22,5397,245.3,417,2.54,37.1,3.49,1.169,61.68,53.66,734.2,4833.07,5851.43,195.43,2466.79,537,320.79
C18,2025-12,new,21,4667,222.2,273,2.8,33.3,3.8,1.172,63.73,56.26,625.44,4757.18,5610.77,186.28,2229.42,537,298.74
C19,2021-01,legacy,23,3590,156.1,192,5.96,21.2,4.1,1.0,63.77,56.26,729.04,5677.32,6676.96,222.37,2488.3,643,406.16
C19,2021-02,legacy,14,2287,163.4,138,5.69,29.8,4.04,1.003,66.73,55.74,632.27,4636.93,6749.17,226.79,2627.91,643,347.13
C19,2021-03,legacy,16,2256,141.0,146,6.6,18.1,4.23,1.006,65.62,57.46,698.03,5252.33,6369.84,235.12,2515.99,643,374.95
C19,2021-04,legacy,11,1773,161.2,120,5.77,27.1,4.5,1.009,66.46,58.41,720.27,4756.59,6790.87,242.79,2802.91,643,320.62
C19,2021-05,legacy,12,1830,152.5,116,6.1,23.1,3.85,1.012,66.73,56.96,702.33,5603.51,6666.42,205.21,2735.06,643,368.48
C19,2021-06,legacy,11,1773,161.2,107,5.77,28.6,4.13,1.015,66.11,57.14,698.0,4535.66,7047.25,208.3,2804.5,643,353.77
C19,2021-07,legacy,14,2063,147.4,179,6.31,17.9,4.04,1.018,66.81,56.77,749.97,5471.91,6483.13,192.96,2679.84,643,317.29
C19,2021-08,legacy,18,2601,144.5,174,6.44,20.5,4.05,1.02,68.24,57.12,796.34,5185.97,6217.55,218.67,2740.33,643,338.66
C19,2021-09,legacy,16,2602,162.6,189,5.72,21.9,4.45,1.023,69.25,57.32,670.37,4973.39,6436.71,221.32,2507.56,643,326.4
C19,2021-10,legacy,11,1699,154.5,109,6.02,19.1,4.3,1.026,67.38,58.31,868.87,4980.33,6642.15,213.85,2868.03,643,359.1
C19,2021-11,legacy,18,2719,151.1,195,6.16,21.8,4.38,1.029,67.24,59.13,803.42,4425.3,6623.86,222.09,2701.25,643,354.19
C19,2021-12,legacy,14,1970,140.7,119,6.61,26.7,3.87,1.032,68.02,58.31,678.95,4939.14,6504.71,215.61,2573.55,643,394.74
C19,2022-01,legacy,22,3584,162.9,205,5.71,19.8,4.21,1.035,66.17,58.93,618.99,5517.18,6010.96,221.96,2388.14,643,298.31
C19,2022-02,legacy,14,2068,147.7,131,6.3,23.7,3.79,1.038,72.11,59.41,872.85,5216.17,6681.95,229.79,2413.59,643,398.95
C19,2022-03,legacy,19,2825,148.7,177,6.25,28.2,3.81,1.041,69.56,59.24,828.57,5848.38,7256.13,229.27,2151.64,643,357.11
C19,2022-04,legacy,13,1880,144.6,129,6.43,18.4,4.25,1.044,67.95,59.53,859.49,4680.16,7047.02,254.93,2528.08,643,389.29
C19,2022-05,legacy,12,1809,150.8,112,6.17,22.3,3.63,1.047,69.25,59.1,817.9,5451.28,6461.26,239.75,2595.61,643,330.22
C19,2022-06,legacy,16,2497,156.1,141,5.96,22.9,4.28,1.05,69.73,60.23,698.79,5694.38,6104.87,251.23,2354.76,643,375.69
C19,2022-07,legacy,12,1801,150.1,137,6.2,23.1,4.16,1.052,68.9,60.5,745.62,5123.24,7416.12,233.72,2388.54,643,393.17
C19,2022-08,legacy,21,3147,149.9,188,6.21,23.7,4.0,1.055,70.93,60.19,854.62,5401.02,7312.29,219.48,2461.74,643,379.3
C19,2022-09,legacy,16,2332,145.8,149,6.38,25.4,4.15,1.058,67.53,59.63,634.34,4656.29,6656.05,199.42,2634.54,643,418.42
C19,2022-10,legacy,18,2961,164.5,225,5.65,19.3,4.04,1.061,69.5,61.27,755.77,5228.69,6229.36,214.94,2675.54,643,370.37
C19,2022-11,legacy,16,2652,165.8,146,5.61,21.7,3.55,1.064,68.72,59.78,733.29,5403.79,6865.48,236.33,2557.65,643,309.85
C19,2022-12,legacy,18,2664,148.0,207,6.28,23.9,3.94,1.067,69.57,61.33,995.89,5080.69,6317.05,245.26,2357.45,643,370.82
C19,2023-01,legacy,21,3001,142.9,208,6.51,27.0,3.46,1.07,69.28,59.78,702.51,5589.16,6810.21,227.64,2941.84,643,316.51
C19,2023-02,legacy,17,2612,153.6,197,6.01,21.1,3.89,1.073,69.99,61.7,891.28,5569.05,6109.52,242.84,2553.88,643,395.52
C19,2023-03,legacy,17,2350,138.2,177,6.62,26.1,3.7,1.076,69.82,61.0,765.33,5790.15,7311.1,265.01,2747.67,643,342.35
C19,2023-04,legacy,19,2950,155.3,178,5.84,18.5,3.54,1.079,71.46,60.77,795.49,5445.0,6759.02,217.59,2785.44,643,373.22
C19,2023-05,legacy,11,1722,156.5,134,5.74,22.4,3.8,1.082,69.96,62.1,897.93,4981.39,7259.73,210.63,3032.99,643,331.95
C19,2023-06,legacy,10,1567,156.7,96,5.66,17.4,3.94,1.085,68.92,61.54,772.29,5391.3,7254.01,236.06,2719.83,643,332.79
C19,2023-07,legacy,13,2235,171.9,179,5.1,22.0,3.97,1.088,68.91,61.98,762.2,5545.02,7083.81,224.05,2354.77,643,325.27
C19,2023-08,legacy,18,3167,175.9,172,4.91,28.7,3.97,1.09,72.5,61.27,836.37,5826.51,6886.17,225.67,2350.7,643,377.98
C19,2023-09,legacy,14,2290,163.6,162,5.2,22.8,3.61,1.093,72.6,63.57,807.54,5343.39,6891.73,235.27,2461.0,643,330.14
C19,2023-10,legacy,14,2204,157.4,165,5.32,28.1,3.77,1.096,72.27,60.82,726.8,5504.76,6298.28,241.37,3031.78,643,384.26
C19,2023-11,legacy,24,4143,172.6,324,4.77,17.4,3.73,1.099,72.26,61.99,856.29,5130.48,7469.23,242.75,3040.55,643,364.42
C19,2023-12,legacy,19,3335,175.5,204,4.6,26.8,4.11,1.102,71.25,63.61,784.62,4900.91,7295.56,243.01,2779.49,643,363.2
C19,2024-01,legacy,18,2780,154.4,133,5.14,25.3,3.67,1.105,72.78,64.46,880.3,5807.78,7278.16,263.08,2730.59,643,374.17
C19,2024-02,legacy,15,2405,160.3,154,4.85,22.7,3.57,1.108,72.68,62.64,879.94,5243.79,7105.68,245.25,2964.12,643,349.9
C19,2024-03,new,13,2467,189.8,113,4.02,24.4,3.42,1.111,72.32,61.37,997.81,5926.05,6614.59,202.38,2947.96,643,356.01
C19,2024-04,new,22,3914,177.9,202,4.21,25.6,3.63,1.114,73.87,64.63,760.68,5292.74,7505.5,220.08,3090.99,643,413.12
C19,2024-05,new,15,2806,187.1,156,3.93,24.4,3.54,1.117,71.23,62.16,792.09,5736.49,7692.79,249.13,2881.44,643,341.54
C19,2024-06,new,13,2908,223.7,160,3.23,28.4,3.51,1.12,72.74,65.65,733.88,5722.42,7225.68,278.27,2813.9,643,378.23
C19,2024-07,new,11,2105,191.4,110,3.71,26.8,3.54,1.122,73.66,62.54,992.51,5657.24,7384.62,261.53,2775.21,643,354.75
C19,2024-08,new,13,2857,219.8,150,3.18,29.6,4.03,1.125,73.29,65.6,837.26,5509.81,7098.18,209.32,2604.11,643,353.93
C19,2024-09,new,10,2018,201.8,109,3.41,25.7,3.69,1.128,74.3,63.51,797.94,5889.9,7035.83,237.59,2537.81,643,351.93
C19,2024-10,new,15,3405,227.0,152,2.99,27.6,3.63,1.131,74.43,66.28,947.97,5863.45,7115.6,255.07,2692.74,643,360.65
C19,2024-11,new,20,4407,220.4,330,3.04,27.2,3.49,1.134,74.38,64.29,824.68,5315.97,7442.55,241.91,3184.95,643,363.05
C19,2024-12,new,17,3910,230.0,267,2.88,27.8,3.27,1.137,73.86,64.66,932.07,5305.54,7537.35,220.53,2726.39,643,384.64
C19,2025-01,new,14,2835,202.5,163,3.24,27.4,3.26,1.14,72.76,63.13,924.75,4949.77,7542.93,261.68,2596.49,643,463.34
C19,2025-02,new,23,5178,225.1,269,2.89,32.5,3.47,1.143,74.73,64.32,822.76,5794.6,6682.29,277.27,2837.21,643,383.76
C19,2025-03,new,16,3445,215.3,165,3.0,32.4,3.16,1.146,76.84,64.35,886.36,6130.83,6894.05,216.98,2875.54,643,357.86
C19,2025-04,new,19,4448,234.1,287,2.74,28.8,3.19,1.149,73.91,65.34,858.04,5647.57,7014.41,293.61,2651.8,643,344.84
C19,2025-05,new,15,3517,234.5,209,2.72,31.7,2.96,1.152,76.47,65.65,851.54,5496.32,7743.43,239.38,2673.56,643,306.53
C19,2025-06,new,18,4102,227.9,194,2.78,28.5,3.08,1.155,78.27,66.91,963.92,5644.34,7862.29,246.79,2842.94,643,427.29
C19,2025-07,new,13,2921,224.7,198,2.81,34.7,3.33,1.158,74.23,65.42,747.84,6590.15,7205.6,219.85,3071.67,643,386.78
C19,2025-08,new,15,3403,226.9,203,2.77,25.1,2.92,1.16,75.43,66.21,946.81,5469.13,7754.96,272.97,2877.21,643,336.26
C19,2025-09,new,14,3233,230.9,154,2.71,24.8,3.57,1.163,75.7,67.34,785.9,5606.95,8565.78,207.1,2750.37,643,441.9
C19,2025-10,new,16,3540,221.2,160,2.82,29.2,3.37,1.166,76.01,66.73,780.35,5615.21,7590.17,252.82,3107.94,643,337.52
C19,2025-11,new,20,4452,222.6,232,2.8,29.7,3.45,1.169,76.4,64.11,890.37,6251.3,6725.39,264.67,2765.17,643,344.78
C19,2025-12,new,6,1321,220.2,77,2.82,24.3,3.49,1.172,76.66,65.58,852.73,6164.2,7216.72,255.18,2982.55,643,376.77
C20,2021-01,legacy,11,1555,141.4,103,6.58,23.9,4.0,1.0,47.21,41.57,578.81,3538.82,4852.12,146.86,1723.33,609,272.37
C20,2021-02,legacy,19,3040,160.0,221,5.81,24.9,4.37,1.003,48.51,42.11,679.0,3542.45,4436.34,159.12,2220.98,609,258.93
C20,2021-03,legacy,14,1948,139.1,149,6.68,21.4,4.01,1.006,47.95,42.25,536.78,3646.94,4555.37,139.84,1925.02,609,250.83
C20,2021-04,legacy,19,3086,162.4,186,5.73,25.8,4.41,1.009,49.5,41.54,556.28,4077.42,4428.71,153.87,1935.2,609,307.15
C20,2021-05,legacy,14,2196,156.9,155,5.93,28.0,4.63,1.012,47.98,43.7,511.7,3172.83,5284.46,148.54,1810.79,609,271.31
C20,2021-06,legacy,15,2040,136.0,183,6.84,21.4,4.2,1.015,47.36,41.9,560.03,3488.13,4750.96,141.72,1583.93,609,264.28
C20,2021-07,legacy,12,1620,135.0,121,6.89,24.4,4.3,1.018,46.6,42.33,532.47,3940.01,5089.62,159.37,1928.09,609,277.8
C20,2021-08,legacy,17,2561,150.6,201,6.17,22.9,4.63,1.02,49.65,43.08,562.76,3766.75,4468.65,152.1,1773.22,609,264.23
C20,2021-09,legacy,15,2119,141.3,108,6.58,26.7,4.5,1.023,48.76,42.48,508.96,3690.05,4527.78,150.2,1922.14,609,274.71
C20,2021-10,legacy,20,3033,151.6,189,6.13,28.3,3.84,1.026,49.49,42.5,519.16,3516.21,5293.74,151.72,1818.55,609,268.17
C20,2021-11,legacy,12,1909,159.1,138,5.85,25.6,4.28,1.029,49.29,44.3,538.85,3700.88,4769.11,143.3,2006.92,609,208.47
C20,2021-12,legacy,14,2151,153.6,142,6.05,20.9,3.89,1.032,49.43,43.47,422.68,3665.84,5781.27,153.37,1875.37,609,250.0
C20,2022-01,legacy,15,2228,148.5,168,6.26,20.3,4.28,1.035,50.38,43.51,610.6,3770.05,4747.81,164.76,1888.56,609,292.04
C20,2022-02,legacy,16,2381,148.8,173,6.25,20.3,3.79,1.038,48.63,43.47,590.68,3313.61,4897.48,177.26,2185.34,609,278.87
C20,2022-03,legacy,7,1148,164.0,91,5.67,25.6,4.04,1.041,49.34,44.17,528.95,3728.83,4883.35,155.02,2120.15,609,292.27
C20,2022-04,legacy,12,1767,147.2,88,6.32,20.0,4.29,1.044,50.07,42.93,500.1,3550.14,5476.04,144.88,1832.39,609,222.58
C20,2022-05,legacy,10,1667,166.7,116,5.58,17.3,4.3,1.047,48.22,44.14,604.96,3873.7,4377.89,180.05,1922.32,609,277.53
C20,2022-06,legacy,21,3565,169.8,227,5.48,24.4,4.39,1.05,50.03,44.27,524.03,3756.8,4929.28,148.81,1800.27,609,244.93
C20,2022-07,legacy,16,2357,147.3,139,6.31,21.1,3.48,1.052,51.25,42.69,501.38,3780.39,4954.11,142.68,1793.11,609,308.86
C20,2022-08,legacy,19,2911,153.2,241,6.07,22.3,4.09,1.055,49.2,43.79,486.98,3896.09,4743.35,142.17,2183.43,609,305.34
C20,2022-09,legacy,15,2499,166.6,129,5.58,25.4,4.43,1.058,51.15,45.21,550.74,3970.1,4864.66,159.1,1850.01,609,276.17
C20,2022-10,legacy,15,2168,144.5,168,6.43,20.2,4.12,1.061,50.96,45.02,603.43,3873.28,5372.14,158.62,2371.84,609,291.29
C20,2022-11,legacy,17,2627,154.5,174,6.02,22.4,3.79,1.064,51.13,45.48,499.78,3880.27,5098.41,182.36,1977.75,609,289.43
C20,2022-12,legacy,15,2405,160.3,180,5.8,20.7,4.06,1.067,51.35,45.46,732.27,3588.75,4913.59,158.81,1721.47,609,255.07
C20,2023-01,legacy,18,2552,141.8,169,6.56,25.7,4.0,1.07,52.64,44.55,619.3,3891.36,5193.26,177.12,2195.64,609,225.97
C20,2023-02,legacy,20,3096,154.8,235,5.96,23.8,3.79,1.073,51.51,44.37,699.73,3957.71,5099.73,172.02,1846.14,609,303.93
C20,2023-03,legacy,18,2763,153.5,190,5.97,17.7,3.79,1.076,49.73,44.86,510.3,4126.6,5433.53,174.41,1986.75,609,295.3
C20,2023-04,legacy,18,2675,148.6,176,6.11,23.3,4.05,1.079,51.95,43.29,567.82,3774.96,4816.18,158.05,1796.63,609,267.35
C20,2023-05,legacy,17,2874,169.1,156,5.31,26.8,4.09,1.082,52.69,45.88,584.87,3757.5,5723.63,154.53,1735.6,609,243.7
C20,2023-06,legacy,14,2160,154.3,118,5.75,26.8,3.86,1.085,51.41,44.73,702.98,4167.01,5079.46,170.41,2159.44,609,273.66
C20,2023-07,legacy,13,2332,179.4,144,4.88,26.3,4.0,1.088,51.2,46.9,674.44,4070.41,5143.38,179.85,2107.73,609,292.86
C20,2023-08,legacy,13,2145,165.0,103,5.24,23.0,4.0,1.09,52.53,44.67,553.08,3952.8,5683.99,190.25,1984.1,609,273.92
C20,2023-09,new,19,3115,163.9,225,5.19,21.9,3.63,1.093,51.92,44.88,619.7,3706.32,5244.1,159.92,1980.24,609,280.19
C20,2023-10,new,17,3012,177.2,194,4.73,26.6,3.87,1.096,51.12,44.28,557.61,4064.25,5017.99,165.14,2118.19,609,261.71
C20,2023-11,new,27,4596,170.2,330,4.83,25.1,3.7,1.099,53.1,45.72,609.1,3804.4,4694.29,190.13,1900.84,609,264.73
C20,2023-12,new,20,3816,190.8,197,4.24,31.6,3.83,1.102,54.38,44.21,607.21,4344.43,5240.51,203.54,2056.29,609,289.92
C20,2024-01,new,13,2509,193.0,143,4.11,27.6,3.38,1.105,53.03,46.33,628.11,4364.41,5003.51,176.92,1973.29,609,285.81
C20,2024-02,new,15,2649,176.6,168,4.41,21.5,3.41,1.108,53.13,46.56,525.6,4262.6,4976.34,162.35,1713.06,609,235.64
C20,2024-03,new,15,2828,188.5,186,4.05,31.1,3.63,1.111,53.45,46.36,684.54,4094.35,5597.04,176.56,2118.23,609,213.84
C20,2024-04,new,18,3643,202.4,217,3.7,31.0,3.55,1.114,53.26,48.11,549.52,4164.43,5214.07,162.73,2212.86,609,286.92
C20,2024-05,new,14,2814,201.0,158,3.66,30.5,3.34,1.117,52.85,47.77,554.34,3911.35,5150.51,156.07,1949.12,609,264.19
C20,2024-06,new,15,2883,192.2,163,3.76,25.4,3.8,1.12,51.57,44.65,640.25,3935.19,5103.99,170.99,2021.55,609,292.54
C20,2024-07,new,13,2865,220.4,146,3.22,27.6,3.67,1.122,52.43,46.55,614.2,4130.65,4729.57,177.65,2029.04,609,243.25
C20,2024-08,new,21,4769,227.1,267,3.08,27.5,3.68,1.125,54.03,47.56,660.73,3940.61,5468.28,158.5,2174.51,609,243.31
C20,2024-09,new,19,3694,194.4,236,3.54,28.9,3.52,1.128,52.76,47.09,613.81,4111.27,5109.31,158.84,1810.36,609,251.94
C20,2024-10,new,16,3744,234.0,243,2.9,24.7,3.53,1.131,54.02,47.93,620.35,4267.82,5095.89,145.82,2176.63,609,242.86
C20,2024-11,new,21,4035,192.1,243,3.49,25.4,3.8,1.134,54.0,48.41,716.48,4102.37,4793.87,170.88,2213.2,609,287.33
C20,2024-12,new,16,3468,216.8,189,3.06,29.0,3.71,1.137,53.59,46.07,661.34,4115.1,5933.6,159.37,2133.94,609,232.85
C20,2025-01,new,24,5081,211.7,274,3.1,24.9,3.54,1.14,54.27,47.88,713.07,3870.67,5478.49,172.29,1881.11,609,269.69
C20,2025-02,new,20,4291,214.6,257,3.03,29.6,3.6,1.143,54.6,46.52,528.42,4041.97,5385.13,172.8,1851.95,609,265.49
C20,2025-03,new,18,4055,225.3,235,2.87,28.4,3.58,1.146,53.98,47.27,543.04,4082.13,5839.59,179.28,1779.71,609,260.34
C20,2025-04,new,22,4602,209.2,296,3.06,30.0,3.41,1.149,53.25,46.08,612.18,4142.74,5570.42,194.46,1942.24,609,249.04
C20,2025-05,new,16,3578,223.6,186,2.85,28.0,3.4,1.152,54.82,48.46,611.09,4120.35,5419.0,194.62,2089.14,609,265.63
C20,2025-06,new,24,5984,249.3,274,2.54,31.2,3.16,1.155,58.24,46.93,658.88,4177.67,5194.67,165.42,2049.2,609,269.26
C20,2025-07,new,14,3258,232.7,185,2.71,30.6,3.64,1.158,55.27,46.73,633.52,4205.45,5184.04,180.06,1850.4,609,275.91
C20,2025-08,new,11,2728,248.0,126,2.53,29.1,3.34,1.16,55.58,48.6,794.72,4605.61,5453.33,192.46,2016.98,609,272.75
C20,2025-09,new,14,3355,239.6,170,2.61,32.9,3.33,1.163,54.49,49.04,620.01,4862.96,5230.89,183.12,2239.9,609,229.0
C20,2025-10,new,23,4771,207.4,333,3.01,28.4,3.14,1.166,56.42,46.87,620.66,4255.77,5393.1,191.67,2007.71,609,259.83
C20,2025-11,new,13,3299,253.8,173,2.45,32.0,3.64,1.169,55.52,48.11,546.58,4066.44,6013.64,193.73,2231.68,609,278.68
C20,2025-12,new,20,4815,240.8,228,2.58,31.0,3.0,1.172,53.66,47.51,629.47,4174.27,6116.56,190.9,1945.35,609,290.79
C21,2021-01,legacy,16,2505,156.6,171,5.94,24.5,4.96,1.0,66.13,56.97,859.15,5628.9,6771.2,218.37,2228.47,594,370.31
C21,2021-02,legacy,17,2504,147.3,156,6.31,21.9,4.74,1.003,64.57,57.11,624.59,4838.39,6013.2,244.42,2580.12,594,308.55
C21,2021-03,legacy,25,3652,146.1,291,6.37,23.8,5.23,1.006,64.79,56.13,822.3,4913.59,5402.07,217.52,2485.24,594,379.69
C21,2021-04,legacy,16,2266,141.6,191,6.57,23.6,5.19,1.009,64.76,56.09,824.71,5315.83,6180.02,203.68,2566.62,594,334.09
C21,2021-05,legacy,12,1791,149.2,95,6.23,19.0,4.77,1.012,67.32,57.6,739.17,4395.66,6136.96,219.85,2639.47,594,350.14
C21,2021-06,legacy,12,1820,151.7,139,6.13,22.8,5.04,1.015,64.7,57.27,670.33,5213.47,6603.79,229.44,2451.98,594,371.4
C21,2021-07,legacy,14,2089,149.2,163,6.23,22.5,5.22,1.018,66.31,57.52,681.84,4916.1,6556.73,210.09,2453.4,594,375.42
C21,2021-08,legacy,8,1194,149.2,76,6.23,22.4,5.29,1.02,66.4,56.24,660.75,4963.56,6747.37,203.13,2578.99,594,322.42
C21,2021-09,legacy,14,1881,134.4,120,6.92,19.3,5.25,1.023,65.12,56.38,786.12,4996.74,6636.88,198.73,2702.42,594,330.23
C21,2021-10,legacy,15,2161,144.1,142,6.46,23.4,4.93,1.026,68.11,58.79,711.56,4645.6,6351.68,207.5,2492.27,594,376.64
C21,2021-11,legacy,16,2300,143.8,148,6.47,21.7,5.11,1.029,67.81,57.95,632.13,4744.26,6987.1,194.32,2292.52,594,336.65
C21,2021-12,legacy,15,2299,153.3,153,6.07,21.8,5.27,1.032,66.38,58.04,748.16,5414.73,6046.64,235.31,2354.28,594,355.23
C21,2022-01,legacy,15,2199,146.6,142,6.34,18.0,5.0,1.035,70.17,58.51,830.48,4913.78,6028.78,210.16,2587.79,594,351.26
C21,2022-02,legacy,19,2786,146.6,154,6.34,24.0,5.26,1.038,66.13,58.66,648.75,5301.03,6638.24,229.93,2421.82,594,342.01
C21,2022-03,legacy,21,3178,151.3,185,6.15,19.9,4.92,1.041,65.92,58.88,754.93,5361.18,6840.58,204.25,2615.01,594,423.89
C21,2022-04,legacy,16,2342,146.4,166,6.35,23.7,4.93,1.044,66.18,59.01,804.07,4763.8,6862.21,242.13,3080.13,594,351.43
C21,2022-05,legacy,21,3109,148.0,220,6.28,18.8,4.43,1.047,68.47,59.52,729.15,4806.29,6430.23,242.7,2780.73,594,428.48
C21,2022-06,legacy,14,2247,160.5,168,5.79,20.4,4.29,1.05,67.49,57.58,738.21,4911.14,6219.96,204.43,2265.57,594,383.41
C21,2022-07,legacy,18,2683,149.1,177,6.24,16.1,4.55,1.052,67.98,60.68,856.27,5099.82,6217.65,223.22,2715.98,594,354.82
C21,2022-08,legacy,10,1427,142.7,108,6.52,15.3,4.94,1.055,68.03,59.88,698.1,4850.5,5924.95,230.41,2533.12,594,369.36
C21,2022-09,legacy,11,1714,155.8,110,5.97,18.6,4.61,1.058,68.98,57.83,683.17,5134.29,6658.18,234.5,2473.46,594,342.67
C21,2022-10,legacy,17,2681,157.7,203,5.9,19.6,5.24,1.061,71.19,58.74,789.57,5306.04,7017.18,250.67,2199.43,594,346.81
C21,2022-11,legacy,20,3122,156.1,191,5.96,15.8,4.61,1.064,69.0,58.64,934.47,5959.64,6593.26,264.81,2462.72,594,461.33
C21,2022-12,legacy,13,1811,139.3,154,6.68,19.2,5.05,1.067,67.79,62.21,872.84,4815.47,6592.64,254.71,2775.87,594,368.81
C21,2023-01,legacy,11,1749,159.0,134,5.85,21.0,4.58,1.07,70.28,60.73,720.38,5607.76,6774.11,219.47,2612.86,594,401.43
C21,2023-02,legacy,15,2274,151.6,220,6.09,16.6,4.58,1.073,71.49,61.67,884.07,4785.8,7153.35,271.84,2580.7,594,378.99
C21,2023-03,legacy,15,2298,153.2,167,5.98,17.7,4.51,1.076,71.24,63.15,805.76,6024.87,6329.38,212.03,2326.6,594,320.01
C21,2023-04,legacy,25,3845,153.8,271,5.9,15.7,4.58,1.079,69.41,60.71,824.57,5549.72,7128.65,224.4,2266.74,594,299.64
C21,2023-05,legacy,20,3165,158.2,255,5.67,18.7,4.54,1.082,71.16,60.89,793.98,5691.26,6513.28,240.83,2379.22,594,375.49
C21,2023-06,legacy,20,3195,159.8,188,5.56,26.9,4.24,1.085,69.87,61.24,822.64,5973.67,6840.74,212.45,2625.26,594,365.41
C21,2023-07,legacy,15,2559,170.6,145,5.14,26.6,4.59,1.088,69.23,58.92,774.03,5456.55,7190.84,237.09,2875.59,594,375.93
C21,2023-08,legacy,18,2883,160.2,175,5.39,28.7,4.44,1.09,72.2,62.49,735.75,5462.15,7353.91,210.09,2700.78,594,357.25
C21,2023-09,legacy,17,2696,158.6,199,5.37,18.7,4.43,1.093,68.9,62.4,639.74,4876.48,6757.25,215.85,2586.7,594,344.42
C21,2023-10,legacy,17,2840,167.1,189,5.01,31.8,4.23,1.096,71.5,62.28,827.02,5256.18,6784.32,259.1,2550.61,594,365.67
C21,2023-11,legacy,25,4038,161.5,212,5.09,21.1,4.53,1.099,68.4,62.41,969.3,5553.0,7680.4,216.08,2343.23,594,447.96
C21,2023-12,legacy,19,3324,174.9,238,4.62,22.2,4.41,1.102,73.28,63.52,703.3,5491.43,6503.87,197.85,2781.95,594,328.69
C21,2024-01,legacy,9,1506,167.3,81,4.74,25.2,4.5,1.105,73.0,64.08,729.15,5316.05,6736.78,244.42,2621.3,594,347.65
C21,2024-02,legacy,17,2974,174.9,187,4.45,24.7,3.94,1.108,72.6,63.17,800.28,5112.23,7010.15,236.48,2649.24,594,349.79
C21,2024-03,new,16,2994,187.1,213,4.08,29.2,4.34,1.111,71.6,62.37,713.38,5315.04,6517.03,198.8,3043.19,594,408.84
C21,2024-04,new,15,3122,208.1,178,3.6,27.2,4.43,1.114,71.08,64.64,765.0,5823.22,7645.48,228.14,2833.39,594,354.91
C21,2024-05,new,11,2281,207.4,143,3.55,27.1,4.0,1.117,73.32,63.13,871.85,5811.47,7282.98,229.33,2585.81,594,336.31
C21,2024-06,new,16,3096,193.5,218,3.73,27.2,4.1,1.12,72.49,62.39,794.78,6329.1,7338.86,235.03,2757.01,594,368.15
C21,2024-07,new,14,2826,201.9,206,3.52,31.9,4.3,1.122,71.5,60.97,707.29,5363.91,6690.87,229.53,2928.27,594,387.84
C21,2024-08,new,12,2523,210.2,136,3.32,30.3,3.96,1.125,71.17,63.14,874.76,5664.33,7199.38,216.11,2680.49,594,406.58
C21,2024-09,new,19,3728,196.2,198,3.51,27.6,4.37,1.128,73.44,64.21,942.11,5236.65,7425.91,214.59,2438.16,594,369.44
C21,2024-10,new,25,5027,201.1,289,3.38,29.5,4.3,1.131,71.97,64.35,798.4,6184.58,7811.3,236.32,2858.92,594,401.18
C21,2024-11,new,18,4006,222.6,280,3.01,29.6,4.56,1.134,72.55,63.35,866.45,5644.93,7381.7,200.37,2802.49,594,377.2
C21,2024-12,new,15,3371,224.7,207,2.95,29.0,4.43,1.137,74.13,63.26,739.14,5363.04,6675.44,221.09,2705.7,594,368.47
C21,2025-01,new,15,3567,237.8,152,2.76,23.9,3.78,1.14,73.38,63.79,745.24,5590.46,7648.01,223.73,3054.69,594,338.39
C21,2025-02,new,14,2877,205.5,177,3.17,29.0,4.27,1.143,72.09,63.84,733.19,5735.1,7048.24,231.8,2462.4,594,383.17
C21,2025-03,new,22,4797,218.0,233,2.96,32.2,4.29,1.146,74.99,64.55,778.7,6122.35,7438.33,228.92,3138.09,594,413.01
C21,2025-04,new,14,2786,199.0,154,3.22,27.1,4.15,1.149,75.43,65.03,787.85,5271.78,7122.31,266.46,2680.45,594,344.43
C21,2025-05,new,20,4977,248.8,282,2.56,29.0,4.12,1.152,71.66,62.7,745.82,5235.89,8012.46,227.08,2727.54,594,336.03
C21,2025-06,new,17,3553,209.0,168,3.03,24.2,4.23,1.155,77.53,63.97,823.82,5542.25,7476.41,276.57,2681.25,594,399.44
C21,2025-07,new,18,4017,223.2,138,2.83,28.8,4.2,1.158,74.73,66.92,713.7,5264.72,7373.41,259.49,2705.8,594,336.37
C21,2025-08,new,20,5078,253.9,360,2.47,26.1,3.99,1.16,75.47,64.79,829.47,5480.49,7116.61,235.65,2896.82,594,345.66
C21,2025-09,new,20,4944,247.2,280,2.53,32.2,4.1,1.163,74.41,66.92,785.96,5779.57,7686.64,262.23,2606.44,594,374.05
C21,2025-10,new,13,2819,216.8,145,2.88,30.1,4.21,1.166,75.77,65.87,791.78,6914.95,7237.45,217.08,2839.74,594,300.8
C21,2025-11,new,14,3645,260.4,185,2.39,30.9,4.26,1.169,71.93,64.48,754.15,5472.41,7273.65,232.04,2879.48,594,410.61
C21,2025-12,new,15,3522,234.8,162,2.65,37.2,4.45,1.172,74.82,65.79,754.72,5361.39,7464.54,243.35,2843.33,594,326.5
C22,2021-01,legacy,27,3826,141.7,301,6.56,20.8,4.16,1.0,64.0,55.51,756.17,4757.08,6148.32,215.36,2605.48,643,340.74
C22,2021-02,legacy,17,2596,152.7,215,6.09,22.0,4.3,1.003,62.17,54.88,660.07,5216.46,6174.07,182.65,2389.6,643,430.64
C22,2021-03,legacy,26,4058,156.1,264,5.96,15.9,4.72,1.006,62.36,55.16,810.51,4744.37,5297.31,211.05,2523.56,643,353.11
C22,2021-04,legacy,21,3275,156.0,211,5.96,23.6,3.75,1.009,65.06,56.54,702.46,5274.83,5871.57,220.5,2220.95,643,389.84
C22,2021-05,legacy,18,2392,132.9,181,7.0,23.2,3.69,1.012,64.76,56.4,753.03,4830.38,6735.89,217.15,2408.39,643,373.35
C22,2021-06,legacy,21,3513,167.3,189,5.56,21.3,3.66,1.015,63.37,56.31,605.83,5046.51,6486.13,246.22,2246.28,643,337.24
C22,2021-07,new,24,3287,137.0,240,6.79,16.9,3.71,1.018,64.76,55.84,740.63,4878.12,6582.02,173.5,2334.17,643,290.48
C22,2021-08,new,16,2375,148.4,188,6.27,24.5,4.15,1.02,63.39,55.7,728.92,4725.54,6332.73,220.04,2215.58,643,356.81
C22,2021-09,new,26,4247,163.3,231,5.69,19.5,4.2,1.023,62.86,55.71,811.98,4713.56,6151.06,219.1,2616.15,643,360.12
C22,2021-10,new,22,3383,153.8,236,6.05,24.9,3.88,1.026,66.46,54.27,764.02,4893.86,5844.43,224.83,2350.1,643,315.84
C22,2021-11,new,15,2250,150.0,162,6.2,25.7,3.97,1.029,65.51,55.64,766.98,4737.46,6692.61,206.33,2756.36,643,340.17
C22,2021-12,new,23,3337,145.1,207,6.41,17.2,4.26,1.032,63.05,55.79,626.34,5141.3,6897.28,234.29,2504.18,643,422.89
C22,2022-01,new,18,2797,155.4,229,5.98,18.3,4.24,1.035,66.06,56.23,726.52,4920.93,7128.45,174.02,2499.97,643,347.17
C22,2022-02,new,19,3094,162.8,232,5.71,23.4,4.01,1.038,62.51,55.52,637.06,4851.81,6371.75,241.83,3018.95,643,395.73
C22,2022-03,new,34,4950,145.6,303,6.39,25.4,3.25,1.041,65.47,56.56,737.88,4716.28,6992.25,195.62,2573.68,643,329.84
C22,2022-04,new,28,4314,154.1,258,6.04,23.2,3.24,1.044,65.28,59.2,823.98,4614.84,5698.49,236.31,2352.82,643,375.91
C22,2022-05,new,21,3089,147.1,146,6.32,19.4,4.05,1.047,62.53,57.33,665.34,4828.34,6089.34,199.64,2298.44,643,382.69
C22,2022-06,new,22,3228,146.7,195,6.34,21.3,3.5,1.05,63.87,57.15,776.88,5361.14,6204.17,228.85,2560.48,643,300.56
C22,2022-07,new,22,2932,133.3,262,6.98,20.1,3.91,1.052,67.15,58.38,766.65,4972.16,7019.96,208.87,2445.01,643,333.0
C22,2022-08,new,23,3510,152.6,269,6.09,14.8,3.86,1.055,66.07,58.94,738.38,5390.21,5853.88,206.96,2311.39,643,317.87
C22,2022-09,new,25,3970,158.8,308,5.86,21.4,3.77,1.058,64.49,59.11,829.03,4835.36,6644.12,237.37,2684.69,643,281.41
C22,2022-10,new,24,3578,149.1,325,6.24,20.8,4.05,1.061,64.92,58.66,747.52,5158.87,6902.35,211.55,2428.01,643,352.43
C22,2022-11,new,18,2878,159.9,195,5.82,21.9,3.67,1.064,67.45,58.87,695.21,4766.78,6007.85,237.76,2637.66,643,336.9
C22,2022-12,new,28,4256,152.0,293,6.12,23.3,3.67,1.067,65.37,58.79,825.48,5055.91,7386.82,205.4,2908.14,643,382.63
C22,2023-01,new,20,3232,161.6,215,5.75,25.6,3.44,1.13,69.61,61.31,752.24,5182.04,6294.59,210.12,2580.25,643,348.4
C22,2023-02,new,22,3378,153.5,187,6.01,24.4,3.47,1.133,69.96,60.44,1047.83,5286.13,7408.42,211.64,2574.18,643,397.3
C22,2023-03,new,18,2717,150.9,146,6.07,18.5,3.53,1.136,72.25,61.65,701.11,5545.96,7599.63,220.74,2763.95,643,343.89
C22,2023-04,new,30,4557,151.9,323,5.97,22.4,3.27,1.139,70.67,63.18,785.64,5622.98,7266.93,246.41,2765.39,643,363.17
C22,2023-05,new,24,3830,159.6,261,5.63,21.1,3.53,1.142,72.12,63.49,844.22,5164.0,6998.0,238.48,2640.55,643,390.74
C22,2023-06,new,25,4103,164.1,302,5.41,23.8,3.71,1.145,72.23,64.64,727.59,5001.47,6934.21,236.95,2828.42,643,342.87
C22,2023-07,new,26,4081,157.0,216,5.58,24.7,3.59,1.148,70.7,64.24,753.39,5445.92,7152.56,256.74,2749.96,643,313.15
C22,2023-08,new,19,3152,165.9,195,5.21,32.2,3.56,1.15,73.29,62.44,638.52,5019.82,6989.75,236.61,2917.8,643,354.64
C22,2023-09,new,17,2686,158.0,159,5.39,28.5,3.76,1.153,73.86,61.66,752.34,5257.7,6757.35,223.24,2657.02,643,363.93
C22,2023-10,new,22,3545,161.1,294,5.2,29.2,3.42,1.156,74.67,63.71,857.13,5750.4,7700.16,216.82,2490.03,643,416.38
C22,2023-11,new,18,3323,184.6,217,4.46,27.5,3.33,1.159,73.43,63.28,816.9,6619.84,6551.44,203.28,2490.28,643,388.18
C22,2023-12,new,33,6120,185.5,331,4.36,24.5,3.88,1.162,73.3,64.35,748.03,5344.7,6777.94,243.66,2542.26,643,360.77
C22,2024-01,new,26,5074,195.2,254,4.06,24.2,3.67,1.165,74.99,66.37,780.61,5573.46,7390.34,225.93,2568.7,643,307.04
C22,2024-02,new,15,2861,190.7,162,4.08,29.0,2.92,1.168,72.91,65.53,771.48,5380.31,6928.05,266.19,3040.12,643,365.68
C22,2024-03,new,30,5871,195.7,325,3.9,22.2,3.56,1.171,71.44,64.08,802.73,5112.66,6687.03,223.93,3100.91,643,315.09
C22,2024-04,new,24,5247,218.6,258,3.43,26.1,3.39,1.174,72.7,63.28,868.36,5914.01,6918.26,267.25,2929.18,643,417.97
C22,2024-05,new,18,3431,190.6,214,3.86,25.3,3.31,1.177,73.99,64.82,870.19,6060.12,7911.71,250.67,2695.1,643,313.38
C22,2024-06,new,32,6617,206.8,297,3.49,27.9,3.01,1.18,74.98,64.94,691.62,5531.74,7350.55,228.27,2508.4,643,429.8
C22,2024-07,new,23,5201,226.1,213,3.14,34.2,3.36,1.182,75.66,64.95,807.44,5610.24,6661.76,236.87,2935.52,643,339.73
C22,2024-08,new,30,7064,235.5,340,2.97,31.2,3.26,1.185,75.07,63.58,961.3,5705.95,7205.89,273.69,2773.36,643,370.49
C22,2024-09,new,23,5037,219.0,266,3.14,25.3,3.44,1.188,75.72,63.1,950.3,5713.99,7434.29,281.2,2728.14,643,316.76
C22,2024-10,new,26,5538,213.0,347,3.19,30.9,3.05,1.191,73.72,64.94,1044.09,6481.92,7218.39,242.39,2628.88,643,353.16
C22,2024-11,new,28,5703,203.7,349,3.29,24.3,3.64,1.194,73.67,66.36,990.06,5561.58,8100.16,236.53,2469.55,643,328.73
C22,2024-12,new,26,5626,216.4,340,3.07,25.8,3.75,1.197,76.84,66.67,926.16,5355.5,7394.14,249.24,2771.43,643,366.67
C22,2025-01,new,25,5549,222.0,282,2.96,27.2,3.05,1.2,76.67,65.73,832.9,5476.73,6683.87,249.06,2941.38,643,339.98
C22,2025-02,new,17,3770,221.8,230,2.93,29.4,2.96,1.203,75.34,67.75,791.76,5989.53,7994.83,258.39,2906.11,643,394.63
C22,2025-03,new,18,4129,229.4,193,2.81,26.1,3.05,1.206,74.45,66.16,942.27,6095.28,7111.56,258.53,2787.35,643,376.43
C22,2025-04,new,27,6248,231.4,342,2.77,33.2,3.08,1.209,76.25,65.41,923.29,5613.63,7088.29,254.43,3127.01,643,355.64
C22,2025-05,new,25,5472,218.9,287,2.91,32.3,3.21,1.212,74.93,67.16,862.14,5380.0,7455.91,240.45,2974.55,643,322.65
C22,2025-06,new,23,4932,214.4,244,2.96,28.3,3.18,1.215,73.19,68.32,774.09,5956.25,7637.42,229.9,2481.19,643,365.28
C22,2025-07,new,23,5122,222.7,302,2.83,33.0,3.34,1.218,76.26,65.51,785.46,5651.58,7515.01,268.62,3264.96,643,325.15
C22,2025-08,new,28,6521,232.9,358,2.7,36.0,2.81,1.22,75.7,66.62,736.29,5871.82,7581.03,283.23,3087.74,643,360.33
C22,2025-09,new,28,7003,250.1,341,2.5,32.8,3.23,1.223,75.19,68.6,922.4,5362.14,7403.82,289.99,2699.03,643,345.66
C22,2025-10,new,21,4360,207.6,215,3.01,32.9,3.36,1.226,78.43,66.94,932.08,5491.35,6932.84,262.09,3080.27,643,353.05
C22,2025-11,new,22,5346,243.0,261,2.56,31.0,3.01,1.229,76.84,67.64,947.5,5686.81,7385.77,311.99,3064.58,643,297.89
C22,2025-12,new,25,5626,225.0,263,2.76,33.4,2.89,1.232,76.97,68.86,908.71,5973.26,8263.44,247.27,3142.14,643,386.13
C23,2021-01,legacy,23,3687,160.3,266,5.8,26.9,4.47,1.0,54.12,47.84,602.12,4165.63,4805.23,179.97,2023.47,602,312.5
C23,2021-02,legacy,12,2013,167.8,147,5.54,28.6,4.3,1.003,54.52,47.44,635.36,3640.94,5327.19,172.37,2340.95,602,327.28
C23,2021-03,legacy,22,3407,154.9,258,6.01,20.2,4.23,1.006,56.35,47.62,686.58,4120.4,5445.98,153.69,2025.55,602,291.2
C23,2021-04,legacy,27,3804,140.9,272,6.6,20.4,4.22,1.009,55.19,48.26,571.41,4575.29,5656.32,195.56,1922.68,602,301.74
C23,2021-05,legacy,13,1909,146.8,160,6.33,25.2,4.35,1.012,54.34,46.75,659.77,4091.81,5312.81,175.92,2057.06,602,272.18
C23,2021-06,legacy,25,3840,153.6,219,6.05,21.6,4.4,1.015,55.78,48.86,658.53,4423.3,5570.45,178.26,2182.85,602,272.87
C23,2021-07,legacy,26,3837,147.6,247,6.3,23.9,3.96,1.018,57.63,48.07,647.49,4381.22,5581.14,173.53,2210.99,602,315.28
C23,2021-08,legacy,17,2547,149.8,157,6.21,22.0,4.4,1.02,54.98,48.86,548.31,4074.88,5447.41,192.24,2102.46,602,352.64
C23,2021-09,legacy,17,2445,143.8,144,6.47,20.3,4.24,1.023,56.24,48.18,628.92,4329.69,5288.61,197.12,2260.38,602,272.25
C23,2021-10,legacy,21,3118,148.5,206,6.26,15.6,3.83,1.026,58.76,48.72,579.72,4214.83,5894.92,185.81,2323.52,602,290.06
C23,2021-11,legacy,23,3337,145.1,206,6.41,22.0,4.01,1.029,57.43,48.02,666.85,4252.39,5051.45,203.64,2045.3,602,332.93
C23,2021-12,legacy,25,3949,158.0,278,5.89,21.1,3.95,1.032,56.36,48.08,578.39,3897.76,5500.08,176.33,2062.64,602,318.17
C23,2022-01,new,19,2908,153.1,194,6.08,24.1,3.8,1.035,58.23,49.03,610.03,4380.33,5526.83,185.11,2049.51,602,292.56
C23,2022-02,new,14,2196,156.9,120,5.93,24.4,3.94,1.038,56.19,48.49,684.65,4691.97,4896.96,186.46,2331.9,602,339.89
C23,2022-03,new,20,2738,136.9,196,6.79,25.8,3.89,1.041,56.37,49.75,516.18,4314.04,5904.64,213.39,2176.93,602,322.39
C23,2022-04,new,11,1612,146.5,94,6.35,20.4,3.8,1.044,57.38,50.92,622.41,4212.7,5767.55,161.16,2352.9,602,277.97
C23,2022-05,new,13,1873,144.1,116,6.45,24.8,3.89,1.047,55.97,49.44,614.07,4252.67,5638.01,184.22,2210.47,602,316.63
C23,2022-06,new,26,3813,146.7,274,6.34,20.9,3.72,1.05,56.94,50.42,566.43,4588.32,5600.35,190.75,2232.39,602,305.35
C23,2022-07,new,15,2144,142.9,176,6.51,20.2,4.04,1.052,56.61,51.8,552.57,4504.85,5598.88,187.55,2332.9,602,286.74
C23,2022-08,new,23,3317,144.2,263,6.45,24.9,3.91,1.055,57.49,49.14,613.81,4541.71,5460.38,193.47,2126.61,602,331.72
C23,2022-09,new,22,3620,164.5,245,5.65,24.5,3.85,1.058,58.64,50.38,680.52,4700.32,5414.44,176.77,2036.0,602,309.44
C23,2022-10,new,26,3849,148.0,232,6.28,22.4,3.84,1.061,58.4,51.09,688.27,4608.52,4899.77,213.88,2075.63,602,335.37
C23,2022-11,new,20,2798,139.9,184,6.65,22.4,3.64,1.064,58.78,49.52,709.95,4443.81,5917.76,177.83,2085.3,602,289.5
C23,2022-12,new,25,3695,147.8,280,6.29,25.5,3.86,1.067,59.33,51.39,619.0,4673.54,6329.35,196.64,2336.33,602,306.32
C23,2023-01,new,17,2907,171.0,173,5.44,29.3,3.5,1.07,57.46,51.55,612.6,4533.49,6090.24,164.37,2321.22,602,285.74
C23,2023-02,new,19,3008,158.3,149,5.83,24.2,3.61,1.073,59.48,51.53,754.56,3816.85,5668.08,179.67,2319.79,602,291.97
C23,2023-03,new,21,3065,146.0,185,6.27,20.9,3.74,1.076,57.54,51.92,694.4,4420.64,6216.42,226.3,2115.92,602,326.42
C23,2023-04,new,21,3231,153.9,195,5.9,20.8,3.59,1.079,59.63,51.67,617.95,4180.27,5811.29,169.09,2507.3,602,331.27
C23,2023-05,new,16,2525,157.8,186,5.69,21.3,3.51,1.082,59.61,53.09,743.82,4390.45,5458.3,195.36,2148.56,602,350.73
C23,2023-06,new,23,3712,161.4,232,5.5,24.8,3.57,1.085,58.99,50.69,545.76,4752.98,6142.22,200.2,2422.05,602,311.65
C23,2023-07,new,26,3833,147.4,267,5.94,22.9,3.64,1.088,57.81,50.73,756.47,5177.22,5805.25,179.69,2389.52,602,306.97
C23,2023-08,new,16,2531,158.2,141,5.46,23.2,3.84,1.09,58.72,52.28,696.46,4527.64,6035.58,220.04,2110.05,602,319.23
C23,2023-09,new,17,2867,168.6,184,5.05,20.0,3.4,1.093,60.03,49.8,647.9,5030.88,6405.33,213.45,2310.65,602,324.31
C23,2023-10,new,22,3463,157.4,211,5.32,23.3,4.1,1.096,61.56,52.91,649.46,4372.13,5687.62,209.1,2109.34,602,313.18
C23,2023-11,new,13,2282,175.5,171,4.69,21.5,3.53,1.099,61.4,52.33,733.86,4419.28,5475.21,187.6,2313.16,602,297.2
C23,2023-12,new,20,3637,181.8,196,4.44,24.6,3.47,1.102,58.14,51.75,655.67,4993.96,5290.84,184.39,2203.43,602,341.48
C23,2024-01,new,14,2706,193.3,110,4.1,26.5,3.73,1.105,63.0,52.82,720.79,4616.26,5347.86,189.46,2471.65,602,317.71
C23,2024-02,new,21,4210,200.5,278,3.88,30.4,3.3,1.108,59.53,53.18,560.82,4471.86,6242.3,215.94,2268.03,602,354.45
C23,2024-03,new,16,3046,190.4,166,4.01,24.5,3.04,1.111,61.31,53.13,647.82,4162.26,7032.52,246.75,2496.18,602,275.45
C23,2024-04,new,14,2780,198.6,163,3.77,28.2,3.34,1.114,59.99,53.58,666.23,4830.86,6253.24,199.98,2154.99,602,343.6
C23,2024-05,new,18,3733,207.4,169,3.55,29.5,3.17,1.117,60.09,52.24,714.33,4321.25,5834.66,222.5,2133.26,602,308.4
C23,2024-06,new,17,3654,214.9,157,3.36,25.9,3.32,1.12,60.86,55.0,615.48,4858.6,6459.85,198.58,2180.09,602,313.98
C23,2024-07,new,21,4342,206.8,226,3.44,27.7,3.53,1.122,58.97,54.66,693.42,4377.47,6367.68,223.28,2407.96,602,325.91
C23,2024-08,new,20,3999,200.0,250,3.5,23.0,3.19,1.125,61.34,53.94,619.43,5065.67,6426.84,206.28,2638.05,602,313.86
C23,2024-09,new,17,3718,218.7,213,3.15,27.0,3.65,1.128,59.6,52.55,719.98,4145.88,5842.39,203.84,2363.95,602,293.25
C23,2024-10,new,17,3816,224.5,246,3.03,31.0,3.59,1.131,60.92,53.41,682.82,4448.68,6265.56,200.91,2398.47,602,266.72
C23,2024-11,new,24,5226,217.8,241,3.08,30.7,3.15,1.134,62.64,52.72,542.59,5057.52,6704.24,211.33,2464.66,602,333.93
C23,2024-12,new,16,3602,225.1,179,2.95,31.7,2.96,1.137,62.81,55.21,738.29,4921.24,6066.4,209.26,2348.82,602,357.11
C23,2025-01,new,17,4088,240.5,216,2.73,30.9,2.97,1.14,63.94,54.04,690.13,4978.38,5989.84,214.34,2342.06,602,289.35
C23,2025-02,new,18,3866,214.8,219,3.03,30.4,2.63,1.143,64.46,53.87,679.86,4763.72,6663.8,184.18,2282.41,602,353.82
C23,2025-03,new,23,4913,213.6,247,3.02,30.7,3.39,1.146,64.01,53.4,844.0,5035.9,6324.34,185.64,2470.34,602,366.2
C23,2025-04,new,20,4201,210.0,236,3.05,30.1,3.26,1.149,63.86,55.46,637.11,5426.51,6533.73,175.3,2666.8,602,304.47
C23,2025-05,new,17,3894,229.1,225,2.78,31.4,3.07,1.152,63.19,53.66,776.53,5091.85,5687.17,193.16,2330.45,602,312.48
C23,2025-06,new,19,4521,237.9,200,2.66,31.9,2.95,1.155,64.79,56.01,718.46,5273.45,6285.21,209.63,2400.86,602,383.49
C23,2025-07,new,18,3954,219.7,171,2.87,30.5,3.29,1.158,64.53,55.9,654.33,4376.26,6289.32,190.79,2509.83,602,342.07
C23,2025-08,new,16,4024,251.5,239,2.5,34.8,2.77,1.16,61.78,57.38,699.91,5199.84,6088.85,219.25,2439.92,602,342.74
C23,2025-09,new,23,5057,219.9,252,2.85,33.3,3.04,1.163,64.55,55.49,728.51,4868.86,6663.9,192.77,2425.77,602,312.09
C23,2025-10,new,18,4164,231.3,195,2.7,34.0,2.58,1.166,65.66,55.78,814.69,5064.16,6679.48,187.54,2427.77,602,294.76
C23,2025-11,new,18,4081,226.7,146,2.75,31.2,3.05,1.169,62.79,58.48,717.36,4866.01,7174.92,200.62,2678.66,602,282.12
C23,2025-12,new,9,2227,247.4,114,2.51,32.4,3.05,1.172,61.98,56.53,637.55,5074.61,6174.95,222.47,2510.71,602,338.33
C24,2021-01,legacy,41,5946,145.0,337,6.41,24.8,4.32,1.0,53.41,47.84,676.93,3991.52,6019.59,193.19,2334.18,461,364.12
C24,2021-02,legacy,25,4131,165.2,268,5.63,24.3,4.3,1.003,54.76,48.12,710.77,3952.67,5421.38,190.25,2233.99,461,282.41
C24,2021-03,legacy,27,4019,148.9,243,6.25,25.1,4.15,1.006,54.58,49.02,682.24,4341.65,4842.93,188.01,2134.0,461,336.24
C24,2021-04,legacy,30,4178,139.3,290,6.68,19.8,4.69,1.009,55.97,50.52,590.6,4405.8,5456.16,186.75,2197.49,461,303.02
C24,2021-05,legacy,32,4657,145.5,276,6.39,25.5,4.75,1.012,55.43,46.9,675.43,4235.91,4971.28,191.16,1867.23,461,299.03
C24,2021-06,legacy,28,4172,149.0,270,6.24,19.6,4.25,1.015,55.78,49.54,612.78,3840.92,4972.56,212.47,2058.39,461,357.93
C24,2021-07,new,36,5960,165.6,325,5.62,19.4,4.15,1.018,54.81,49.56,691.72,4797.29,5420.09,179.05,2175.72,461,311.97
C24,2021-08,new,29,4243,146.3,243,6.36,23.4,3.88,1.02,56.28,48.47,691.1,3837.88,5134.53,173.1,2254.69,461,319.95
C24,2021-09,new,40,6011,150.3,374,6.19,25.5,4.46,1.023,56.81,50.42,571.65,3987.88,5605.66,164.96,2009.66,461,305.21
C24,2021-10,new,29,4911,169.3,338,5.49,17.0,4.24,1.026,57.05,48.64,593.51,3985.42,5494.92,165.74,2127.17,461,352.9
C24,2021-11,new,25,3793,151.7,208,6.13,26.1,4.36,1.029,55.06,50.03,718.16,4155.18,5363.61,191.04,2315.43,461,304.84
C24,2021-12,new,35,5076,145.0,440,6.41,19.0,4.36,1.032,58.72,49.68,665.96,4756.98,5797.51,169.66,2389.61,461,297.1
C24,2022-01,new,34,4899,144.1,296,6.45,23.1,3.97,1.035,55.14,49.72,614.99,4729.4,6258.96,184.32,2032.62,461,337.65
C24,2022-02,new,31,4262,137.5,312,6.76,23.1,3.91,1.038,55.3,49.16,737.59,4143.37,5490.02,177.8,2163.04,461,310.16
C24,2022-03,new,29,4448,153.4,325,6.06,26.6,3.94,1.041,57.78,49.71,551.88,4326.74,6424.29,210.49,2179.53,461,349.09
C24,2022-04,new,40,6443,161.1,426,5.77,28.9,3.63,1.044,55.43,49.58,689.02,4110.7,5940.95,184.65,2320.53,461,288.57
C24,2022-05,new,27,3974,147.2,275,6.32,25.7,4.28,1.047,56.46,50.0,551.65,4433.89,5352.59,209.84,2421.76,461,316.71
C24,2022-06,new,37,5233,141.4,364,6.58,23.2,3.91,1.05,57.62,50.97,757.19,4595.43,5245.02,213.62,2343.48,461,324.18
C24,2022-07,new,32,4883,152.6,379,6.09,14.8,3.8,1.052,59.72,50.96,581.71,5058.99,5545.15,192.94,2661.43,461,321.01
C24,2022-08,new,35,5259,150.3,387,6.19,20.5,3.99,1.055,58.44,50.85,560.65,4497.84,5584.85,180.25,2168.17,461,300.88
C24,2022-09,new,40,5959,149.0,381,6.24,21.3,3.76,1.058,58.25,50.63,629.43,4560.03,5280.39,187.56,2449.88,461,292.97
C24,2022-10,new,38,5854,154.1,430,6.04,21.9,3.88,1.061,57.79,52.49,646.15,4596.12,6046.33,167.68,2177.48,461,351.62
C24,2022-11,new,29,4362,150.4,310,6.18,28.1,3.93,1.064,57.74,52.73,597.0,4192.25,5310.3,160.22,2335.62,461,309.44
C24,2022-12,new,31,4557,147.0,285,6.33,22.7,4.04,1.067,60.4,52.52,572.07,4365.59,5890.43,186.58,2210.7,461,316.7
C24,2023-01,new,28,4450,158.9,230,5.85,25.3,3.98,1.13,63.35,55.3,775.89,4566.96,5734.6,219.39,2421.93,461,318.3
C24,2023-02,new,33,4503,136.5,285,6.77,19.2,3.77,1.133,63.42,52.56,705.66,4769.33,6569.93,187.94,2665.57,461,284.37
C24,2023-03,new,27,3888,144.0,251,6.36,27.7,3.85,1.136,61.05,54.03,588.91,4762.81,5955.67,200.01,2284.44,461,270.83
C24,2023-04,new,37,5672,153.3,376,5.92,25.7,4.01,1.139,61.87,53.15,707.5,4571.89,6321.31,206.92,2361.58,461,304.43
C24,2023-05,new,43,6291,146.3,555,6.14,25.5,3.64,1.142,65.22,55.24,847.77,4772.03,5922.13,239.03,2298.52,461,367.59
C24,2023-06,new,27,4731,175.2,236,5.07,32.1,3.39,1.145,62.7,54.69,667.72,4542.38,5582.2,180.77,2483.68,461,320.9
C24,2023-07,new,27,3894,144.2,279,6.08,19.7,3.48,1.148,63.73,54.94,695.52,4493.65,5827.24,173.48,2562.3,461,323.97
C24,2023-08,new,34,5898,173.5,306,4.98,25.0,3.62,1.15,64.89,55.04,796.21,4668.17,5527.96,193.88,2209.74,461,303.16
C24,2023-09,new,42,7371,175.5,470,4.85,25.2,3.44,1.153,64.16,53.87,666.63,4988.54,5900.24,216.92,2451.07,461,294.77
C24,2023-10,new,39,6894,176.8,346,4.74,33.4,4.04,1.156,64.02,57.02,797.08,4881.03,6639.94,203.9,2026.38,461,294.47
C24,2023-11,new,26,4714,181.3,336,4.54,33.4,3.67,1.159,62.91,56.78,742.82,4615.02,5836.63,195.23,2343.48,461,325.81
C24,2023-12,new,32,5595,174.8,379,4.62,29.9,3.53,1.162,64.8,56.3,822.17,5106.79,6115.33,197.52,2195.17,461,343.06
C24,2024-01,new,35,6193,176.9,513,4.48,26.9,3.52,1.165,64.19,55.91,859.18,4986.58,7192.55,202.07,2462.68,461,297.96
C24,2024-02,new,27,5511,204.1,296,3.81,23.2,3.45,1.168,63.21,57.68,656.2,5210.98,5703.79,199.83,2798.83,461,293.4
C24,2024-03,new,33,6279,190.3,410,4.01,29.4,3.79,1.171,63.27,55.75,691.67,4564.13,6405.31,241.65,2410.4,461,301.93
C24,2024-04,new,25,4493,179.7,251,4.17,24.3,3.45,1.174,66.31,56.65,743.14,4789.18,6349.42,182.83,2101.94,461,308.98
C24,2024-05,new,29,5374,185.3,331,3.97,27.4,3.14,1.177,62.75,55.73,817.89,4973.68,6065.03,199.26,2556.34,461,316.79
C24,2024-06,new,27,4998,185.1,279,3.9,24.7,3.22,1.18,65.26,57.23,849.0,4910.76,6190.5,202.24,2333.2,461,310.74
C24,2024-07,new,32,6672,208.5,429,3.41,28.8,3.63,1.182,64.76,56.51,755.44,4881.52,6255.74,211.33,2315.61,461,327.92
C24,2024-08,new,29,6447,222.3,514,3.14,31.2,3.58,1.185,63.05,56.01,708.48,5166.32,6789.6,249.22,2481.3,461,354.42
C24,2024-09,new,31,6418,207.0,308,3.33,31.1,3.4,1.188,64.72,55.65,661.15,5325.07,6354.74,206.59,2617.4,461,306.43
C24,2024-10,new,36,7737,214.9,374,3.16,29.3,3.36,1.191,65.53,57.83,570.39,5286.6,6570.59,191.55,2637.31,461,360.91
C24,2024-11,new,34,7111,209.1,413,3.21,31.9,3.5,1.194,64.12,56.66,654.33,5087.76,6534.27,222.52,2604.83,461,328.15
C24,2024-12,new,29,6631,228.7,327,2.9,26.8,3.7,1.197,64.42,59.07,745.02,5403.28,5873.38,213.02,2497.59,461,306.23
C24,2025-01,new,33,7601,230.3,332,2.85,32.7,3.24,1.2,63.32,58.81,666.59,5006.77,6354.95,205.78,2521.56,461,328.87
C24,2025-02,new,35,8141,232.6,420,2.8,31.6,3.25,1.203,68.41,56.77,678.75,5283.11,6685.82,216.14,2262.24,461,314.94
C24,2025-03,new,43,10580,246.0,538,2.62,27.9,3.49,1.206,65.59,57.35,716.61,5146.72,6924.83,197.26,2696.06,461,329.13
C24,2025-04,new,29,6028,207.9,334,3.08,28.1,3.43,1.209,64.14,58.31,880.27,4949.03,6766.47,219.46,3028.56,461,323.85
C24,2025-05,new,39,9153,234.7,335,2.71,34.8,3.42,1.212,66.74,58.07,676.31,4531.25,6820.77,215.04,2533.94,461,343.24
C24,2025-06,new,23,4734,205.8,304,3.08,31.0,2.87,1.215,66.27,54.57,731.67,4637.66,7015.57,223.01,2528.09,461,283.11
C24,2025-07,new,28,6591,235.4,400,2.68,30.8,3.32,1.218,67.23,60.18,637.64,4924.01,7255.81,239.57,2273.59,461,342.81
C24,2025-08,new,27,6410,237.4,341,2.65,31.4,3.29,1.22,65.84,57.24,644.21,5240.27,6229.32,230.37,2710.72,461,334.08
C24,2025-09,new,35,8288,236.8,515,2.64,32.4,3.01,1.223,68.35,58.41,672.56,4805.26,7180.77,219.02,2363.54,461,327.15
C24,2025-10,new,31,7391,238.4,423,2.62,27.9,3.53,1.226,68.66,58.33,758.08,5893.23,6468.64,254.46,2623.45,461,377.12
C24,2025-11,new,37,8378,226.4,535,2.75,31.5,3.19,1.229,67.76,57.81,901.44,5093.02,6588.76,235.19,2755.7,461,316.65
C24,2025-12,new,37,8154,220.4,408,2.82,31.4,3.37,1.232,66.45,58.4,733.44,4826.57,6314.05,231.53,2467.65,461,288.86
C25,2021-01,legacy,8,1257,157.1,76,5.92,21.6,4.33,1.0,55.36,48.58,853.36,4468.09,5566.49,169.67,2120.84,690,306.86
C25,2021-02,legacy,17,2466,145.1,138,6.41,20.3,4.65,1.003,56.78,48.59,622.02,4655.04,5515.11,214.53,2015.03,690,333.32
C25,2021-03,legacy,14,2193,156.6,135,5.94,18.2,4.34,1.006,55.2,50.98,596.41,4319.61,4969.02,205.83,2089.48,690,306.6
C25,2021-04,legacy,10,1433,143.3,148,6.49,19.3,4.76,1.009,55.82,48.18,608.72,4162.25,5877.18,157.03,2174.73,690,342.8
C25,2021-05,legacy,12,1841,153.4,151,6.06,25.1,4.87,1.012,57.2,48.3,634.75,4889.17,6050.65,175.3,2210.97,690,269.96
C25,2021-06,legacy,6,918,153.0,56,6.08,17.9,4.97,1.015,56.81,48.57,603.24,4493.34,6107.07,165.22,2039.96,690,328.42
C25,2021-07,legacy,8,1148,143.5,65,6.48,24.4,5.02,1.018,56.97,48.53,640.04,4531.63,4942.74,174.47,2123.63,690,321.75
C25,2021-08,legacy,12,1773,147.8,142,6.29,21.2,4.78,1.02,57.37,49.86,616.06,4362.26,5657.36,194.25,2227.96,690,292.6
C25,2021-09,legacy,9,1427,158.6,82,5.87,17.8,4.7,1.023,57.93,49.52,746.71,4846.73,5362.17,164.55,2059.98,690,328.41
C25,2021-10,legacy,16,2412,150.8,147,6.17,20.8,4.46,1.026,57.89,50.1,602.48,4160.69,5461.19,173.99,2409.85,690,344.43
C25,2021-11,legacy,11,1706,155.1,100,6.0,24.0,4.83,1.029,54.16,48.86,693.05,4588.55,5686.01,197.38,2306.76,690,261.49
C25,2021-12,legacy,10,1459,145.9,106,6.37,21.8,4.83,1.032,56.72,50.67,624.16,4612.79,5248.55,210.13,2172.25,690,279.86
C25,2022-01,legacy,12,1818,151.5,126,6.14,23.4,4.64,1.035,57.33,48.2,667.02,4018.77,5557.89,188.95,2269.5,690,327.25
C25,2022-02,legacy,7,969,138.4,67,6.72,23.1,4.5,1.038,55.65,50.42,749.41,4706.31,5930.14,191.65,2071.76,690,285.04
C25,2022-03,legacy,9,1296,144.0,80,6.46,17.5,4.42,1.041,58.65,50.55,578.82,4003.16,5440.33,201.7,2322.98,690,298.01
C25,2022-04,legacy,11,1778,161.6,130,5.75,20.6,4.44,1.044,59.67,51.33,595.42,4495.97,5225.51,160.8,2165.93,690,287.63
C25,2022-05,legacy,13,2019,155.3,140,5.99,18.6,4.5,1.047,58.61,49.94,589.74,4324.48,5336.81,220.95,2286.1,690,296.53
C25,2022-06,legacy,10,1507,150.7,110,6.17,24.1,4.44,1.05,56.97,49.83,659.1,4597.95,6156.19,219.11,2467.19,690,286.92
C25,2022-07,legacy,13,1972,151.7,123,6.13,26.9,4.53,1.052,58.43,50.56,577.4,4297.49,5696.21,175.18,2206.66,690,314.12
C25,2022-08,legacy,4,558,139.5,33,6.67,23.6,4.53,1.055,58.13,49.54,599.01,4465.01,6454.6,227.88,2180.18,690,318.02
C25,2022-09,legacy,6,925,154.2,53,6.03,18.8,4.81,1.058,57.71,48.66,643.67,4156.1,5765.31,199.07,2119.15,690,356.65
C25,2022-10,legacy,6,842,140.3,57,6.63,17.8,4.39,1.061,59.31,53.08,678.92,4724.3,6387.72,214.87,2465.62,690,307.07
C25,2022-11,legacy,13,1877,144.4,113,6.44,24.2,4.65,1.064,58.75,50.86,588.0,4220.53,5956.01,209.85,2302.49,690,328.02
C25,2022-12,legacy,9,1409,156.6,82,5.94,22.4,4.56,1.067,61.74,51.6,556.06,4550.82,5313.31,189.44,2258.9,690,275.56
C25,2023-01,legacy,9,1298,144.2,100,6.45,20.7,4.41,1.07,58.99,53.65,833.2,3841.49,5905.67,204.85,2134.89,690,327.83
C25,2023-02,legacy,11,1615,146.8,93,6.29,21.4,4.43,1.073,59.95,52.66,600.96,4725.53,5890.4,174.07,2277.6,690,351.11
C25,2023-03,legacy,8,1210,151.2,90,6.05,17.8,4.58,1.076,63.0,53.72,705.92,4311.09,6407.49,203.47,2238.38,690,281.43
C25,2023-04,legacy,8,1230,153.8,77,5.9,25.9,4.54,1.079,60.85,53.05,694.23,4740.79,5625.49,177.75,2223.62,690,312.72
C25,2023-05,legacy,11,1827,166.1,140,5.41,22.5,4.37,1.082,60.41,53.17,643.0,4604.39,6417.05,195.8,2558.25,690,365.03
C25,2023-06,legacy,6,844,140.7,60,6.31,25.0,4.36,1.085,59.11,52.48,704.69,4676.59,5158.65,214.49,2219.76,690,288.37
C25,2023-07,legacy,12,1832,152.7,142,5.74,22.7,4.43,1.088,59.72,53.55,729.55,4433.33,6634.27,186.67,2233.24,690,347.98
C25,2023-08,legacy,18,2933,162.9,177,5.3,22.2,4.3,1.09,59.97,52.82,674.04,4807.15,5684.3,204.97,2331.96,690,355.95
C25,2023-09,new,14,2318,165.6,121,5.14,24.8,4.29,1.093,60.92,53.42,788.2,4137.02,6140.89,215.13,2416.68,690,285.71
C25,2023-10,new,9,1528,169.8,114,4.93,27.2,4.03,1.096,61.92,51.92,764.51,4891.87,6763.81,195.92,2400.94,690,288.28
C25,2023-11,new,8,1354,169.2,111,4.86,20.3,4.22,1.099,59.33,52.47,826.07,4348.34,5884.73,212.66,2690.2,690,316.71
C25,2023-12,new,9,1600,177.8,85,4.55,22.4,4.25,1.102,60.58,52.96,718.74,4707.21,6290.46,214.05,2358.92,690,358.42
C25,2024-01,new,9,1725,191.7,107,4.14,25.7,4.02,1.105,63.56,52.83,708.22,4540.15,6161.73,182.98,2525.46,690,319.19
C25,2024-02,new,10,2023,202.3,116,3.85,25.6,3.64,1.108,60.45,53.81,761.8,4878.18,5935.37,206.22,2247.38,690,300.59
C25,2024-03,new,14,2745,196.1,127,3.89,26.1,4.24,1.111,61.89,54.55,753.78,4763.18,6572.94,182.5,2376.26,690,293.46
C25,2024-04,new,11,2330,211.8,102,3.54,28.3,4.23,1.114,62.08,56.03,622.43,4468.37,6100.66,171.98,2432.44,690,380.47
C25,2024-05,new,18,3608,200.4,207,3.67,27.4,4.51,1.117,61.6,53.65,641.13,4854.46,5859.48,187.34,2250.69,690,297.64
C25,2024-06,new,10,1844,184.4,110,3.92,25.1,3.88,1.12,62.19,54.48,821.09,5200.39,6762.42,190.7,2255.46,690,333.1
C25,2024-07,new,8,1718,214.8,98,3.31,33.0,3.95,1.122,61.91,55.56,663.78,4541.14,6474.23,199.75,2523.8,690,261.81
C25,2024-08,new,11,2046,186.0,111,3.76,25.2,3.66,1.125,63.21,56.25,612.31,4973.81,6245.54,217.41,2482.61,690,287.85
C25,2024-09,new,12,2525,210.4,132,3.27,26.6,4.22,1.128,63.45,53.08,758.44,4403.47,5892.55,185.05,2447.73,690,322.91
C25,2024-10,new,6,1281,213.5,66,3.18,31.0,4.26,1.131,61.89,54.75,831.07,4479.32,6154.98,255.44,2440.11,690,353.24
C25,2024-11,new,14,2831,202.2,141,3.32,27.6,4.2,1.134,62.94,55.29,731.08,4917.91,6407.76,219.16,2953.29,690,310.34
C25,2024-12,new,9,1935,215.0,110,3.09,26.8,3.79,1.137,63.4,55.52,721.58,4567.4,5728.39,219.16,2692.67,690,316.04
C25,2025-01,new,9,1913,212.6,93,3.09,33.8,3.6,1.14,61.65,56.13,709.66,5126.33,6072.31,188.56,2318.33,690,365.9
C25,2025-02,new,10,2225,222.5,136,2.92,25.0,3.96,1.143,64.31,56.88,730.71,5047.94,6717.02,192.99,2533.86,690,335.26
C25,2025-03,new,11,2401,218.3,184,2.96,32.0,4.0,1.146,63.9,55.81,761.02,4909.65,6866.69,206.06,2435.4,690,305.34
C25,2025-04,new,13,3004,231.1,159,2.77,26.1,3.73,1.149,64.72,56.58,742.87,4487.94,6494.57,220.52,2314.54,690,284.32
C25,2025-05,new,12,2633,219.4,178,2.9,26.0,3.65,1.152,64.17,55.72,840.06,4599.65,6481.15,228.16,2449.18,690,305.74
C25,2025-06,new,10,2329,232.9,112,2.72,29.6,3.58,1.155,65.21,56.14,782.09,5507.66,6449.13,231.77,2538.8,690,292.21
C25,2025-07,new,16,3612,225.8,207,2.79,36.8,3.85,1.158,63.99,57.85,715.25,5118.62,6142.33,217.32,2467.8,690,364.03
C25,2025-08,new,12,2755,229.6,127,2.74,30.7,3.99,1.16,64.14,56.06,861.85,4805.61,6642.47,251.97,2694.63,690,329.71
C25,2025-09,new,8,1828,228.5,97,2.74,32.4,3.8,1.163,64.81,57.45,667.36,5624.23,6048.3,220.86,2644.96,690,309.66
C25,2025-10,new,6,1328,221.3,96,2.82,28.7,4.04,1.166,63.73,55.42,735.71,4445.18,6653.79,242.26,2510.02,690,337.75
C25,2025-11,new,16,3884,242.8,222,2.57,30.9,3.51,1.169,61.91,56.88,773.61,4864.11,6857.01,185.39,2118.24,690,284.83
C25,2025-12,new,6,1415,235.8,48,2.63,26.3,3.54,1.172,65.42,56.18,777.56,4884.01,6686.11,239.0,2434.82,690,297.45
C26,2021-01,legacy,25,3299,132.0,269,7.05,15.6,5.11,1.0,51.0,43.79,579.72,3781.46,4762.16,161.48,1836.53,659,271.58
C26,2021-02,legacy,22,3081,140.0,168,6.64,21.3,5.19,1.003,48.67,44.05,601.28,3531.29,4859.43,158.76,1927.2,659,298.47
C26,2021-03,legacy,29,4794,165.3,281,5.63,17.7,4.62,1.006,50.02,42.64,596.84,3878.18,4603.7,171.67,1731.4,659,305.04
C26,2021-04,legacy,26,3842,147.8,219,6.29,20.8,4.68,1.009,49.07,44.36,546.03,3949.56,5194.31,183.67,1876.44,659,268.99
C26,2021-05,legacy,28,4928,176.0,294,5.28,21.2,4.64,1.012,50.2,42.79,632.56,3598.36,5145.08,167.69,2108.18,659,273.58
C26,2021-06,legacy,17,2615,153.8,164,6.05,17.5,4.57,1.015,48.6,42.56,556.29,4220.38,5234.78,189.57,1910.25,659,323.89
C26,2021-07,legacy,21,3234,154.0,251,6.04,24.6,5.03,1.018,51.43,45.13,599.77,3956.32,4841.68,146.0,1914.06,659,288.08
C26,2021-08,legacy,13,1901,146.2,115,6.36,26.2,5.05,1.02,48.53,42.79,462.86,4030.75,5444.91,178.21,1933.46,659,244.83
C26,2021-09,legacy,20,2965,148.2,185,6.27,18.4,5.14,1.023,48.85,44.19,526.71,3892.84,5420.53,153.58,1633.17,659,315.15
C26,2021-10,legacy,16,2423,151.4,164,6.14,29.9,4.81,1.026,50.85,44.06,535.52,4088.17,5247.59,164.34,1861.94,659,261.31
C26,2021-11,legacy,21,3319,158.0,273,5.88,23.9,4.85,1.029,52.03,43.44,506.4,4126.09,4807.34,162.17,2106.05,659,275.01
C26,2021-12,legacy,22,3320,150.9,250,6.16,24.5,4.88,1.032,51.8,43.88,549.28,3504.68,4632.55,183.56,1868.81,659,270.38
C26,2022-01,legacy,21,3144,149.7,254,6.21,21.3,4.42,1.035,53.65,43.85,687.48,4063.93,4491.11,172.48,1829.11,659,256.2
C26,2022-02,legacy,15,2129,141.9,149,6.55,21.8,4.5,1.038,52.03,44.46,521.11,3874.19,4770.64,165.63,2016.18,659,287.42
C26,2022-03,legacy,18,2630,146.1,263,6.37,20.2,4.54,1.041,53.07,43.41,498.46,3476.34,4926.7,156.9,2053.24,659,264.23
C26,2022-04,legacy,12,1757,146.4,124,6.35,19.9,4.57,1.044,50.53,44.79,547.06,3984.31,5290.43,177.93,2079.84,659,269.82
C26,2022-05,legacy,21,3126,148.9,237,6.25,26.0,5.06,1.047,51.5,44.31,528.95,3955.82,4774.57,160.83,1927.85,659,254.7
C26,2022-06,legacy,22,3164,143.8,269,6.47,15.9,4.11,1.05,49.97,42.98,732.87,3975.49,5127.35,168.23,2198.51,659,247.15
C26,2022-07,legacy,19,2677,140.9,192,6.6,18.2,4.8,1.052,51.7,46.18,564.92,4086.68,5103.26,156.28,1872.11,659,326.59
C26,2022-08,legacy,24,3533,147.2,262,6.32,22.2,4.21,1.055,51.78,44.53,505.84,4146.92,5679.74,149.99,2031.79,659,267.1
C26,2022-09,legacy,14,1824,130.3,131,7.14,18.5,4.6,1.058,52.6,45.26,518.55,3961.6,4819.45,172.52,2017.65,659,233.32
C26,2022-10,legacy,20,2749,137.4,176,6.77,20.7,4.55,1.061,49.88,45.57,598.07,4443.7,5386.35,164.39,2179.71,659,300.85
C26,2022-11,legacy,17,2428,142.8,169,6.51,22.3,4.63,1.064,52.85,45.78,674.37,3991.56,5107.99,169.62,1826.25,659,300.95
C26,2022-12,legacy,21,3211,152.9,221,6.08,19.9,4.89,1.067,51.15,45.25,572.78,3852.26,5725.9,164.23,1929.25,659,253.04
C26,2023-01,legacy,18,2587,143.7,193,6.47,22.7,4.45,1.07,54.31,46.15,590.2,3925.25,5229.46,165.83,2188.21,659,260.75
C26,2023-02,legacy,16,2259,141.2,133,6.54,19.1,4.56,1.073,51.86,45.63,686.37,3874.59,4986.93,141.5,2064.57,659,302.45
C26,2023-03,legacy,19,2979,156.8,198,5.84,22.0,4.44,1.076,51.16,47.69,662.94,3742.26,5340.66,165.01,1943.51,659,248.26
C26,2023-04,legacy,24,3616,150.7,286,6.02,23.2,4.89,1.079,52.5,44.98,600.86,3893.11,5341.61,166.93,1997.03,659,262.2
C26,2023-05,legacy,24,3959,165.0,207,5.44,21.7,4.32,1.082,55.52,46.12,698.19,3900.73,4870.81,168.55,2071.02,659,305.03
C26,2023-06,legacy,14,2128,152.0,156,5.84,24.2,4.47,1.085,52.79,48.12,538.07,4078.94,5254.26,155.07,1961.54,659,226.15
C26,2023-07,legacy,19,2831,149.0,165,5.88,22.1,3.96,1.088,53.99,47.19,654.79,4257.48,5270.33,190.92,2196.32,659,265.54
C26,2023-08,legacy,20,3063,153.2,277,5.64,26.0,4.26,1.09,54.13,45.65,574.79,3701.7,5283.45,183.58,2116.21,659,314.93
C26,2023-09,legacy,21,3662,174.4,257,4.88,23.1,4.41,1.093,54.64,48.0,556.49,4150.76,5049.8,175.65,1949.75,659,301.77
C26,2023-10,legacy,21,3648,173.7,205,4.82,28.8,4.39,1.096,53.71,45.27,685.24,4071.89,5481.53,172.15,2035.01,659,285.96
C26,2023-11,legacy,18,2921,162.3,209,5.07,23.0,4.79,1.099,53.28,48.12,566.54,4497.52,5864.93,169.17,1830.15,659,288.79
C26,2023-12,legacy,19,3273,172.3,156,4.69,26.5,4.62,1.102,56.38,46.46,558.25,4114.35,5354.65,187.58,2241.19,659,319.83
C26,2024-01,legacy,16,2427,151.7,151,5.23,26.8,4.33,1.105,53.78,48.5,525.74,4312.79,5723.64,193.22,2047.06,659,266.46
C26,2024-02,legacy,27,4802,177.9,236,4.38,24.0,4.66,1.108,54.13,46.63,623.4,4193.13,4652.91,196.58,2149.72,659,285.81
C26,2024-03,legacy,16,2729,170.6,142,4.48,26.3,4.32,1.111,53.27,46.72,576.28,4432.37,5284.8,186.37,2544.21,659,306.06
C26,2024-04,legacy,22,3697,168.0,222,4.46,27.9,3.66,1.114,54.17,49.19,551.72,4590.21,5230.22,190.88,1959.19,659,275.94
C26,2024-05,legacy,19,3241,170.6,191,4.31,25.8,4.11,1.117,55.29,46.95,724.02,4166.09,5460.89,178.63,1993.85,659,270.67
C26,2024-06,legacy,12,2091,174.2,111,4.15,29.7,4.18,1.12,52.55,48.52,688.48,4237.93,5078.91,168.67,2227.6,659,295.66
C26,2024-07,legacy,21,3543,168.7,190,4.21,27.1,3.97,1.122,54.13,50.29,589.6,3830.62,5112.37,180.47,2007.25,659,303.01
C26,2024-08,legacy,15,2559,170.6,136,4.1,27.0,3.62,1.125,54.96,48.85,600.98,4165.66,5271.62,177.3,1917.82,659,230.69
C26,2024-09,new,27,5276,195.4,334,3.52,25.9,4.08,1.128,56.43,49.47,533.11,3977.51,5107.71,167.41,2207.79,659,297.63
C26,2024-10,new,21,4850,231.0,202,2.94,27.8,3.92,1.131,56.04,49.93,539.08,4359.12,4939.39,168.81,2352.18,659,271.15
C26,2024-11,new,16,3249,203.1,177,3.3,28.7,4.5,1.134,56.61,48.53,558.54,4682.46,5360.25,158.82,2013.52,659,241.46
C26,2024-12,new,24,5122,213.4,301,3.11,29.6,4.14,1.137,56.72,48.8,536.13,4454.29,5570.85,190.49,1991.32,659,300.06
C26,2025-01,new,23,5285,229.8,279,2.86,30.4,3.81,1.14,57.06,49.12,619.98,4414.0,5583.44,197.81,2155.61,659,289.73
C26,2025-02,new,15,3506,233.7,188,2.78,33.5,3.95,1.143,56.3,48.74,559.9,4239.45,5908.4,204.1,2018.19,659,298.46
C26,2025-03,new,17,4044,237.9,220,2.71,32.0,3.98,1.146,55.79,50.5,637.83,3749.89,5603.01,194.28,2138.46,659,261.88
C26,2025-04,new,16,3412,213.2,212,3.01,30.8,4.02,1.149,56.28,49.48,663.91,4105.57,5137.43,162.8,2276.9,659,302.37
C26,2025-05,new,16,3454,215.9,207,2.95,36.0,3.49,1.152,55.35,50.3,684.23,4917.54,5457.82,173.45,2394.69,659,272.21
C26,2025-06,new,12,2654,221.2,152,2.87,28.2,3.93,1.155,56.77,48.33,662.68,4587.46,5147.28,212.84,2058.47,659,274.8
C26,2025-07,new,10,2007,200.7,99,3.14,28.6,3.77,1.158,58.98,51.52,581.04,4287.48,6366.12,168.8,1920.59,659,274.11
C26,2025-08,new,19,4456,234.5,230,2.68,25.1,3.77,1.16,56.94,49.88,619.53,4441.63,5562.9,178.19,2062.34,659,290.48
C26,2025-09,new,23,4692,204.0,326,3.07,27.2,3.93,1.163,55.92,49.82,631.14,4018.7,5753.08,177.26,2245.23,659,308.59
C26,2025-10,new,15,3336,222.4,201,2.81,26.8,3.75,1.166,54.0,50.32,579.0,4742.96,5611.68,175.14,2029.53,659,237.65
C26,2025-11,new,17,4013,236.1,221,2.64,32.2,4.04,1.169,57.19,51.44,725.31,4172.94,5914.98,170.21,2153.02,659,298.38
C26,2025-12,new,26,6123,235.5,256,2.64,31.1,4.1,1.172,57.75,49.69,623.74,4529.02,5149.03,185.71,2176.79,659,265.82
C27,2021-01,legacy,7,1009,144.1,65,6.45,16.4,5.66,1.0,50.85,45.25,555.16,3914.31,5320.99,179.88,1919.01,593,321.71
C27,2021-02,legacy,17,2643,155.5,156,5.98,22.3,5.64,1.003,53.41,47.33,629.39,4019.83,5804.05,191.62,2329.71,593,378.79
C27,2021-03,legacy,14,2197,156.9,166,5.93,22.3,5.64,1.006,55.14,47.53,557.65,3844.98,5351.31,160.85,1931.01,593,357.71
C27,2021-04,legacy,21,2820,134.3,171,6.93,26.5,5.94,1.009,54.53,48.0,673.53,4205.41,4823.21,157.86,2061.85,593,337.21
C27,2021-05,legacy,17,2473,145.5,150,6.39,23.0,5.54,1.012,55.47,48.25,594.99,3996.02,5690.41,171.27,2077.91,593,316.58
C27,2021-06,legacy,11,1685,153.2,100,6.07,18.0,5.77,1.015,54.22,45.86,577.56,3827.41,4909.8,206.17,2150.69,593,309.49
C27,2021-07,legacy,13,1967,151.3,124,6.15,24.0,5.88,1.018,53.46,46.25,474.46,4261.7,5689.07,173.53,2024.51,593,278.75
C27,2021-08,legacy,16,2334,145.9,129,6.38,16.2,5.2,1.02,52.01,47.43,606.12,3811.19,5219.73,163.34,2067.14,593,310.58
C27,2021-09,legacy,17,2494,146.7,156,6.34,17.2,5.74,1.023,54.47,46.31,603.46,4277.65,5258.02,180.28,2054.2,593,303.81
C27,2021-10,legacy,17,2859,168.2,156,5.53,26.0,6.0,1.026,54.5,49.18,565.08,4360.73,5597.2,169.87,2138.08,593,302.29
C27,2021-11,legacy,17,2459,144.6,186,6.43,16.0,5.78,1.029,53.33,48.2,546.45,4047.15,5009.12,185.87,2017.04,593,289.74
C27,2021-12,legacy,8,1254,156.8,81,5.93,22.5,5.99,1.032,56.39,47.4,638.46,3983.7,4544.6,164.65,2032.72,593,322.16
C27,2022-01,legacy,18,2486,138.1,185,6.73,19.1,5.2,1.035,54.01,47.89,599.74,4315.05,5362.94,150.98,2067.33,593,285.26
C27,2022-02,legacy,14,2130,152.1,132,6.11,17.6,5.64,1.038,57.18,46.02,596.72,3868.14,5278.46,180.75,2065.28,593,340.61
C27,2022-03,legacy,11,1723,156.6,121,5.94,20.2,5.6,1.041,54.51,48.54,654.35,4018.65,5010.28,167.03,2066.92,593,271.34
C27,2022-04,legacy,15,2166,144.4,152,6.44,24.8,5.37,1.044,54.78,47.81,619.47,4345.83,5570.35,196.76,2233.97,593,274.63
C27,2022-05,legacy,7,1000,142.9,64,6.51,20.3,5.17,1.047,55.75,48.61,670.49,4377.96,5321.27,161.82,1931.37,593,313.1
C27,2022-06,legacy,15,2464,164.3,168,5.66,19.5,5.62,1.05,54.34,47.8,589.86,3995.3,5753.19,181.12,2193.12,593,275.52
C27,2022-07,legacy,10,1464,146.4,105,6.35,27.3,5.53,1.052,54.63,49.3,787.85,5193.08,5687.17,202.39,2006.93,593,293.91
C27,2022-08,legacy,17,2668,156.9,135,5.93,21.2,5.45,1.055,56.39,50.16,609.65,4399.1,5459.59,183.69,2097.47,593,261.42
C27,2022-09,legacy,12,1640,136.7,134,6.8,15.4,5.51,1.058,55.28,47.91,725.68,4539.33,5532.54,170.35,2121.37,593,266.19
C27,2022-10,legacy,17,2776,163.3,184,5.7,26.1,5.37,1.061,55.91,49.28,559.58,3938.95,5604.09,182.58,2120.31,593,349.62
C27,2022-11,legacy,14,1858,132.7,138,7.01,24.3,5.2,1.064,55.52,49.14,596.62,4317.61,5227.31,176.75,2015.54,593,302.73
C27,2022-12,legacy,12,1692,141.0,115,6.6,19.6,5.54,1.067,55.38,50.16,554.62,4598.13,5939.63,188.05,2039.78,593,284.17
C27,2023-01,legacy,13,1868,143.7,136,6.47,24.1,5.05,1.07,57.55,51.47,608.09,4514.52,5062.99,176.14,2035.4,593,349.07
C27,2023-02,legacy,9,1341,149.0,86,6.2,20.1,5.02,1.073,56.16,49.03,661.89,4555.73,5527.69,187.6,2125.75,593,286.32
C27,2023-03,new,21,3235,154.0,204,5.94,22.2,4.74,1.076,56.1,48.53,720.6,4562.3,5407.09,180.73,2061.38,593,310.6
C27,2023-04,new,12,2030,169.2,105,5.36,28.1,5.18,1.079,56.76,50.32,761.98,4268.3,6071.0,214.59,2211.08,593,287.5
C27,2023-05,new,13,2296,176.6,105,5.08,25.8,4.88,1.082,55.96,48.57,750.37,4519.93,5443.44,192.91,2180.67,593,290.83
C27,2023-06,new,17,3019,177.6,224,5.0,26.4,4.74,1.085,58.88,51.46,546.5,4223.7,5659.32,183.51,2250.56,593,313.45
C27,2023-07,new,8,1363,170.4,104,5.14,25.0,4.93,1.088,57.19,51.17,633.06,4313.39,5690.11,177.43,2372.53,593,297.96
C27,2023-08,new,10,1678,167.8,85,5.15,26.9,5.27,1.09,57.9,50.08,708.84,5095.14,5694.21,164.56,2128.41,593,296.72
C27,2023-09,new,18,2709,150.5,190,5.65,27.3,5.29,1.093,57.17,48.89,670.5,4593.05,5685.8,191.51,2187.52,593,256.99
C27,2023-10,new,15,2577,171.8,160,4.87,21.8,5.0,1.096,58.22,51.64,696.0,4630.71,5155.46,207.46,2085.84,593,330.95
C27,2023-11,new,17,2900,170.6,164,4.82,25.2,5.52,1.099,59.09,51.2,556.48,4317.86,5708.69,188.49,2370.61,593,337.8
C27,2023-12,new,15,2797,186.5,156,4.33,21.8,4.9,1.102,58.11,51.67,671.53,4379.71,5382.53,182.61,2366.24,593,298.41
C27,2024-01,new,13,2257,173.6,139,4.57,29.2,4.87,1.105,59.97,51.51,618.9,4839.8,6046.39,192.65,2324.8,593,288.58
C27,2024-02,new,14,2505,178.9,145,4.35,25.7,4.92,1.108,57.75,49.7,659.58,5147.53,5600.51,195.46,2026.35,593,298.69
C27,2024-03,new,9,1651,183.4,107,4.16,29.3,5.05,1.111,59.54,52.22,652.34,4457.29,5396.12,194.22,2450.71,593,284.88
C27,2024-04,new,15,3032,202.1,206,3.71,28.9,4.78,1.114,57.55,51.41,641.2,5064.16,5022.44,188.23,2000.71,593,329.74
C27,2024-05,new,16,3205,200.3,208,3.67,23.3,5.04,1.117,59.36,50.79,574.93,4517.07,5576.21,210.24,2206.34,593,268.74
C27,2024-06,new,14,2665,190.4,144,3.8,27.0,5.29,1.12,60.49,51.81,641.06,4726.42,6032.9,214.19,2165.73,593,322.8
C27,2024-07,new,8,1486,185.8,86,3.82,29.4,4.67,1.122,59.09,52.85,808.14,4687.14,5724.84,173.68,2605.06,593,302.35
C27,2024-08,new,12,2412,201.0,135,3.48,24.7,4.63,1.125,58.32,50.29,657.71,4751.95,5989.95,209.74,2275.46,593,329.55
C27,2024-09,new,20,4055,202.8,238,3.4,24.7,4.94,1.128,60.13,51.95,687.51,4151.82,5823.94,197.24,2236.81,593,293.66
C27,2024-10,new,11,2267,206.1,144,3.3,29.0,5.19,1.131,59.92,54.4,734.3,4644.37,5577.76,195.76,2359.74,593,323.73
C27,2024-11,new,11,2373,215.7,146,3.11,26.6,4.96,1.134,59.89,51.23,644.71,4554.29,5852.34,214.95,2122.51,593,297.33
C27,2024-12,new,14,3160,225.7,217,2.94,34.3,5.24,1.137,60.68,52.57,763.0,4547.5,5554.72,193.4,2058.71,593,276.86
C27,2025-01,new,21,4792,228.2,233,2.88,32.4,4.65,1.14,59.26,50.26,794.84,4477.51,5486.86,199.8,2330.25,593,270.07
C27,2025-02,new,16,3386,211.6,198,3.07,32.2,4.37,1.143,63.66,54.02,706.29,4143.38,5845.25,207.15,2281.89,593,319.62
C27,2025-03,new,15,3177,211.8,176,3.05,24.1,4.8,1.146,61.85,52.76,766.05,4433.34,5763.2,179.95,2376.54,593,304.94
C27,2025-04,new,9,2179,242.1,113,2.65,24.7,4.49,1.149,61.51,53.29,774.27,4683.06,5846.66,189.89,2178.93,593,341.15
C27,2025-05,new,20,4406,220.3,202,2.89,26.0,4.48,1.152,60.91,52.86,587.25,4746.33,5722.59,207.68,2324.54,593,308.31
C27,2025-06,new,13,3036,233.5,170,2.71,33.9,5.0,1.155,59.25,52.93,699.27,4609.66,5532.95,191.07,2310.49,593,254.72
C27,2025-07,new,12,2729,227.4,156,2.77,30.3,4.87,1.158,60.6,52.51,666.12,5174.33,6375.54,209.58,2479.32,593,280.04
C27,2025-08,new,20,4612,230.6,256,2.72,32.4,5.32,1.16,63.05,52.05,638.62,5253.73,6612.44,196.62,2382.23,593,258.89
C27,2025-09,new,9,2229,247.7,144,2.53,29.9,4.64,1.163,63.19,53.61,704.23,5227.2,6255.18,172.9,2248.19,593,270.52
C27,2025-10,new,18,4028,223.8,233,2.79,30.5,4.29,1.166,61.93,53.85,703.05,4616.42,6470.41,201.62,2353.62,593,280.75
C27,2025-11,new,21,5080,241.9,304,2.57,28.2,4.34,1.169,62.93,51.66,738.83,5117.61,6148.96,201.63,2385.94,593,319.24
C27,2025-12,new,11,2581,234.6,128,2.65,26.0,4.71,1.172,64.0,55.26,622.53,4922.09,5280.49,224.44,2169.84,593,276.45
C28,2021-01,legacy,28,4159,148.5,217,6.26,21.9,3.9,1.0,54.3,47.14,652.25,4045.47,5460.52,178.87,2032.29,580,261.53
C28,2021-02,legacy,22,3210,145.9,207,6.37,26.8,4.28,1.003,54.55,47.11,660.72,4110.99,5533.85,180.75,2090.83,580,354.1
C28,2021-03,legacy,25,3636,145.4,217,6.39,20.7,4.18,1.006,54.13,45.97,741.57,4416.64,5582.26,174.27,2179.98,580,291.3
C28,2021-04,legacy,20,3200,160.0,228,5.81,26.3,4.05,1.009,55.96,47.51,521.65,3886.63,5511.43,163.19,2050.64,580,331.68
C28,2021-05,legacy,26,4122,158.5,224,5.87,25.1,4.39,1.012,55.13,48.76,568.48,4152.15,5417.67,193.86,1936.25,580,293.94
C28,2021-06,legacy,40,5715,142.9,378,6.51,20.2,3.96,1.015,54.62,49.35,713.86,4468.24,5485.9,159.47,2111.44,580,301.65
C28,2021-07,legacy,27,4141,153.4,296,6.06,18.9,4.1,1.018,55.14,48.44,596.93,4545.36,5491.23,199.15,2104.94,580,297.97
C28,2021-08,legacy,28,3788,135.3,232,6.87,22.9,4.16,1.02,55.6,48.67,715.78,4040.49,5558.11,190.33,2129.04,580,262.52
C28,2021-09,legacy,27,4061,150.4,267,6.18,23.6,3.91,1.023,55.87,47.62,702.24,4551.94,5053.2,179.4,1905.78,580,337.21
C28,2021-10,legacy,26,4379,168.4,271,5.52,24.8,4.59,1.026,57.24,48.69,603.23,4369.22,5422.29,197.66,2298.88,580,300.54
C28,2021-11,legacy,21,2943,140.1,218,6.64,23.6,3.85,1.029,54.7,49.74,528.61,4312.74,5525.74,188.99,1973.48,580,329.52
C28,2021-12,legacy,24,3661,152.5,225,6.1,22.6,4.02,1.032,56.32,50.49,697.05,4632.41,5421.27,162.18,1936.02,580,325.87
C28,2022-01,legacy,29,4199,144.8,322,6.42,23.8,3.89,1.035,56.26,50.26,731.66,3994.5,5141.73,203.76,2075.88,580,342.74
C28,2022-02,legacy,25,3768,150.7,303,6.17,21.1,3.63,1.038,56.16,49.08,641.73,4653.99,5562.93,153.07,2380.11,580,324.41
C28,2022-03,legacy,32,4519,141.2,311,6.59,21.5,3.94,1.041,57.76,49.42,518.66,4687.26,5556.7,199.32,2342.25,580,314.99
C28,2022-04,legacy,30,4547,151.6,256,6.14,26.0,3.99,1.044,56.15,49.81,640.77,4555.79,5588.55,207.49,2273.27,580,304.41
C28,2022-05,legacy,35,4598,131.4,451,7.08,24.9,4.03,1.047,58.61,51.02,655.7,4357.32,5553.55,164.06,2284.03,580,280.35
C28,2022-06,legacy,29,4285,147.8,238,6.29,28.0,4.18,1.05,57.79,48.6,603.94,4387.08,5547.18,158.05,2234.59,580,313.97
C28,2022-07,legacy,24,3534,147.2,225,6.32,21.3,4.15,1.052,55.96,51.4,587.93,4592.03,5720.64,208.11,2166.07,580,329.64
C28,2022-08,legacy,32,4772,149.1,337,6.24,21.2,3.97,1.055,57.64,50.28,759.93,4401.83,5569.54,187.6,2239.07,580,362.58
C28,2022-09,legacy,26,4371,168.1,224,5.53,25.3,4.02,1.058,58.43,50.88,589.05,4136.52,6411.97,191.3,1994.44,580,400.63
C28,2022-10,legacy,19,2666,140.3,204,6.63,18.4,3.83,1.061,57.62,49.78,627.63,4214.04,5710.31,198.92,2222.18,580,331.73
C28,2022-11,legacy,37,5331,144.1,329,6.45,20.7,3.95,1.064,58.09,51.38,672.2,4489.41,6115.24,198.13,2313.66,580,313.68
C28,2022-12,legacy,25,3466,138.6,194,6.71,21.3,3.75,1.067,57.77,50.66,804.3,4948.17,5593.33,204.17,2840.49,580,331.35
C28,2023-01,legacy,24,3699,154.1,216,6.03,20.8,3.88,1.07,57.42,51.67,620.72,4669.51,5597.59,198.16,2080.69,580,326.21
C28,2023-02,legacy,27,4068,150.7,305,6.13,23.7,3.25,1.073,58.54,50.74,750.6,4043.47,5765.08,224.0,2014.63,580,313.81
C28,2023-03,legacy,25,3539,141.6,238,6.47,26.4,3.42,1.076,56.23,50.79,738.17,4597.35,5568.29,185.18,2401.05,580,303.19
C28,2023-04,legacy,25,4014,160.6,260,5.65,23.5,3.47,1.079,59.39,51.33,767.59,4178.7,5972.55,189.19,2082.89,580,370.13
C28,2023-05,legacy,22,3426,155.7,214,5.77,26.4,3.54,1.082,57.88,51.75,575.01,4462.48,5811.17,186.57,2506.21,580,340.7
C28,2023-06,legacy,26,4356,167.5,285,5.3,20.1,3.76,1.085,57.65,51.65,644.51,5063.71,5602.35,179.91,2070.46,580,326.17
C28,2023-07,legacy,23,3739,162.6,218,5.39,26.6,3.53,1.088,60.3,51.33,640.1,4529.53,6410.77,188.69,2362.09,580,280.78
C28,2023-08,legacy,28,4417,157.8,274,5.48,21.8,3.99,1.09,58.71,52.28,691.39,5136.56,5688.97,178.72,2171.43,580,287.96
C28,2023-09,legacy,24,3637,151.5,225,5.62,27.1,3.72,1.093,61.05,50.19,697.39,4399.81,5859.57,203.68,2278.84,580,325.77
C28,2023-10,legacy,25,3537,141.5,219,5.92,22.5,3.84,1.096,61.82,51.18,643.49,4465.5,5887.13,196.57,2271.43,580,298.67
C28,2023-11,legacy,24,3746,156.1,226,5.27,21.6,3.79,1.099,61.45,51.85,685.38,4552.13,6192.04,212.29,2341.53,580,321.32
C28,2023-12,legacy,14,2436,174.0,167,4.64,30.5,3.66,1.102,61.44,53.56,747.49,4976.66,5878.82,198.85,2263.39,580,324.79
C28,2024-01,legacy,22,3576,162.5,240,4.88,26.2,3.47,1.105,59.04,50.56,473.36,4531.37,6154.16,200.93,2096.56,580,308.19
C28,2024-02,legacy,27,4280,158.5,258,4.91,21.4,3.61,1.108,60.23,53.18,809.55,4623.32,5914.26,182.09,2281.09,580,341.24
C28,2024-03,new,25,4854,194.2,233,3.93,27.3,3.51,1.111,62.18,53.46,616.9,4551.55,6145.11,203.84,2252.97,580,318.02
C28,2024-04,new,29,5899,203.4,317,3.68,31.2,3.24,1.114,60.52,52.93,688.86,4158.31,6059.7,190.79,2424.11,580,271.94
C28,2024-05,new,22,5119,232.7,234,3.16,26.0,2.9,1.117,63.17,53.44,697.78,4791.97,6014.67,190.18,2157.18,580,287.59
C28,2024-06,new,26,4958,190.7,271,3.79,30.7,3.59,1.12,60.99,53.03,635.41,4488.86,5838.81,190.45,2239.49,580,310.41
C28,2024-07,new,24,4818,200.8,300,3.54,29.8,3.16,1.122,61.98,52.54,787.05,4567.16,5887.61,202.83,2501.84,580,301.93
C28,2024-08,new,36,7004,194.6,330,3.59,28.5,3.57,1.125,60.45,53.76,609.67,5046.23,5910.18,217.27,2513.87,580,319.58
C28,2024-09,new,34,6855,201.6,402,3.42,27.3,3.48,1.128,61.3,53.83,742.45,5175.85,5699.27,188.16,2357.71,580,304.61
C28,2024-10,new,37,8286,223.9,354,3.03,27.4,3.38,1.131,61.29,54.35,573.64,4198.13,6567.12,206.35,2312.5,580,323.5
C28,2024-11,new,29,6186,213.3,395,3.14,28.3,3.84,1.134,62.04,54.43,732.16,4540.2,5880.9,212.16,2303.07,580,299.3
C28,2024-12,new,33,6572,199.2,341,3.33,26.0,3.16,1.137,62.84,55.58,700.01,4410.5,6046.64,224.47,2196.99,580,346.68
C28,2025-01,new,27,6359,235.5,356,2.79,33.0,3.11,1.14,60.5,53.88,674.35,4709.46,6053.61,207.57,2395.8,580,280.84
C28,2025-02,new,29,7049,243.1,421,2.68,34.1,2.9,1.143,63.03,54.23,769.99,4721.76,5301.98,204.86,2267.54,580,324.05
C28,2025-03,new,24,5549,231.2,265,2.79,31.9,3.24,1.146,60.78,55.08,651.15,5027.67,5546.49,213.86,2409.58,580,283.4
C28,2025-04,new,29,6083,209.8,341,3.06,28.1,3.11,1.149,64.42,53.62,719.21,4867.74,6477.21,182.25,2449.68,580,314.22
C28,2025-05,new,23,4825,209.8,270,3.04,29.6,2.97,1.152,61.4,54.42,715.72,4899.57,5948.75,209.27,2508.88,580,327.25
C28,2025-06,new,14,3374,241.0,167,2.63,34.5,3.1,1.155,61.81,54.84,631.15,4795.25,5954.75,206.74,2594.76,580,325.64
C28,2025-07,new,22,4662,211.9,214,2.98,24.8,2.79,1.158,63.95,53.93,636.43,5026.13,6141.67,174.57,2417.74,580,305.43
C28,2025-08,new,17,3706,218.0,247,2.88,28.3,3.19,1.16,64.33,57.09,827.09,4638.43,5797.61,197.53,2435.87,580,329.01
C28,2025-09,new,23,4775,207.6,326,3.02,30.0,2.91,1.163,61.64,53.68,744.01,5474.82,6460.44,216.14,2308.07,580,320.66
C28,2025-10,new,26,6562,252.4,342,2.47,36.0,3.64,1.166,62.21,55.96,690.88,5113.88,5917.62,207.08,2049.23,580,348.17
C28,2025-11,new,25,5449,218.0,292,2.86,27.6,2.98,1.169,63.26,54.24,694.24,4665.0,6276.96,248.88,2345.52,580,312.54
C28,2025-12,new,38,8536,224.6,390,2.77,20.7,2.8,1.172,61.89,55.62,607.9,4960.39,6556.67,180.05,2351.38,580,330.33
C29,2021-01,legacy,8,1144,143.0,72,6.5,23.8,5.32,1.0,58.87,51.23,649.12,4079.48,5098.13,209.91,2158.57,612,359.89
C29,2021-02,legacy,11,1578,143.5,111,6.48,17.0,5.19,1.003,59.42,52.7,610.1,4590.36,5665.57,179.73,2355.11,612,358.1
C29,2021-03,legacy,11,1534,139.5,109,6.67,16.5,5.13,1.006,59.74,52.86,650.31,4441.61,6726.82,202.32,2641.32,612,366.37
C29,2021-04,legacy,11,1748,158.9,129,5.85,23.2,5.26,1.009,58.3,51.8,665.98,4833.43,5555.5,202.06,2540.35,612,349.95
C29,2021-05,legacy,14,2007,143.4,147,6.49,16.9,4.88,1.012,62.42,52.83,696.06,4453.77,5823.34,226.68,2831.55,612,341.69
C29,2021-06,legacy,13,2107,162.1,113,5.74,13.7,4.94,1.015,62.05,51.37,660.65,4854.42,5681.15,201.13,2134.31,612,288.24
C29,2021-07,legacy,10,1385,138.5,117,6.71,25.0,5.64,1.018,60.99,50.93,631.35,4686.12,6034.8,181.98,2292.13,612,332.21
C29,2021-08,legacy,5,766,153.2,41,6.07,24.8,5.02,1.02,61.16,52.26,675.89,4279.48,6013.62,202.38,2101.33,612,403.37
C29,2021-09,legacy,11,1733,157.5,102,5.9,23.3,5.22,1.023,60.64,54.28,788.12,4811.0,5396.04,210.08,2417.79,612,345.64
C29,2021-10,legacy,8,1116,139.5,68,6.67,17.3,5.1,1.026,61.74,53.02,634.33,4667.13,5860.42,208.77,2173.51,612,319.84
C29,2021-11,legacy,13,1964,151.1,127,6.16,28.0,5.16,1.029,61.28,55.53,621.14,4495.56,6099.62,196.03,2411.29,612,292.05
C29,2021-12,legacy,9,1298,144.2,99,6.45,18.0,5.4,1.032,61.31,52.92,763.77,4899.01,5491.11,207.67,2296.54,612,310.62
C29,2022-01,legacy,8,1118,139.8,79,6.65,24.1,4.84,1.035,62.2,53.51,730.56,4936.26,5895.24,210.5,2246.13,612,337.69
C29,2022-02,legacy,6,872,145.3,48,6.4,23.0,4.8,1.038,62.07,55.36,704.38,4759.04,5849.92,163.85,2306.06,612,332.22
C29,2022-03,legacy,11,1470,133.6,75,6.96,23.8,4.61,1.041,61.03,51.88,806.91,4508.92,5785.44,210.93,2362.24,612,350.12
C29,2022-04,legacy,13,1903,146.4,134,6.35,21.2,4.86,1.044,62.15,54.62,685.42,5188.68,6461.54,209.43,2639.97,612,345.48
C29,2022-05,legacy,10,1362,136.2,111,6.83,21.5,5.06,1.047,63.09,54.37,716.3,5376.43,5900.15,252.96,2620.13,612,288.11
C29,2022-06,legacy,7,1082,154.6,78,6.02,20.9,4.63,1.05,61.54,54.7,663.53,4896.73,5775.65,218.21,2496.42,612,377.75
C29,2022-07,legacy,15,2437,162.5,157,5.72,26.0,4.67,1.052,64.36,55.5,740.5,4592.92,6595.27,200.46,2523.36,612,352.92
C29,2022-08,legacy,8,1291,161.4,75,5.76,14.7,4.52,1.055,62.64,52.88,796.82,4826.4,5922.46,214.11,1967.24,612,310.84
C29,2022-09,legacy,8,1141,142.6,66,6.52,21.8,4.56,1.058,64.25,54.98,749.2,5159.23,6157.8,208.64,2296.67,612,420.87
C29,2022-10,legacy,10,1477,147.7,102,6.3,27.1,5.02,1.061,64.89,53.99,773.67,4842.71,6433.93,194.1,2426.79,612,378.48
C29,2022-11,legacy,16,2670,166.9,173,5.57,24.2,4.87,1.064,63.05,55.37,818.43,4816.13,5734.11,196.4,2520.53,612,338.6
C29,2022-12,legacy,4,641,160.2,33,5.8,23.6,5.19,1.067,62.32,52.84,603.0,4682.53,5790.86,190.2,2292.6,612,337.72
C29,2023-01,legacy,12,1853,154.4,134,6.02,22.9,4.75,1.07,63.14,55.87,768.07,4608.55,6736.43,194.87,2511.18,612,324.39
C29,2023-02,legacy,9,1190,132.2,100,6.98,24.6,4.8,1.073,65.3,55.42,716.91,4744.44,6483.01,173.58,2247.19,612,319.07
C29,2023-03,legacy,11,1623,147.5,95,6.21,14.5,4.51,1.076,63.83,54.35,701.03,4815.15,6386.75,198.33,2057.06,612,381.57
C29,2023-04,legacy,11,1893,172.1,127,5.27,27.6,4.86,1.079,65.39,56.17,745.12,5405.86,6141.16,217.13,2287.79,612,364.49
C29,2023-05,legacy,9,1410,156.7,87,5.73,22.9,4.91,1.082,67.29,56.36,650.91,5031.89,6087.68,190.89,2628.9,612,342.59
C29,2023-06,legacy,9,1347,149.7,81,5.93,28.5,4.76,1.085,64.05,55.48,819.24,5016.14,6406.43,226.34,2669.89,612,344.57
C29,2023-07,legacy,11,1712,155.6,104,5.63,22.0,5.03,1.088,64.37,57.14,868.19,4838.71,6275.3,178.44,2680.46,612,306.91
C29,2023-08,legacy,9,1616,179.6,95,4.81,26.1,4.55,1.09,62.55,58.61,702.8,4661.75,6276.9,206.79,2496.25,612,309.24
C29,2023-09,legacy,8,1360,170.0,95,5.01,24.4,4.52,1.093,65.44,54.81,821.22,4879.71,6501.13,199.49,2830.53,612,325.36
C29,2023-10,legacy,10,1478,147.8,87,5.66,24.7,4.89,1.096,65.68,57.5,742.39,5323.47,6899.08,215.9,2643.84,612,328.3
C29,2023-11,legacy,12,1806,150.5,135,5.47,24.9,4.74,1.099,63.77,58.98,742.26,4884.27,6565.69,228.48,2397.4,612,311.99
C29,2023-12,legacy,5,814,162.8,50,4.96,22.6,4.65,1.102,64.78,58.46,748.33,4555.75,6800.82,210.19,2424.81,612,270.61
C29,2024-01,legacy,7,1239,177.0,96,4.48,25.8,4.09,1.105,65.74,56.23,810.31,4874.95,7077.6,221.01,2734.62,612,325.99
C29,2024-02,legacy,4,634,158.5,30,4.91,24.8,4.69,1.108,66.04,57.08,701.75,4935.01,6513.89,217.29,2517.44,612,322.08
C29,2024-03,new,8,1476,184.5,116,4.14,29.4,4.35,1.111,64.76,58.11,777.81,5035.56,7176.86,208.32,2736.51,612,349.0
C29,2024-04,new,10,1674,167.4,103,4.48,28.9,4.22,1.114,65.71,59.47,814.27,5159.23,6724.77,217.17,2455.01,612,382.69
C29,2024-05,new,13,2478,190.6,177,3.86,26.7,4.27,1.117,66.34,58.34,798.61,5128.56,6442.81,219.22,2537.1,612,373.66
C29,2024-06,new,16,3329,208.1,150,3.47,26.1,4.66,1.12,67.0,59.42,640.31,4869.09,7526.0,205.08,2704.61,612,354.89
C29,2024-07,new,4,845,211.2,44,3.36,29.0,4.23,1.122,68.75,58.89,747.4,5063.94,6467.41,211.77,2591.82,612,319.86
C29,2024-08,new,8,1518,189.8,88,3.68,28.4,4.1,1.125,67.47,58.65,676.77,5302.54,6662.74,196.87,2612.26,612,312.62
C29,2024-09,new,12,2630,219.2,146,3.14,32.3,4.43,1.128,67.51,60.22,664.62,5165.83,5979.59,240.36,2635.64,612,320.52
C29,2024-10,new,7,1410,201.4,80,3.37,28.4,3.94,1.131,69.11,58.41,721.99,5147.38,7170.98,209.15,2742.99,612,385.47
C29,2024-11,new,11,2162,196.5,122,3.41,36.5,4.43,1.134,69.2,60.3,840.07,4975.63,6742.57,225.08,2698.87,612,355.94
C29,2024-12,new,6,1330,221.7,77,2.99,28.7,4.66,1.137,67.13,57.81,860.81,5582.84,6207.19,236.37,2572.91,612,331.77
C29,2025-01,new,12,2365,197.1,107,3.33,27.8,4.04,1.14,68.23,59.49,780.63,5368.98,6693.45,217.61,2776.89,612,342.29
C29,2025-02,new,12,2548,212.3,139,3.06,29.0,4.93,1.143,67.79,59.41,755.23,5221.57,7080.16,213.1,2463.36,612,388.84
C29,2025-03,new,5,1043,208.6,39,3.09,28.1,4.11,1.146,70.74,59.63,637.05,5444.61,6500.53,240.85,2587.86,612,288.98
C29,2025-04,new,9,1967,218.6,105,2.93,27.6,4.13,1.149,70.93,59.21,848.92,5221.52,6703.33,219.16,2750.12,612,311.57
C29,2025-05,new,7,1570,224.3,74,2.84,35.1,4.24,1.152,69.1,59.15,899.35,5025.13,6880.43,215.31,2657.17,612,331.39
C29,2025-06,new,5,1082,216.4,59,2.93,28.8,4.27,1.155,67.88,58.63,861.74,5407.94,6252.71,223.72,2768.42,612,364.81
C29,2025-07,new,7,1485,212.1,76,2.97,27.7,4.21,1.158,68.98,58.47,694.57,5450.67,6911.38,241.73,2109.12,612,328.05
C29,2025-08,new,4,867,216.8,47,2.9,29.5,3.92,1.16,69.85,59.16,851.44,5100.64,6408.86,230.19,2389.79,612,308.65
C29,2025-09,new,9,1751,194.6,94,3.22,26.0,4.29,1.163,69.82,60.28,819.47,5295.75,6595.24,207.8,2686.58,612,308.56
C29,2025-10,new,7,1560,222.9,84,2.8,27.2,4.52,1.166,69.15,59.05,700.55,5775.47,7147.46,214.81,2924.69,612,336.15
C29,2025-11,new,7,1777,253.9,109,2.45,33.1,3.96,1.169,68.08,61.11,877.31,4770.5,6753.62,224.02,2555.47,612,338.79
C29,2025-12,new,14,3224,230.3,197,2.7,31.0,4.12,1.172,71.41,63.24,682.0,5693.95,7851.96,225.06,2789.68,612,344.38
C30,2021-01,legacy,21,3337,158.9,190,5.85,21.7,3.68,1.0,61.06,52.59,690.89,4813.25,5682.51,204.56,1922.31,535,401.06
C30,2021-02,legacy,11,1636,148.7,122,6.25,27.1,3.62,1.003,59.75,51.28,699.09,4794.91,6097.55,183.17,2501.79,535,320.29
C30,2021-03,legacy,16,2382,148.9,151,6.25,14.7,3.65,1.006,61.52,53.44,754.08,4623.08,6132.8,184.38,2465.18,535,315.41
C30,2021-04,legacy,27,4125,152.8,225,6.09,20.2,3.9,1.009,59.71,52.64,776.21,4696.49,6145.85,191.9,2323.91,535,365.39
C30,2021-05,legacy,18,2787,154.8,199,6.01,20.3,3.42,1.012,61.78,52.54,701.25,5022.11,5525.53,223.37,2397.12,535,333.45
C30,2021-06,legacy,20,3092,154.6,182,6.02,24.7,3.7,1.015,61.34,53.86,711.59,4610.7,6147.78,191.97,2585.69,535,363.14
C30,2021-07,legacy,13,1843,141.8,117,6.56,19.5,3.68,1.018,61.18,52.92,785.93,4540.69,6299.28,232.85,2266.69,535,370.69
C30,2021-08,legacy,19,2834,149.2,218,6.24,19.9,4.0,1.02,62.06,52.36,726.0,4399.63,6032.01,210.92,2251.29,535,377.64
C30,2021-09,legacy,16,2183,136.4,194,6.82,22.3,3.61,1.023,60.66,55.39,671.91,5460.48,7023.82,197.72,2362.9,535,350.76
C30,2021-10,legacy,16,2534,158.4,156,5.87,28.6,3.85,1.026,65.04,53.39,793.08,5291.2,5790.66,213.51,2033.62,535,329.05
C30,2021-11,legacy,15,2231,148.7,174,6.25,24.9,3.76,1.029,61.37,54.31,692.9,4807.52,6052.64,211.82,2679.48,535,312.61
C30,2021-12,legacy,18,2638,146.6,206,6.35,24.1,3.84,1.032,63.85,55.51,912.68,4393.29,6518.93,198.73,2519.07,535,345.92
C30,2022-01,legacy,22,3043,138.3,201,6.72,26.0,3.42,1.035,64.29,58.31,745.57,4588.22,5791.35,206.63,2257.39,535,307.24
C30,2022-02,legacy,20,3064,153.2,184,6.07,19.1,3.44,1.038,62.91,54.74,781.54,4996.75,6195.95,222.04,2397.86,535,367.1
C30,2022-03,legacy,22,3478,158.1,228,5.88,21.6,3.78,1.041,63.98,54.75,696.58,4962.93,6871.03,229.63,2735.78,535,354.2
C30,2022-04,legacy,15,2304,153.6,133,6.05,21.1,3.62,1.044,62.08,53.96,589.04,5278.47,6872.18,226.08,2217.25,535,349.96
C30,2022-05,legacy,20,3183,159.2,211,5.84,23.7,3.61,1.047,65.38,56.14,588.73,4406.34,6476.24,224.94,2493.9,535,301.22
C30,2022-06,legacy,22,3135,142.5,229,6.53,15.2,3.23,1.05,64.61,56.2,752.8,4827.12,6358.99,244.65,2513.21,535,370.03
C30,2022-07,legacy,15,2363,157.5,125,5.9,20.2,3.48,1.052,64.2,57.15,687.52,4871.36,5883.02,220.04,2157.44,535,330.04
C30,2022-08,legacy,16,2387,149.2,221,6.23,21.7,3.01,1.055,65.69,56.84,750.23,5334.52,6323.87,216.56,2367.4,535,346.07
C30,2022-09,legacy,17,2167,127.5,175,7.3,20.8,3.98,1.058,65.16,56.34,599.95,5267.38,6741.61,218.4,2509.58,535,379.42
C30,2022-10,legacy,20,3034,151.7,200,6.13,24.7,3.31,1.061,63.01,56.14,909.28,4854.2,5931.28,218.22,2462.15,535,344.73
C30,2022-11,legacy,17,2392,140.7,166,6.61,24.4,3.52,1.064,63.78,56.35,795.97,5416.48,6213.94,202.52,2391.38,535,310.3
C30,2022-12,legacy,14,2072,148.0,98,6.28,16.3,3.24,1.067,65.54,56.53,807.98,5107.1,6992.45,227.58,2725.27,535,346.34
C30,2023-01,legacy,16,2297,143.6,218,6.48,21.8,3.09,1.07,65.67,58.7,624.12,5162.42,7014.75,207.87,2500.31,535,342.14
C30,2023-02,legacy,23,3278,142.5,254,6.48,22.7,3.26,1.073,68.25,54.62,809.05,4908.52,6248.62,208.21,2656.94,535,296.66
C30,2023-03,new,26,4234,162.8,313,5.62,22.0,3.35,1.076,64.73,59.2,746.08,4694.04,6481.15,208.52,2520.66,535,381.43
C30,2023-04,new,15,2253,150.2,162,6.04,23.3,3.65,1.079,64.7,56.29,669.06,4434.66,6443.72,191.35,2373.63,535,339.83
C30,2023-05,new,19,3025,159.2,157,5.64,27.7,2.85,1.082,64.91,59.17,771.14,4995.91,5881.72,167.53,2575.96,535,380.4
C30,2023-06,new,18,3005,166.9,166,5.32,26.3,3.34,1.085,65.7,56.92,741.06,4858.05,6710.32,207.0,2388.58,535,356.9
C30,2023-07,new,19,3030,159.5,210,5.49,21.3,3.39,1.088,65.49,58.96,738.4,5371.2,6129.54,228.08,2734.79,535,390.22
C30,2023-08,new,19,2935,154.5,227,5.59,20.1,3.15,1.09,65.81,58.76,900.59,4860.95,6622.26,216.05,2327.4,535,369.44
C30,2023-09,new,10,1702,170.2,121,5.0,23.9,3.22,1.093,66.42,58.49,729.59,5000.29,6586.86,208.37,2146.66,535,326.94
C30,2023-10,new,23,3959,172.1,281,4.86,28.8,3.19,1.096,65.54,59.58,721.98,4594.28,6853.95,242.39,2843.04,535,337.31
C30,2023-11,new,17,2849,167.6,152,4.91,22.0,3.72,1.099,66.15,58.24,788.48,4831.32,7109.45,189.93,2262.27,535,362.29
C30,2023-12,new,15,2726,181.7,153,4.45,28.4,3.34,1.102,66.1,59.29,756.28,4792.52,6132.33,182.24,2488.82,535,342.35
C30,2024-01,new,14,2784,198.9,153,3.99,28.2,2.94,1.105,67.81,60.06,665.14,4832.35,6630.23,215.94,2536.04,535,346.96
C30,2024-02,new,14,2790,199.3,177,3.91,28.4,2.77,1.108,68.49,58.93,797.57,5691.05,6285.1,211.07,2498.46,535,331.74
C30,2024-03,new,12,2525,210.4,148,3.63,27.2,3.1,1.111,66.51,60.55,716.43,5773.82,6728.41,205.54,2435.51,535,333.85
C30,2024-04,new,16,3399,212.4,231,3.53,31.0,3.06,1.114,68.67,59.38,820.79,5385.88,6751.17,240.79,2579.94,535,378.95
C30,2024-05,new,19,3830,201.6,290,3.65,30.8,2.97,1.117,69.09,61.29,810.25,5699.95,7360.53,240.95,2449.8,535,348.62
C30,2024-06,new,18,3649,202.7,179,3.56,27.4,2.83,1.12,68.05,59.77,703.59,5042.19,6241.85,239.13,2400.62,535,356.57
C30,2024-07,new,13,2507,192.8,157,3.68,30.3,3.0,1.122,67.43,61.07,705.6,5331.14,6909.08,229.63,2695.73,535,330.63
C30,2024-08,new,21,4698,223.7,260,3.12,28.6,2.84,1.125,70.96,62.69,680.42,4619.06,7071.92,214.84,2374.4,535,366.87
C30,2024-09,new,14,2859,204.2,184,3.37,30.4,2.76,1.128,69.93,62.43,696.23,4778.37,7424.49,234.45,2550.69,535,326.02
C30,2024-10,new,14,3094,221.0,158,3.07,27.9,3.23,1.131,68.99,62.18,742.96,5490.62,6005.88,242.67,2542.21,535,356.02
C30,2024-11,new,10,2381,238.1,131,2.82,30.2,3.31,1.134,72.28,59.43,828.44,5203.82,6627.12,229.52,2566.98,535,408.86
C30,2024-12,new,20,4385,219.2,264,3.03,27.2,3.4,1.137,71.14,58.5,787.35,5376.15,7300.17,249.12,2687.53,535,390.83
C30,2025-01,new,27,5423,200.9,377,3.27,28.8,2.64,1.14,69.29,60.45,913.59,5592.33,7610.06,246.13,2564.94,535,321.53
C30,2025-02,new,19,3946,207.7,154,3.13,28.2,3.01,1.143,70.5,60.89,898.82,5594.86,7834.22,235.01,2754.78,535,378.69
C30,2025-03,new,14,3046,217.6,196,2.97,32.8,2.9,1.146,71.84,61.72,782.03,5086.59,6854.8,232.13,2781.77,535,309.67
C30,2025-04,new,15,3625,241.7,133,2.65,30.8,2.99,1.149,70.32,61.04,896.3,5169.22,7404.1,261.3,2553.64,535,381.45
C30,2025-05,new,15,3299,219.9,189,2.9,25.2,2.56,1.152,69.81,61.63,971.38,5325.77,7422.38,217.84,2709.37,535,364.23
C30,2025-06,new,17,3795,223.2,200,2.84,29.4,2.8,1.155,72.3,63.38,614.99,5083.63,7021.46,235.16,2457.62,535,322.32
C30,2025-07,new,24,5084,211.8,312,2.98,26.3,2.62,1.158,72.36,62.39,978.22,4980.84,6776.6,218.36,2823.61,535,317.12
C30,2025-08,new,17,3929,231.1,195,2.72,31.0,2.79,1.16,71.18,60.06,695.87,5035.1,6402.83,234.4,2468.49,535,312.91
C30,2025-09,new,20,4566,228.3,181,2.74,25.6,2.61,1.163,72.84,61.98,663.37,5227.65,7313.44,252.45,2766.77,535,306.56
C30,2025-10,new,8,1908,238.5,120,2.62,35.0,2.71,1.166,72.06,63.0,798.09,5696.51,6591.78,240.67,2795.88,535,376.69
C30,2025-11,new,21,4521,215.3,239,2.89,33.7,3.05,1.169,72.44,62.01,727.86,5633.91,7301.9,229.89,2660.73,535,351.95
C30,2025-12,new,18,4256,236.4,275,2.63,30.7,2.83,1.172,69.66,64.1,814.17,5227.34,7577.22,235.6,2533.54,535,366.7
C31,2021-01,legacy,22,3033,137.9,198,6.75,22.6,4.85,1.0,49.1,43.96,513.58,4072.9,4863.13,159.99,1739.49,617,288.19
C31,2021-02,legacy,16,2305,144.1,166,6.46,23.0,4.67,1.003,47.99,41.34,634.7,3574.07,4656.99,170.05,1784.68,617,276.32
C31,2021-03,legacy,23,3336,145.0,252,6.41,22.0,5.01,1.006,50.4,41.78,613.97,3899.57,4296.37,156.32,1766.96,617,256.58
C31,2021-04,legacy,27,3998,148.1,270,6.28,30.0,4.87,1.009,50.66,43.81,512.57,3972.79,4723.46,169.04,1861.69,617,297.96
C31,2021-05,legacy,24,3682,153.4,266,6.06,14.8,4.59,1.012,51.53,43.03,627.55,4480.14,4813.37,149.87,1810.46,617,271.48
C31,2021-06,legacy,15,1956,130.4,153,7.13,22.5,4.85,1.015,49.27,44.26,515.27,3703.62,4975.7,149.26,2113.24,617,291.53
C31,2021-07,legacy,28,4172,149.0,252,6.24,21.6,4.85,1.018,49.63,47.0,651.1,3511.5,5560.62,170.67,1979.4,617,264.02
C31,2021-08,legacy,17,2486,146.2,158,6.36,24.1,4.46,1.02,51.1,44.56,576.34,3777.09,5018.7,160.73,1846.93,617,269.84
C31,2021-09,legacy,20,2766,138.3,148,6.72,21.9,4.92,1.023,50.55,44.52,571.33,3930.31,4873.64,182.15,2076.71,617,242.98
C31,2021-10,legacy,15,2205,147.0,107,6.33,20.0,4.93,1.026,50.72,45.18,565.42,3876.23,4773.21,172.02,1995.93,617,288.34
C31,2021-11,legacy,25,3843,153.7,246,6.05,23.1,4.91,1.029,51.9,45.29,623.73,3875.73,5071.76,150.2,1739.76,617,259.42
C31,2021-12,legacy,29,4226,145.7,337,6.38,14.5,4.38,1.032,50.45,44.51,672.44,3443.34,5307.99,150.24,1918.09,617,276.19
C31,2022-01,legacy,30,4362,145.4,231,6.4,25.5,4.41,1.035,51.95,44.92,750.59,4056.35,5105.31,171.22,1905.94,617,283.87
C31,2022-02,legacy,15,2339,155.9,172,5.96,22.2,4.7,1.038,50.62,45.16,575.21,3923.98,5165.08,193.06,1712.3,617,283.33
C31,2022-03,legacy,20,2863,143.2,186,6.5,22.5,4.46,1.041,51.82,43.49,650.93,4253.61,5376.88,191.97,1822.24,617,267.19
C31,2022-04,legacy,15,2392,159.5,153,5.83,21.3,4.82,1.044,51.28,46.2,635.19,4030.79,5617.98,176.85,2048.47,617,265.53
C31,2022-05,legacy,31,4751,153.3,344,6.07,30.7,4.49,1.047,53.42,46.2,543.46,3994.15,5456.02,151.46,2039.84,617,314.06
C31,2022-06,legacy,26,3996,153.7,284,6.05,18.6,4.05,1.05,54.12,46.84,544.61,3943.93,5013.99,144.56,1958.68,617,263.4
C31,2022-07,legacy,22,3415,155.2,224,5.99,21.4,4.35,1.052,51.26,46.02,590.1,4219.56,5695.09,161.25,2040.11,617,227.71
C31,2022-08,legacy,16,2583,161.4,188,5.76,19.5,4.06,1.055,51.67,44.85,581.22,3943.52,4621.44,160.63,1819.04,617,290.04
C31,2022-09,legacy,20,2873,143.6,185,6.47,23.7,4.33,1.058,53.86,46.42,620.38,4101.32,5180.14,184.12,2020.07,617,283.31
C31,2022-10,legacy,19,3050,160.5,173,5.79,24.5,4.61,1.061,54.03,45.14,587.12,4500.15,5079.68,172.27,1794.58,617,315.6
C31,2022-11,legacy,20,2845,142.2,139,6.54,23.5,4.46,1.064,53.55,46.31,628.99,3769.34,5447.63,179.63,2003.05,617,274.49
C31,2022-12,legacy,24,3679,153.3,258,6.07,24.2,4.45,1.067,53.93,46.98,618.82,4240.93,4893.07,196.71,2023.72,617,273.81
C31,2023-01,legacy,19,2954,155.5,155,5.98,25.0,4.12,1.07,52.39,44.9,644.42,4023.56,4895.43,180.64,2264.33,617,240.51
C31,2023-02,legacy,15,2281,152.1,138,6.07,15.3,4.05,1.073,53.73,46.29,572.95,4282.58,4803.98,154.67,2015.34,617,278.66
C31,2023-03,new,9,1294,143.8,70,6.37,19.5,4.06,1.076,55.28,46.75,578.24,4425.78,5634.69,178.02,2058.19,617,309.21
C31,2023-04,new,15,2173,144.9,132,6.26,25.8,4.4,1.079,54.13,46.99,687.56,3864.75,5104.2,211.53,2140.96,617,273.78
C31,2023-05,new,24,3554,148.1,209,6.06,23.3,4.37,1.082,54.11,46.68,646.94,4438.86,5146.02,169.18,2277.75,617,241.92
C31,2023-06,new,34,5451,160.3,455,5.54,23.2,3.96,1.085,53.38,46.18,553.02,3915.49,5706.59,170.1,2017.69,617,276.6
C31,2023-07,new,16,2645,165.3,167,5.3,19.4,4.27,1.088,56.09,48.42,599.89,3972.36,4996.61,184.86,1893.97,617,294.53
C31,2023-08,new,13,2241,172.4,157,5.01,27.6,3.9,1.09,56.3,46.28,651.79,4107.69,4601.09,213.7,1855.95,617,281.57
C31,2023-09,new,27,4192,155.3,284,5.48,23.4,4.65,1.093,54.19,47.43,564.69,3695.14,5308.53,164.2,2095.76,617,256.65
C31,2023-10,new,23,4067,176.8,212,4.73,33.4,3.79,1.096,56.53,46.45,628.89,4389.14,5438.15,165.28,1964.05,617,295.87
C31,2023-11,new,21,3953,188.2,318,4.37,29.1,4.12,1.099,56.12,47.78,619.62,4228.32,5499.63,204.09,2370.5,617,269.6
C31,2023-12,new,25,4567,182.7,269,4.42,25.5,4.03,1.102,55.3,49.05,621.66,3831.66,6052.03,181.28,2022.6,617,301.87
C31,2024-01,new,24,4430,184.6,234,4.3,27.2,4.05,1.105,52.85,48.5,601.39,4566.8,5542.36,161.99,2229.78,617,267.65
C31,2024-02,new,20,3957,197.8,230,3.93,27.8,4.08,1.108,53.98,46.65,562.81,4406.32,6024.09,168.13,2103.07,617,261.53
C31,2024-03,new,28,5913,211.2,372,3.62,29.6,4.15,1.111,55.34,50.35,648.07,4599.82,5711.21,169.25,2212.08,617,291.36
C31,2024-04,new,21,4494,214.0,259,3.5,29.9,3.97,1.114,55.46,48.37,672.17,3919.95,5222.85,190.93,1977.04,617,248.6
C31,2024-05,new,23,5024,218.4,289,3.37,25.9,3.81,1.117,56.2,50.0,589.66,4340.36,5186.74,198.14,2335.68,617,270.56
C31,2024-06,new,24,4513,188.0,274,3.84,26.6,4.01,1.12,56.2,49.49,760.3,4475.55,4916.11,179.3,2290.92,617,313.22
C31,2024-07,new,20,4487,224.4,219,3.17,27.4,3.77,1.122,52.72,49.46,530.25,4327.15,5159.33,182.1,2097.95,617,257.22
C31,2024-08,new,18,3690,205.0,169,3.41,30.1,3.78,1.125,55.31,50.49,655.09,4365.38,5526.67,157.83,2376.14,617,318.48
C31,2024-09,new,17,3780,222.4,193,3.1,25.8,4.02,1.128,55.99,48.72,712.48,3907.78,5777.85,164.97,2007.43,617,290.32
C31,2024-10,new,23,4747,206.4,251,3.29,25.9,4.32,1.131,56.45,48.59,672.69,4520.35,5677.92,208.76,2190.4,617,318.1
C31,2024-11,new,21,4638,220.9,308,3.04,29.7,3.93,1.134,57.12,48.73,622.69,4494.57,5916.98,206.02,1894.44,617,252.8
C31,2024-12,new,21,4424,210.7,218,3.15,24.6,3.67,1.137,56.31,49.82,711.71,4537.02,6118.09,164.79,2169.15,617,266.32
C31,2025-01,new,21,4536,216.0,257,3.04,33.8,3.51,1.14,56.66,49.71,549.34,4037.89,6118.22,201.07,1867.65,617,292.13
C31,2025-02,new,23,5705,248.0,297,2.62,31.8,3.77,1.143,57.18,49.54,602.23,4556.15,5611.81,192.36,2182.38,617,252.3
C31,2025-03,new,32,6633,207.3,387,3.11,30.0,3.76,1.146,56.39,51.77,607.43,3873.0,5958.94,175.23,2147.23,617,323.12
C31,2025-04,new,21,4979,237.1,242,2.7,31.2,3.59,1.149,55.79,50.16,597.79,4573.95,5671.5,190.32,2223.76,617,317.73
C31,2025-05,new,21,4737,225.6,259,2.82,33.7,3.35,1.152,57.07,50.03,559.22,4419.3,5969.02,228.94,2112.07,617,306.34
C31,2025-06,new,30,6337,211.2,275,3.0,33.1,3.45,1.155,56.72,49.7,589.7,4491.99,5248.44,181.73,2129.54,617,250.79
C31,2025-07,new,23,5628,244.7,287,2.58,28.1,3.2,1.158,58.48,50.99,646.84,4623.39,6034.96,191.49,2025.41,617,257.43
C31,2025-08,new,16,3639,227.4,180,2.76,26.2,3.63,1.16,57.07,51.92,681.69,4155.24,5311.97,222.46,2251.9,617,262.55
C31,2025-09,new,25,5504,220.2,288,2.84,29.4,3.66,1.163,56.96,50.43,683.25,4137.2,5953.0,195.13,2307.28,617,284.87
C31,2025-10,new,19,4420,232.6,220,2.68,34.3,3.8,1.166,59.07,51.24,678.83,4791.94,5629.05,236.66,2090.53,617,251.43
C31,2025-11,new,23,5010,217.8,292,2.86,27.5,3.78,1.169,56.39,51.49,724.04,4160.47,5828.06,186.76,2128.49,617,283.42
C31,2025-12,new,16,4043,252.7,182,2.46,28.3,3.99,1.172,58.52,50.91,717.53,4545.79,5558.26,195.47,2273.09,617,291.49
C32,2021-01,legacy,14,1929,137.8,136,6.75,28.6,4.54,1.0,60.68,52.3,667.88,4785.08,5803.3,192.95,2115.97,588,353.07
C32,2021-02,legacy,10,1460,146.0,87,6.37,17.7,4.41,1.003,60.99,53.43,775.69,4777.3,6122.36,197.42,2322.38,588,328.35
C32,2021-03,legacy,12,1604,133.7,102,6.96,24.5,4.32,1.006,60.31,53.65,755.19,4181.96,5674.75,209.19,2101.86,588,368.89
C32,2021-04,legacy,11,1680,152.7,109,6.09,25.6,4.21,1.009,60.57,54.44,550.49,4979.04,5937.12,192.39,2417.84,588,415.43
C32,2021-05,legacy,10,1581,158.1,101,5.88,17.7,4.25,1.012,61.11,54.45,566.53,4318.96,6977.18,191.89,2233.15,588,356.97
C32,2021-06,legacy,11,1750,159.1,151,5.85,25.3,4.32,1.015,61.73,54.88,713.8,4666.29,5746.71,206.45,2294.56,588,372.24
C32,2021-07,legacy,10,1651,165.1,134,5.63,26.4,4.19,1.018,65.04,54.43,665.82,4776.1,5145.36,196.44,2255.29,588,302.19
C32,2021-08,legacy,13,1957,150.5,111,6.18,20.7,4.05,1.02,62.06,53.38,674.44,4377.98,6532.86,204.39,2627.02,588,354.47
C32,2021-09,legacy,10,1466,146.6,85,6.34,19.6,4.7,1.023,62.33,55.03,603.85,4368.48,5809.69,192.7,2636.3,588,373.05
C32,2021-10,legacy,14,2228,159.1,112,5.84,24.7,4.54,1.026,62.91,55.37,648.96,4798.67,5912.41,202.21,2472.68,588,342.2
C32,2021-11,legacy,13,1890,145.4,133,6.4,18.5,4.16,1.029,64.27,53.41,680.96,5050.44,6453.43,210.02,2040.45,588,365.52
C32,2021-12,legacy,9,1384,153.8,116,6.05,24.9,4.8,1.032,64.04,55.23,614.14,4887.64,6052.27,211.08,2340.78,588,364.47
C32,2022-01,legacy,7,1026,146.6,57,6.35,18.6,4.05,1.035,61.48,55.68,619.08,4859.72,6579.78,190.74,2202.43,588,297.9
C32,2022-02,legacy,15,2166,144.4,179,6.44,17.9,3.59,1.038,64.69,56.3,670.83,4897.98,5760.96,206.0,2577.33,588,337.47
C32,2022-03,legacy,10,1503,150.3,100,6.19,17.2,4.08,1.041,64.06,56.07,655.32,5461.14,6714.03,215.83,2700.86,588,375.72
C32,2022-04,legacy,15,2417,161.1,150,5.77,22.6,3.91,1.044,61.59,55.91,638.41,5470.73,6388.53,201.49,2217.48,588,360.82
C32,2022-05,legacy,14,2228,159.1,145,5.84,23.2,4.01,1.047,63.29,56.34,752.85,4928.16,5955.36,214.31,2437.33,588,350.01
C32,2022-06,legacy,12,1825,152.1,112,6.12,20.3,4.17,1.05,63.56,57.29,681.03,4985.88,7054.57,217.5,2704.85,588,378.16
C32,2022-07,legacy,14,1807,129.1,129,7.21,18.1,4.16,1.052,66.13,55.48,748.67,4952.3,6463.89,188.32,2668.73,588,323.85
C32,2022-08,legacy,12,1812,151.0,128,6.16,21.4,4.45,1.055,61.39,55.77,738.2,5037.84,6416.27,185.9,2398.25,588,355.63
C32,2022-09,legacy,10,1543,154.3,95,6.03,21.1,4.53,1.058,65.14,55.64,738.19,4994.29,6844.03,182.72,2368.19,588,385.09
C32,2022-10,legacy,12,1870,155.8,138,5.97,26.3,3.88,1.061,64.61,55.62,714.78,4904.45,6477.35,226.87,2273.55,588,320.43
C32,2022-11,legacy,13,1880,144.6,143,6.43,17.9,4.12,1.064,66.53,56.41,857.38,4826.02,6401.59,235.95,2738.91,588,324.61
C32,2022-12,legacy,8,1282,160.2,69,5.8,24.1,4.27,1.067,66.35,55.93,810.7,5206.89,5797.13,188.32,2445.2,588,328.7
C32,2023-01,legacy,13,2001,153.9,133,6.04,24.0,3.71,1.07,67.6,57.47,626.32,4565.06,6283.55,225.27,2426.94,588,358.73
C32,2023-02,legacy,9,1220,135.6,69,6.81,18.6,3.87,1.073,67.23,57.71,656.19,4964.41,6582.47,246.31,2327.51,588,337.58
C32,2023-03,legacy,12,1914,159.5,122,5.74,22.5,3.83,1.076,63.59,55.85,833.89,5645.3,6017.2,186.44,2494.83,588,348.23
C32,2023-04,legacy,19,3215,169.2,197,5.36,21.8,3.87,1.079,66.18,57.93,843.52,4625.86,6662.36,214.73,2589.72,588,302.73
C32,2023-05,legacy,11,1728,157.1,123,5.72,21.4,3.97,1.082,66.88,57.97,660.29,5618.54,6056.31,191.53,2578.73,588,312.78
C32,2023-06,legacy,8,1189,148.6,85,5.97,20.5,3.21,1.085,65.08,55.74,797.29,4570.18,6806.3,209.04,2565.17,588,331.28
C32,2023-07,legacy,11,1925,175.0,111,5.01,26.7,4.02,1.088,68.17,58.24,727.23,4684.89,6534.06,241.11,2618.36,588,387.11
C32,2023-08,legacy,7,1177,168.1,85,5.14,26.5,3.91,1.09,68.85,58.43,665.63,4920.98,6260.66,185.18,2656.74,588,363.88
C32,2023-09,legacy,10,1434,143.4,91,5.93,26.7,4.06,1.093,66.19,57.22,924.41,5531.94,6789.34,240.52,2545.74,588,359.93
C32,2023-10,legacy,13,2234,171.8,153,4.87,25.3,3.93,1.096,69.74,57.59,774.04,5487.74,6650.23,171.19,2704.27,588,282.74
C32,2023-11,legacy,20,3340,167.0,177,4.93,21.9,4.15,1.099,68.27,58.25,750.96,5248.14,7858.68,196.79,2673.53,588,336.65
C32,2023-12,legacy,12,2009,167.4,96,4.83,24.3,3.83,1.102,67.37,59.25,822.09,4810.87,6411.82,232.48,2771.36,588,358.46
C32,2024-01,legacy,13,1946,149.7,121,5.3,20.6,3.21,1.105,67.08,59.52,751.72,5259.29,6430.1,228.15,2903.39,588,356.7
C32,2024-02,legacy,18,2735,151.9,199,5.12,23.1,3.44,1.108,68.91,58.96,715.09,4860.83,6233.02,239.14,2454.72,588,304.61
C32,2024-03,legacy,15,2569,171.3,155,4.46,24.3,3.67,1.111,67.15,62.4,700.73,4973.08,7401.07,217.78,2763.75,588,348.13
C32,2024-04,legacy,14,2686,191.9,175,3.91,26.6,3.47,1.114,70.27,60.39,889.04,5622.89,7853.95,220.99,2690.81,588,274.58
C32,2024-05,legacy,10,1744,174.4,128,4.22,24.4,3.75,1.117,71.02,57.91,858.58,5281.5,6145.28,204.34,2577.51,588,336.73
C32,2024-06,legacy,10,1750,175.0,140,4.13,21.3,2.98,1.12,70.05,58.02,820.67,5679.61,6463.64,225.72,2801.28,588,414.65
C32,2024-07,legacy,12,2028,169.0,108,4.2,23.8,3.16,1.122,67.84,60.19,716.56,4785.43,6078.55,199.38,2564.97,588,347.59
C32,2024-08,legacy,13,2242,172.5,112,4.05,28.4,3.53,1.125,69.77,60.87,692.28,4980.3,7348.46,237.03,2303.67,588,344.87
C32,2024-09,new,10,2254,225.4,114,3.06,31.5,3.17,1.128,69.02,59.89,777.91,4910.35,6747.27,223.29,2402.87,588,341.46
C32,2024-10,new,13,2661,204.7,150,3.32,30.2,3.54,1.131,67.68,58.76,801.03,5628.91,6587.03,226.39,2520.73,588,340.37
C32,2024-11,new,13,3146,242.0,162,2.77,27.8,3.71,1.134,71.98,60.15,846.81,5174.1,6766.11,222.45,2747.73,588,410.79
C32,2024-12,new,16,3592,224.5,152,2.95,25.2,3.6,1.137,69.63,60.18,771.46,5049.45,6791.79,219.14,2647.38,588,335.65
C32,2025-01,new,11,2464,224.0,117,2.93,31.3,3.26,1.14,71.29,62.0,713.83,4942.38,7133.94,235.3,2528.7,588,376.66
C32,2025-02,new,6,1317,219.5,69,2.96,28.1,3.19,1.143,68.75,59.14,826.8,5345.49,6965.04,247.27,2480.41,588,316.12
C32,2025-03,new,21,4473,213.0,241,3.03,29.1,3.44,1.146,68.68,59.69,839.57,5222.18,6988.16,254.67,2348.22,588,348.19
C32,2025-04,new,6,1320,220.0,81,2.91,28.8,3.17,1.149,71.22,61.26,664.54,6139.29,7228.06,240.83,2734.58,588,303.0
C32,2025-05,new,10,2056,205.6,117,3.1,26.0,3.4,1.152,70.66,61.58,742.11,5224.4,6952.04,212.17,2792.57,588,354.11
C32,2025-06,new,10,2259,225.9,116,2.81,29.2,3.42,1.155,73.06,61.57,810.55,5181.7,7085.69,218.82,2808.43,588,318.79
C32,2025-07,new,9,1813,201.4,100,3.13,33.0,3.37,1.158,68.04,62.67,974.95,5693.26,6972.09,236.76,2719.69,588,372.43
C32,2025-08,new,20,5157,257.8,262,2.44,32.4,3.3,1.16,70.0,61.75,672.46,5160.89,6746.49,222.66,2629.7,588,349.07
C32,2025-09,new,8,1805,225.6,112,2.78,34.6,3.08,1.163,71.28,60.2,809.29,5188.37,6306.15,219.86,2659.74,588,339.96
C32,2025-10,new,19,3934,207.1,164,3.02,28.9,3.31,1.166,71.55,60.91,659.82,5740.91,6876.75,235.58,2809.56,588,385.01
C32,2025-11,new,11,2537,230.6,135,2.7,30.0,3.74,1.169,73.32,63.28,690.03,6221.44,6979.66,233.41,2551.36,588,306.09
C32,2025-12,new,9,2060,228.9,112,2.71,31.1,3.44,1.172,71.37,64.42,778.07,5166.02,6952.39,223.9,2303.02,588,298.77
C33,2021-01,legacy,29,4194,144.6,280,6.43,22.2,5.16,1.0,50.32,43.0,565.13,3743.82,4779.78,186.39,1927.14,581,253.23
C33,2021-02,legacy,27,4096,151.7,291,6.13,18.2,5.3,1.003,49.83,42.8,567.64,4289.89,4836.69,148.44,1859.91,581,273.3
C33,2021-03,legacy,25,3559,142.4,235,6.53,25.3,5.47,1.006,49.14,42.62,606.13,4146.76,4760.39,191.7,1810.34,581,242.63
C33,2021-04,legacy,42,6223,148.2,386,6.28,19.8,5.41,1.009,50.0,43.83,554.14,3402.59,5025.24,162.24,1762.41,581,299.5
C33,2021-05,legacy,35,5169,147.7,334,6.3,25.2,5.34,1.012,50.87,43.65,550.17,3810.37,5294.37,172.08,1792.67,581,261.18
C33,2021-06,legacy,24,3689,153.7,234,6.05,17.0,5.36,1.015,50.05,43.88,588.03,3770.72,4587.35,157.2,2144.74,581,260.64
C33,2021-07,new,26,3755,144.4,325,6.44,18.1,5.34,1.018,50.74,43.45,519.15,3983.39,4652.44,153.6,1876.17,581,254.71
C33,2021-08,new,32,4860,151.9,337,6.12,16.7,5.43,1.02,51.19,45.57,575.22,3625.73,4620.72,165.81,1897.01,581,291.47
C33,2021-09,new,33,4163,126.2,335,7.37,23.6,4.95,1.023,53.01,42.98,626.94,3852.45,4959.0,155.6,2180.2,581,250.45
C33,2021-10,new,21,3343,159.2,253,5.84,25.3,5.37,1.026,49.92,44.15,520.24,3935.65,5449.9,150.42,1812.1,581,315.52
C33,2021-11,new,24,3623,151.0,208,6.16,25.0,5.58,1.029,52.32,46.02,592.23,3547.64,4499.55,168.23,1746.27,581,303.86
C33,2021-12,new,26,4012,154.3,239,6.03,22.8,5.27,1.032,51.44,45.73,631.11,3595.7,4812.59,180.83,1928.2,581,270.46
C33,2022-01,new,26,3828,147.2,226,6.32,19.7,5.12,1.035,50.89,44.89,647.91,3686.75,5175.58,165.47,2122.61,581,326.28
C33,2022-02,new,26,4095,157.5,287,5.9,24.9,5.36,1.038,50.07,45.49,559.12,3633.42,4914.64,162.19,2144.22,581,271.04
C33,2022-03,new,25,3728,149.1,277,6.24,24.5,5.85,1.041,51.66,44.59,557.15,3691.68,4765.83,165.21,1768.07,581,266.61
C33,2022-04,new,35,5297,151.3,305,6.14,26.6,5.15,1.044,52.59,46.7,526.64,3692.97,4584.86,165.52,2100.34,581,253.04
C33,2022-05,new,28,4207,150.2,229,6.19,24.6,5.11,1.047,51.79,45.17,586.16,4056.99,5485.94,181.2,1750.16,581,301.37
C33,2022-06,new,25,3621,144.8,257,6.42,18.9,5.37,1.05,52.77,44.97,607.55,3767.67,5392.95,163.26,1755.87,581,261.56
C33,2022-07,new,26,3684,141.7,270,6.56,17.7,5.24,1.052,51.94,46.33,579.65,3941.73,5404.94,189.66,2374.49,581,289.76
C33,2022-08,new,24,3707,154.5,226,6.02,24.4,5.53,1.055,53.08,45.9,519.49,3954.75,5501.22,161.39,1837.42,581,264.38
C33,2022-09,new,29,4507,155.4,242,5.98,21.5,5.26,1.058,51.3,45.32,653.51,3807.13,5555.84,154.7,1879.63,581,265.04
C33,2022-10,new,36,5373,149.2,274,6.23,25.2,5.55,1.061,52.78,46.18,553.71,4801.43,4904.27,185.28,2232.43,581,284.58
C33,2022-11,new,32,5164,161.4,276,5.76,16.7,5.66,1.064,53.61,45.85,623.41,3518.48,5323.19,164.61,1926.02,581,293.81
C33,2022-12,new,28,4227,151.0,310,6.16,21.0,5.19,1.067,52.66,47.09,638.6,3716.97,5105.16,177.66,1787.76,581,317.87
C33,2023-01,new,30,4628,154.3,348,6.03,22.5,4.6,1.13,55.1,48.24,598.27,4471.83,5496.17,203.62,2197.56,581,300.68
C33,2023-02,new,31,5016,161.8,348,5.71,23.6,4.59,1.133,55.89,49.08,684.36,4299.8,5841.41,185.18,2102.74,581,232.42
C33,2023-03,new,37,5925,160.1,356,5.72,22.4,5.36,1.136,56.26,49.86,564.5,4857.13,5004.31,173.76,2031.08,581,244.91
C33,2023-04,new,33,5080,153.9,413,5.89,21.5,4.83,1.139,56.65,50.3,617.66,4320.44,5674.8,190.24,2288.15,581,295.98
C33,2023-05,new,27,3998,148.1,386,6.06,20.2,5.1,1.142,57.12,49.68,716.46,4338.53,6221.81,182.93,2411.56,581,267.69
C33,2023-06,new,22,3376,153.5,214,5.78,22.2,5.19,1.145,57.34,48.28,641.46,4632.14,6416.41,166.88,2215.78,581,253.36
C33,2023-07,new,21,3224,153.5,192,5.71,22.4,5.01,1.148,56.82,48.08,629.68,4702.25,6075.61,170.67,2074.18,581,264.0
C33,2023-08,new,28,4890,174.6,281,4.95,28.7,5.18,1.15,57.82,49.42,615.23,4265.05,5827.37,188.05,2069.12,581,288.07
C33,2023-09,new,23,3158,137.3,245,6.2,20.9,5.11,1.153,55.68,49.95,654.82,4631.04,6085.23,196.03,2435.49,581,321.65
C33,2023-10,new,30,5864,195.5,296,4.28,17.1,4.95,1.156,57.59,49.14,623.83,4300.91,5935.26,194.06,2177.79,581,287.93
C33,2023-11,new,27,4531,167.8,350,4.9,26.6,5.02,1.159,57.44,51.98,602.31,3946.31,5847.01,176.98,2100.23,581,302.0
C33,2023-12,new,24,4626,192.8,219,4.19,21.9,5.03,1.162,60.05,50.66,668.54,4153.54,5817.67,185.67,2024.52,581,271.83
C33,2024-01,new,35,6575,187.9,394,4.22,23.3,4.65,1.165,57.92,50.78,653.97,4505.1,5448.14,166.62,2309.78,581,296.84
C33,2024-02,new,30,5833,194.4,358,4.0,22.9,4.96,1.168,57.41,49.88,708.23,4774.61,5835.01,192.84,2121.9,581,236.02
C33,2024-03,new,28,4975,177.7,317,4.3,23.8,5.08,1.171,58.78,51.03,522.28,4120.76,5699.6,239.44,2266.45,581,259.08
C33,2024-04,new,26,5412,208.2,310,3.6,30.7,4.95,1.174,59.58,48.65,600.34,5001.35,5989.8,219.49,1944.57,581,256.91
C33,2024-05,new,35,6931,198.0,382,3.71,32.5,5.25,1.177,58.89,51.18,697.26,4394.37,5474.64,211.36,2196.08,581,305.04
C33,2024-06,new,27,5675,210.2,238,3.44,30.5,5.04,1.18,59.7,51.48,634.25,4367.24,6269.19,183.59,2166.55,581,298.55
C33,2024-07,new,27,5248,194.4,199,3.65,29.3,4.79,1.182,60.43,51.62,699.8,4484.15,5777.06,205.77,2249.85,581,275.44
C33,2024-08,new,39,8113,208.0,466,3.36,28.6,4.76,1.185,59.88,50.65,619.47,4582.46,5907.99,194.38,2262.75,581,273.36
C33,2024-09,new,29,5869,202.4,324,3.4,28.0,4.84,1.188,60.8,50.76,748.96,4197.11,5774.29,182.9,2595.27,581,291.31
C33,2024-10,new,32,6961,217.5,387,3.12,32.1,4.56,1.191,60.48,51.71,723.08,4951.23,5874.67,199.88,2199.41,581,309.53
C33,2024-11,new,29,6514,224.6,381,2.99,31.0,4.57,1.194,59.75,52.08,608.49,4506.44,5925.22,200.18,2429.11,581,266.33
C33,2024-12,new,31,6654,214.6,254,3.09,28.0,4.74,1.197,56.53,50.82,683.4,4182.48,5676.13,174.29,2173.46,581,261.69
C33,2025-01,new,31,6979,225.1,480,2.92,27.1,4.65,1.2,61.52,51.75,669.64,4489.18,5662.91,180.98,2374.24,581,267.42
C33,2025-02,new,27,6145,227.6,403,2.86,28.7,4.64,1.203,60.84,55.59,561.84,4381.29,5994.44,182.61,2451.15,581,310.54
C33,2025-03,new,35,7742,221.2,381,2.92,23.3,4.44,1.206,60.81,51.92,613.77,4137.25,6326.58,180.24,2252.23,581,267.12
C33,2025-04,new,33,7246,219.6,453,2.92,32.9,4.78,1.209,60.13,53.06,793.65,4480.31,6594.14,198.5,2202.2,581,295.81
C33,2025-05,new,37,7391,199.8,403,3.19,30.5,4.44,1.212,61.52,51.61,661.38,4359.03,5945.85,207.91,2431.08,581,248.73
C33,2025-06,new,26,6232,239.7,269,2.64,27.4,4.66,1.215,59.73,50.56,683.5,4413.05,5837.17,221.77,2348.0,581,262.06
C33,2025-07,new,34,7755,228.1,326,2.77,30.0,4.81,1.218,60.13,53.13,560.41,4765.97,6343.03,208.1,2286.89,581,311.02
C33,2025-08,new,28,6246,223.1,372,2.82,31.3,4.67,1.22,61.45,53.92,673.13,5311.17,5881.47,185.0,2353.1,581,266.71
C33,2025-09,new,33,7584,229.8,396,2.72,30.6,4.19,1.223,59.14,53.42,595.45,4603.21,6092.28,193.09,2492.77,581,288.4
C33,2025-10,new,27,5952,220.4,328,2.83,25.4,4.06,1.226,59.82,51.98,824.78,4691.51,5846.78,202.88,2146.16,581,235.48
C33,2025-11,new,25,5591,223.6,323,2.78,30.4,4.41,1.229,61.49,51.91,720.25,5208.08,6553.95,210.93,2265.15,581,260.69
C33,2025-12,new,33,7756,235.0,403,2.64,27.3,4.43,1.232,60.93,51.42,714.23,4293.86,5647.4,192.34,2120.53,581,300.2
C34,2021-01,legacy,22,3017,137.1,269,6.78,27.8,4.76,1.0,56.14,44.84,666.07,4269.44,4913.72,158.97,1913.35,552,323.13
C34,2021-02,legacy,20,2947,147.4,187,6.31,26.7,4.56,1.003,53.39,48.65,534.93,4021.69,5059.8,163.09,2108.43,552,283.97
C34,2021-03,legacy,26,3960,152.3,259,6.11,20.3,4.74,1.006,55.0,47.36,612.93,4082.69,5027.34,175.03,2152.77,552,339.06
C34,2021-04,legacy,25,3419,136.8,254,6.8,19.7,4.84,1.009,54.98,48.29,520.63,3796.47,5443.56,166.66,2301.42,552,287.32
C34,2021-05,legacy,27,3800,140.7,238,6.61,26.1,5.11,1.012,54.88,46.6,577.09,3824.02,5385.86,210.44,2310.33,552,292.78
C34,2021-06,legacy,22,3560,161.8,265,5.75,20.5,4.47,1.015,54.88,47.17,576.57,4489.53,4782.56,171.26,1986.44,552,299.84
C34,2021-07,legacy,19,3251,171.1,218,5.44,21.0,4.82,1.018,55.58,47.56,513.36,3899.79,4766.94,190.66,2194.34,552,281.05
C34,2021-08,legacy,15,2294,152.9,142,6.08,23.9,4.5,1.02,54.76,48.67,575.78,4440.44,4791.72,162.37,2128.91,552,280.09
C34,2021-09,legacy,23,3596,156.3,282,5.95,25.6,4.75,1.023,56.89,46.53,631.83,4205.19,5333.48,192.27,2280.79,552,375.09
C34,2021-10,legacy,24,3426,142.8,254,6.51,20.3,4.61,1.026,53.93,48.86,568.78,4047.93,5185.93,177.55,2175.5,552,327.27
C34,2021-11,legacy,28,4561,162.9,221,5.71,23.2,4.94,1.029,54.25,48.53,550.16,4590.1,4648.89,167.58,2028.48,552,298.58
C34,2021-12,legacy,27,4046,149.9,250,6.21,21.8,4.56,1.032,56.05,50.07,633.0,4356.5,5064.86,207.88,2118.36,552,314.84
C34,2022-01,legacy,33,4989,151.2,273,6.15,24.1,4.23,1.035,56.45,49.09,634.8,4587.2,5626.5,205.05,2107.19,552,281.78
C34,2022-02,legacy,19,2927,154.1,209,6.04,19.5,4.6,1.038,56.48,50.18,626.9,4231.73,4939.7,173.38,1916.29,552,305.74
C34,2022-03,legacy,24,3489,145.4,251,6.4,19.7,4.22,1.041,55.3,48.82,625.75,4880.27,5501.52,192.72,1982.76,552,307.94
C34,2022-04,legacy,27,3894,144.2,246,6.45,24.5,4.45,1.044,56.91,50.82,622.9,4111.05,5503.54,181.36,1971.12,552,297.01
C34,2022-05,legacy,20,3002,150.1,180,6.2,23.0,4.39,1.047,55.47,48.54,698.32,4235.46,6096.71,163.81,2037.89,552,318.3
C34,2022-06,legacy,20,2823,141.2,246,6.59,21.1,4.61,1.05,58.65,50.52,758.26,4016.36,5821.98,197.86,2152.73,552,314.97
C34,2022-07,legacy,20,2904,145.2,209,6.4,23.3,4.72,1.052,56.59,48.73,534.33,4229.6,5636.78,197.72,2077.31,552,263.35
C34,2022-08,legacy,23,2965,128.9,275,7.21,20.8,4.44,1.055,56.46,50.55,560.71,4335.88,5887.01,217.35,2259.03,552,307.45
C34,2022-09,legacy,18,2548,141.6,147,6.57,23.3,4.31,1.058,55.52,49.82,633.04,4832.46,5556.01,201.38,2000.33,552,328.17
C34,2022-10,legacy,22,3398,154.5,208,6.02,23.4,4.43,1.061,58.53,51.18,627.69,4105.28,5397.38,190.18,2200.78,552,297.52
C34,2022-11,legacy,18,2889,160.5,177,5.79,22.8,4.77,1.064,58.17,50.1,560.21,4554.5,5211.46,217.03,2283.82,552,300.09
C34,2022-12,legacy,26,4050,155.8,262,5.97,21.0,4.47,1.067,56.65,49.69,693.11,4833.52,5847.07,205.69,2118.93,552,318.19
C34,2023-01,legacy,28,4002,142.9,228,6.51,22.7,3.72,1.07,55.5,50.28,580.01,3990.96,5265.23,179.25,2042.19,552,276.83
C34,2023-02,legacy,14,2123,151.6,140,6.09,25.3,4.28,1.073,58.04,50.99,648.6,4618.83,5505.94,184.1,2150.2,552,267.93
C34,2023-03,legacy,21,3013,143.5,163,6.38,16.1,4.11,1.076,56.63,50.76,580.93,4433.26,5277.77,199.34,2277.16,552,309.0
C34,2023-04,legacy,14,2007,143.4,127,6.33,19.7,4.06,1.079,56.53,49.07,622.52,5278.96,5773.75,161.05,2579.01,552,299.72
C34,2023-05,legacy,32,5218,163.1,347,5.51,20.2,4.54,1.082,58.4,50.88,660.16,4784.82,6045.71,205.26,2217.32,552,303.44
C34,2023-06,legacy,17,2576,151.5,158,5.86,18.6,4.31,1.085,57.31,50.62,660.17,4746.02,5837.79,170.29,2093.8,552,283.91
C34,2023-07,legacy,26,3983,153.2,259,5.72,19.3,4.41,1.088,57.54,49.39,533.89,4338.94,5873.51,200.58,2189.38,552,297.55
C34,2023-08,legacy,20,3186,159.3,194,5.42,25.0,3.89,1.09,59.76,50.44,590.02,4298.26,5963.58,197.04,2391.61,552,346.9
C34,2023-09,new,26,4677,179.9,314,4.73,20.4,4.07,1.093,58.95,49.84,715.69,5041.97,6064.15,192.77,2280.39,552,269.18
C34,2023-10,new,18,3150,175.0,214,4.78,23.7,4.03,1.096,59.62,52.76,588.59,4367.45,6055.22,196.64,2209.71,552,298.35
C34,2023-11,new,21,3672,174.9,218,4.71,25.1,4.38,1.099,60.96,52.11,662.82,4825.68,5906.14,186.06,2251.71,552,255.51
C34,2023-12,new,23,4251,184.8,262,4.37,30.1,4.01,1.102,59.14,51.19,784.73,4564.55,5915.45,217.38,2309.03,552,331.72
C34,2024-01,new,15,2762,184.1,109,4.31,24.9,4.28,1.105,60.47,50.13,744.41,4670.05,5116.4,174.57,2282.05,552,348.93
C34,2024-02,new,24,4450,185.4,317,4.2,27.6,3.99,1.108,59.95,52.22,819.59,4128.95,6283.62,211.79,2267.14,552,273.16
C34,2024-03,new,22,3717,169.0,211,4.52,20.7,4.09,1.111,58.34,51.62,758.32,4644.76,6261.68,169.55,2447.63,552,356.41
C34,2024-04,new,25,4660,186.4,294,4.02,29.5,4.12,1.114,60.24,52.07,656.38,4735.76,6119.26,174.35,2251.53,552,327.05
C34,2024-05,new,21,4165,198.3,266,3.71,26.3,4.04,1.117,60.64,52.36,753.6,4700.88,6175.23,183.22,2476.99,552,317.78
C34,2024-06,new,19,3635,191.3,181,3.78,24.5,3.76,1.12,59.24,52.62,738.64,4596.25,6448.17,201.86,2363.98,552,309.63
C34,2024-07,new,21,4839,230.4,208,3.08,25.4,3.85,1.122,60.95,52.39,607.58,4808.45,6021.6,209.53,2416.15,552,259.63
C34,2024-08,new,18,4319,239.9,179,2.91,26.4,3.67,1.125,61.12,54.25,644.66,4940.72,5792.03,187.74,2174.63,552,251.78
C34,2024-09,new,26,6103,234.7,327,2.93,35.0,4.02,1.128,61.24,53.73,743.04,4853.97,5564.28,172.42,2310.11,552,313.0
C34,2024-10,new,20,4069,203.4,235,3.34,32.9,4.42,1.131,59.73,52.63,707.23,4498.44,5610.41,194.83,2389.88,552,304.8
C34,2024-11,new,29,6475,223.3,380,3.0,30.8,3.44,1.134,58.53,52.62,766.87,4903.59,6576.15,225.64,2260.53,552,304.58
C34,2024-12,new,20,4486,224.3,223,2.96,33.3,3.65,1.137,62.47,53.8,693.42,4073.45,6129.38,187.22,2190.61,552,300.7
C34,2025-01,new,21,4730,225.2,209,2.92,30.5,3.82,1.14,60.21,53.83,718.29,4463.83,5597.98,206.16,2115.3,552,330.88
C34,2025-02,new,19,3841,202.2,192,3.22,28.9,3.6,1.143,63.16,54.83,698.11,4531.05,5694.41,200.97,2184.25,552,291.85
C34,2025-03,new,26,6140,236.2,278,2.73,32.4,3.42,1.146,63.83,54.06,727.01,4914.39,5514.56,247.38,2624.29,552,293.11
C34,2025-04,new,22,5467,248.5,263,2.58,28.0,3.89,1.149,62.27,53.98,598.28,5138.48,6897.58,220.94,2411.22,552,325.29
C34,2025-05,new,20,4740,237.0,232,2.69,30.7,3.56,1.152,65.3,53.54,611.14,4449.91,6030.48,232.82,2609.68,552,250.28
C34,2025-06,new,21,5398,257.0,213,2.47,27.8,3.61,1.155,60.55,52.45,588.6,4532.29,6359.15,201.86,2621.87,552,302.56
C34,2025-07,new,24,5364,223.5,278,2.82,31.5,4.04,1.158,63.65,53.6,688.66,4669.78,5877.82,217.01,2514.75,552,306.56
C34,2025-08,new,20,4755,237.8,255,2.64,30.4,3.9,1.16,64.97,53.43,726.48,4417.94,6064.7,216.97,2189.08,552,271.98
C34,2025-09,new,15,3706,247.1,197,2.53,29.5,3.69,1.163,64.03,54.0,658.41,4563.05,5934.87,212.72,2369.81,552,258.76
C34,2025-10,new,19,4125,217.1,202,2.88,30.7,4.16,1.166,63.68,54.68,601.37,4723.4,5851.71,216.75,2612.94,552,332.84
C34,2025-11,new,15,3422,228.1,152,2.73,29.6,3.8,1.169,62.11,54.95,595.09,4708.54,5694.3,185.73,2793.36,552,284.31
C34,2025-12,new,21,4624,220.2,209,2.82,29.1,3.86,1.172,63.33,56.22,873.6,4496.09,6274.25,254.19,2441.09,552,246.6
C35,2021-01,legacy,32,5105,159.5,318,5.83,26.9,4.26,1.0,58.09,51.65,812.22,4643.84,5815.67,164.22,2224.58,564,322.59
C35,2021-02,legacy,24,3399,141.6,196,6.57,23.5,3.81,1.003,57.71,48.57,638.32,4701.42,5737.52,169.66,2154.15,564,330.36
C35,2021-03,new,25,3857,154.3,292,6.03,20.1,3.87,1.006,57.56,50.89,615.83,4257.72,5376.18,217.44,2078.63,564,334.5
C35,2021-04,new,27,3963,146.8,309,6.34,20.0,4.42,1.009,58.49,52.68,694.25,4444.41,5545.54,217.93,2289.02,564,353.5
C35,2021-05,new,27,4313,159.7,231,5.82,20.9,3.99,1.012,57.84,50.35,672.45,4398.67,5501.4,193.66,2186.26,564,296.37
C35,2021-06,new,28,4114,146.9,287,6.33,21.8,3.62,1.015,61.22,52.44,644.24,4245.69,5540.06,196.25,2576.7,564,320.29
C35,2021-07,new,29,4353,150.1,309,6.2,17.5,3.91,1.018,57.51,53.14,674.22,4026.73,5261.1,159.26,2280.55,564,315.2
C35,2021-08,new,34,5228,153.8,344,6.05,20.9,4.18,1.02,59.47,53.75,662.83,4605.05,5669.72,207.15,2325.61,564,366.16
C35,2021-09,new,27,3912,144.9,295,6.42,25.8,3.71,1.023,60.06,52.87,705.27,4705.93,5843.54,204.6,2128.96,564,377.2
C35,2021-10,new,26,3838,147.6,192,6.3,26.4,3.97,1.026,58.83,53.84,769.15,4487.6,5545.15,194.28,2130.3,564,297.02
C35,2021-11,new,29,4330,149.3,314,6.23,24.4,3.81,1.029,59.76,51.96,693.58,4284.16,5879.48,181.52,2319.51,564,341.02
C35,2021-12,new,20,2940,147.0,217,6.33,19.6,4.14,1.032,60.44,51.51,610.17,4443.81,5560.46,194.93,2050.77,564,317.44
C35,2022-01,new,27,4151,153.7,223,6.05,29.6,3.69,1.035,60.37,51.63,573.59,4315.57,6003.47,209.47,2362.28,564,302.67
C35,2022-02,new,26,3761,144.7,194,6.43,24.6,3.78,1.038,59.83,52.39,656.0,4083.16,6004.87,174.07,2189.09,564,315.25
C35,2022-03,new,16,2432,152.0,159,6.12,24.3,3.59,1.041,60.11,53.07,671.29,4722.67,5684.61,217.01,2228.18,564,289.04
C35,2022-04,new,28,4157,148.5,289,6.26,16.6,3.97,1.044,59.68,54.04,570.04,4278.7,5821.93,227.84,2456.26,564,324.11
C35,2022-05,new,35,5092,145.5,375,6.39,24.7,3.79,1.047,61.11,53.94,695.05,4573.85,6251.34,201.45,2441.69,564,338.61
C35,2022-06,new,19,2687,141.4,163,6.58,21.7,3.88,1.05,59.64,52.2,715.18,4695.69,5265.36,183.46,2414.17,564,325.93
C35,2022-07,new,30,4048,134.9,306,6.89,20.2,3.42,1.052,62.18,51.71,645.61,5091.15,5965.03,205.85,2308.13,564,377.46
C35,2022-08,new,37,5349,144.6,320,6.43,24.6,4.07,1.055,61.95,53.17,701.23,4686.87,5671.42,182.04,2219.03,564,337.22
C35,2022-09,new,33,5133,155.5,314,5.98,22.0,3.47,1.058,59.67,54.75,724.55,4252.16,6167.67,205.48,2407.42,564,297.01
C35,2022-10,new,26,3835,147.5,193,6.31,17.3,3.22,1.061,61.63,53.43,594.84,4997.29,6038.41,206.97,2165.11,564,304.71
C35,2022-11,new,27,4438,164.4,291,5.66,25.0,3.23,1.064,61.69,53.57,830.0,4727.42,6181.04,207.99,2390.05,564,369.16
C35,2022-12,new,22,3121,141.9,261,6.56,20.8,3.38,1.067,62.85,52.62,721.25,5177.52,5815.2,171.44,2288.79,564,312.14
C35,2023-01,new,26,3818,146.8,237,6.33,26.1,3.34,1.07,61.54,52.67,714.54,4999.94,6643.39,188.17,2133.83,564,296.97
C35,2023-02,new,26,3596,138.3,197,6.68,20.2,3.31,1.073,63.01,53.7,790.74,4675.26,6098.98,189.04,2303.58,564,319.38
C35,2023-03,new,27,4437,164.3,253,5.57,27.9,3.28,1.076,63.41,55.23,815.42,5299.02,6313.79,186.12,2161.75,564,333.01
C35,2023-04,new,37,5324,143.9,383,6.31,21.8,3.69,1.079,62.17,52.64,644.39,4471.54,6088.52,191.23,2112.76,564,290.43
C35,2023-05,new,27,4382,162.3,337,5.53,28.5,3.33,1.082,63.07,54.01,641.07,4972.31,6287.88,216.48,2280.82,564,358.3
C35,2023-06,new,37,6048,163.5,351,5.43,17.6,3.57,1.085,62.02,54.7,697.26,4739.8,6023.29,202.9,2283.2,564,306.59
C35,2023-07,new,25,4767,190.7,270,4.6,27.5,3.57,1.088,63.54,55.71,560.58,5326.66,6480.47,201.12,2438.52,564,365.77
C35,2023-08,new,30,5408,180.3,268,4.79,25.2,3.16,1.09,63.59,55.05,755.13,4582.14,6429.05,184.91,2434.97,564,343.88
C35,2023-09,new,32,5698,178.1,335,4.78,32.1,3.47,1.093,64.51,55.53,695.3,5170.71,5879.39,196.09,2704.68,564,329.95
C35,2023-10,new,20,3498,174.9,244,4.79,28.5,3.63,1.096,62.15,54.51,842.81,4671.23,6687.51,238.95,2720.25,564,320.71
C35,2023-11,new,29,5739,197.9,305,4.16,24.8,3.67,1.099,61.87,56.13,778.53,5173.24,6877.8,203.75,2473.22,564,353.53
C35,2023-12,new,27,4781,177.1,317,4.56,27.4,3.38,1.102,61.41,55.94,738.12,5132.75,5956.04,235.4,2728.4,564,309.11
C35,2024-01,new,26,4464,171.7,288,4.62,25.2,3.11,1.105,65.22,53.08,694.1,4957.39,6430.89,218.8,2225.55,564,329.86
C35,2024-02,new,23,4566,198.5,269,3.92,25.9,3.17,1.108,65.19,54.57,679.7,4740.86,5516.99,203.62,2492.19,564,344.17
C35,2024-03,new,26,4980,191.5,325,3.99,27.1,3.32,1.111,63.51,55.55,725.11,5183.57,6423.03,234.07,2652.82,564,295.62
C35,2024-04,new,26,4887,188.0,256,3.99,25.3,3.08,1.114,66.08,56.57,660.23,4632.92,6442.36,201.17,2678.59,564,305.52
C35,2024-05,new,25,5086,203.4,215,3.62,25.6,3.55,1.117,66.09,58.71,803.94,5381.84,6240.64,244.99,2678.23,564,408.52
C35,2024-06,new,22,4595,208.9,262,3.46,27.2,3.01,1.12,64.22,55.29,782.04,5485.5,7048.26,231.91,2313.97,564,361.01
C35,2024-07,new,33,6197,187.8,406,3.78,24.2,2.89,1.122,63.41,57.52,772.28,4542.79,6595.94,244.66,2227.94,564,285.03
C35,2024-08,new,39,8618,221.0,513,3.16,27.4,3.49,1.125,64.38,55.03,663.32,5120.88,6177.78,213.71,2712.22,564,295.06
C35,2024-09,new,34,8080,237.6,362,2.9,33.9,2.83,1.128,64.67,57.86,738.25,4750.43,6760.58,183.33,2451.28,564,331.39
C35,2024-10,new,32,6682,208.8,421,3.25,29.8,3.05,1.131,66.16,55.2,827.77,5083.24,6673.33,186.98,2804.57,564,343.48
C35,2024-11,new,21,4148,197.5,227,3.4,31.6,2.91,1.134,64.81,55.09,711.99,5140.23,5939.83,200.48,2392.19,564,312.75
C35,2024-12,new,34,7520,221.2,471,3.0,31.6,2.62,1.137,64.01,57.48,624.33,5029.43,6357.0,226.45,2530.24,564,297.2
C35,2025-01,new,29,6319,217.9,399,3.01,25.9,2.95,1.14,65.48,56.38,931.9,4686.06,6824.02,232.57,2356.25,564,390.67
C35,2025-02,new,29,6711,231.4,339,2.81,26.9,2.47,1.143,66.89,58.07,703.16,4766.47,6127.14,197.25,2516.78,564,261.93
C35,2025-03,new,31,7279,234.8,384,2.75,30.2,2.77,1.146,67.22,57.95,880.91,5655.09,5869.74,244.77,2493.18,564,315.75
C35,2025-04,new,37,8209,221.9,411,2.89,30.8,2.94,1.149,65.18,56.36,704.99,4905.05,6805.88,200.61,2543.05,564,325.44
C35,2025-05,new,27,6632,245.6,313,2.59,26.1,2.71,1.152,66.48,58.03,756.58,4737.67,6681.03,233.83,2575.55,564,322.07
C35,2025-06,new,22,4423,201.0,217,3.15,28.6,2.86,1.155,66.77,59.68,871.91,5544.01,6367.23,233.61,2594.95,564,375.19
C35,2025-07,new,24,5205,216.9,333,2.91,31.4,3.03,1.158,66.98,59.74,579.36,4679.16,6309.93,224.13,2606.45,564,309.69
C35,2025-08,new,25,5730,229.2,381,2.74,28.8,2.52,1.16,64.12,58.38,667.73,5058.93,6510.27,188.75,2427.78,564,301.97
C35,2025-09,new,23,5352,232.7,293,2.69,28.0,3.07,1.163,67.89,60.09,797.81,5487.89,6280.24,209.8,2659.8,564,324.07
C35,2025-10,new,23,5210,226.5,309,2.76,27.1,2.72,1.166,67.91,56.46,746.79,5058.41,6753.07,205.33,2705.6,564,336.35
C35,2025-11,new,37,8672,234.4,443,2.66,28.7,2.93,1.169,68.04,59.53,807.88,5519.47,6668.39,218.5,2721.42,564,322.0
C35,2025-12,new,34,7197,211.7,413,2.94,30.2,2.72,1.172,66.45,58.43,667.41,4931.45,7131.98,192.25,2564.63,564,324.08
C36,2021-01,legacy,32,4195,131.1,286,7.09,20.6,5.01,1.0,52.62,46.93,672.25,4091.84,5174.14,177.85,1984.48,663,294.23
C36,2021-02,legacy,23,3632,157.9,222,5.89,20.6,4.58,1.003,54.44,47.58,697.08,4148.91,5507.62,181.87,2129.07,663,314.15
C36,2021-03,legacy,27,4396,162.8,326,5.71,21.0,4.92,1.006,56.18,47.39,525.47,4128.09,5828.14,177.96,2037.96,663,323.6
C36,2021-04,legacy,17,2558,150.5,197,6.18,24.8,4.34,1.009,54.21,47.67,607.06,3966.79,5470.43,177.32,2367.02,663,318.63
C36,2021-05,legacy,38,5334,140.4,355,6.63,23.3,4.52,1.012,54.91,49.74,617.11,4029.87,4929.17,182.94,2006.03,663,327.03
C36,2021-06,legacy,15,2165,144.3,117,6.44,23.2,4.45,1.015,56.14,48.52,559.41,4062.69,5179.85,191.3,2063.43,663,271.51
C36,2021-07,legacy,31,4835,156.0,314,5.96,18.3,5.09,1.018,55.05,48.85,575.54,4312.95,5045.48,211.41,1955.43,663,330.1
C36,2021-08,legacy,30,4572,152.4,243,6.1,21.8,4.8,1.02,55.36,48.31,597.84,4219.59,5851.22,175.15,2086.04,663,278.2
C36,2021-09,legacy,20,3255,162.8,167,5.71,28.6,4.58,1.023,56.33,49.33,599.69,4637.87,5642.21,203.3,2119.43,663,277.24
C36,2021-10,legacy,34,5645,166.0,345,5.6,28.4,4.74,1.026,57.82,48.0,585.28,4379.55,5471.52,166.36,2362.66,663,254.21
C36,2021-11,legacy,24,3888,162.0,264,5.74,27.1,4.59,1.029,58.69,50.97,659.0,4620.64,5932.52,212.12,2169.86,663,324.81
C36,2021-12,legacy,20,2971,148.6,218,6.26,23.7,4.68,1.032,57.48,49.65,643.54,4246.79,5779.58,172.58,2082.75,663,355.64
C36,2022-01,new,27,4327,160.3,240,5.8,21.2,4.42,1.035,56.19,50.29,780.91,4573.19,5744.76,167.92,1991.12,663,308.84
C36,2022-02,new,25,3879,155.2,230,5.99,20.0,4.45,1.038,56.73,50.1,555.73,4527.5,5450.36,203.05,2356.13,663,296.76
C36,2022-03,new,30,4574,152.5,329,6.1,19.9,3.9,1.041,57.91,49.88,648.14,4220.23,5915.77,202.88,2238.68,663,303.92
C36,2022-04,new,41,6238,152.1,525,6.11,21.4,4.62,1.044,58.84,49.83,608.15,4151.27,5053.25,177.04,2212.53,663,274.84
C36,2022-05,new,37,5540,149.7,371,6.21,21.8,4.56,1.047,57.13,49.75,677.62,4436.34,5750.36,194.57,2193.52,663,287.36
C36,2022-06,new,25,3542,141.7,219,6.56,21.4,4.16,1.05,58.45,51.52,593.27,4394.96,5714.35,178.17,2380.62,663,295.93
C36,2022-07,new,27,4152,153.8,257,6.05,20.8,4.28,1.052,56.61,49.65,626.42,4100.37,5932.48,182.59,2175.89,663,358.03
C36,2022-08,new,22,3161,143.7,224,6.47,19.2,4.58,1.055,59.42,48.72,684.84,4951.19,5698.85,171.88,2464.91,663,316.57
C36,2022-09,new,33,4949,150.0,330,6.2,19.9,4.25,1.058,56.48,49.67,586.57,3897.47,5527.18,198.31,2019.75,663,295.78
C36,2022-10,new,37,5834,157.7,420,5.9,20.6,4.38,1.061,59.02,48.82,675.9,4470.91,5833.9,184.72,2085.48,663,321.12
C36,2022-11,new,32,5039,157.5,327,5.91,25.1,4.31,1.064,56.71,51.27,654.36,4768.33,5333.8,200.36,2197.97,663,335.94
C36,2022-12,new,26,3502,134.7,272,6.9,19.5,4.38,1.067,58.18,53.0,693.33,4705.7,5826.99,181.27,2219.3,663,267.06
C36,2023-01,new,25,3609,144.4,230,6.44,18.6,4.36,1.07,60.88,52.07,701.12,3744.52,6172.87,186.21,2413.92,663,311.51
C36,2023-02,new,19,2705,142.4,284,6.49,16.8,4.08,1.073,57.33,51.16,608.16,4272.53,5564.53,179.92,2024.34,663,344.85
C36,2023-03,new,29,4534,156.3,291,5.86,22.2,4.47,1.076,57.03,52.18,617.93,4596.97,6140.08,200.41,2381.47,663,321.38
C36,2023-04,new,31,4627,149.3,234,6.08,30.4,4.26,1.079,58.64,50.29,671.67,4115.61,6230.69,205.67,2357.99,663,297.23
C36,2023-05,new,30,5021,167.4,280,5.36,24.4,4.18,1.082,59.69,49.57,597.74,4440.49,6025.13,187.18,2338.98,663,268.06
C36,2023-06,new,27,4229,156.6,296,5.67,25.7,3.94,1.085,59.17,50.99,722.12,4438.06,5836.26,190.34,2216.37,663,328.87
C36,2023-07,new,38,6396,168.3,408,5.21,27.1,4.01,1.088,59.43,50.52,650.59,4279.27,6280.81,214.23,2267.99,663,307.0
C36,2023-08,new,32,5037,157.4,359,5.49,21.6,4.43,1.09,57.44,51.73,547.76,4246.05,5972.46,203.4,1871.3,663,277.61
C36,2023-09,new,28,4557,162.8,271,5.23,18.7,4.37,1.093,59.65,52.72,623.6,4455.26,5473.84,193.11,2376.39,663,319.58
C36,2023-10,new,21,3584,170.7,197,4.91,20.0,4.03,1.096,62.83,52.5,608.27,4317.55,6078.88,218.81,2323.79,663,306.71
C36,2023-11,new,29,5271,181.8,368,4.53,24.5,4.17,1.099,59.75,51.54,707.63,4611.43,6102.12,188.84,2495.26,663,279.36
C36,2023-12,new,25,3999,160.0,297,5.05,30.8,4.09,1.102,61.87,54.42,802.48,4302.43,6039.52,213.03,2463.26,663,325.6
C36,2024-01,new,20,3708,185.4,229,4.28,29.3,4.08,1.105,61.34,53.75,661.22,5013.0,6252.51,194.94,2349.55,663,306.9
C36,2024-02,new,24,4145,172.7,270,4.51,20.4,3.96,1.108,60.62,52.58,762.71,4547.09,6299.65,193.92,2164.01,663,304.18
C36,2024-03,new,24,4654,193.9,266,3.94,23.1,3.79,1.111,59.65,53.17,648.5,4653.09,5650.48,181.62,2135.82,663,329.85
C36,2024-04,new,22,3867,175.8,253,4.26,28.4,3.89,1.114,60.87,53.23,744.92,4600.83,5702.64,209.02,2210.05,663,302.7
C36,2024-05,new,26,5042,193.9,281,3.79,34.3,3.86,1.117,62.96,53.36,837.57,4595.21,6334.43,195.98,2223.14,663,278.06
C36,2024-06,new,27,5862,217.1,390,3.33,29.5,4.01,1.12,59.31,54.7,690.99,4895.62,6924.66,191.28,2150.62,663,292.14
C36,2024-07,new,36,8054,223.7,403,3.18,28.0,4.12,1.122,63.09,53.3,706.39,5040.49,5551.67,197.34,2465.29,663,307.82
C36,2024-08,new,27,5289,195.9,358,3.57,28.0,4.12,1.125,63.01,54.09,665.48,5521.56,6081.86,208.66,2391.93,663,323.05
C36,2024-09,new,33,7688,233.0,367,2.96,28.6,3.83,1.128,62.06,55.16,628.45,4505.47,5834.5,180.15,2519.83,663,307.14
C36,2024-10,new,39,8097,207.6,416,3.27,30.1,3.92,1.131,64.57,53.69,671.76,4607.13,5802.28,194.81,2567.76,663,319.51
C36,2024-11,new,29,6249,215.5,426,3.11,28.2,3.93,1.134,61.94,53.09,634.71,4517.76,5829.85,197.52,2597.57,663,307.92
C36,2024-12,new,25,5589,223.6,263,2.97,30.1,4.08,1.137,63.73,55.1,701.9,4742.09,6208.67,178.25,2392.09,663,345.73
C36,2025-01,new,29,6379,220.0,318,2.98,30.3,3.59,1.14,62.3,52.63,740.64,4513.88,5795.64,187.51,2734.53,663,321.21
C36,2025-02,new,24,5394,224.8,339,2.9,25.3,3.62,1.143,61.46,54.43,691.81,5090.84,6084.66,190.01,2450.58,663,258.84
C36,2025-03,new,31,6938,223.8,358,2.88,29.9,3.62,1.146,61.75,53.24,777.15,4921.97,5679.2,189.01,2310.33,663,257.75
C36,2025-04,new,26,6087,234.1,399,2.74,33.5,3.78,1.149,63.84,56.62,710.35,5076.66,5913.07,185.9,2477.78,663,300.31
C36,2025-05,new,26,5883,226.3,288,2.82,29.8,3.98,1.152,63.99,54.72,874.06,4952.7,6495.79,208.15,2392.49,663,337.46
C36,2025-06,new,31,6771,218.4,402,2.9,30.0,4.16,1.155,63.55,56.32,645.27,5038.07,6596.57,209.25,2375.69,663,359.71
C36,2025-07,new,23,4872,211.8,300,2.98,30.3,3.75,1.158,63.82,55.17,574.7,4699.94,6198.97,220.47,2131.97,663,259.34
C36,2025-08,new,31,6569,211.9,514,2.97,30.3,3.61,1.16,63.31,57.41,656.0,4662.02,6922.1,214.81,2382.89,663,349.97
C36,2025-09,new,16,3597,224.8,173,2.79,28.2,3.66,1.163,64.04,55.59,641.88,4462.11,5864.4,234.93,2492.07,663,342.46
C36,2025-10,new,26,6140,236.2,382,2.64,34.0,3.64,1.166,62.81,57.72,847.67,5036.56,6884.25,234.44,2403.5,663,367.5
C36,2025-11,new,28,6469,231.0,262,2.7,33.0,3.74,1.169,63.02,57.11,733.52,4897.58,6317.16,192.16,2602.88,663,297.44
C36,2025-12,new,25,5574,223.0,361,2.79,29.9,3.96,1.172,65.28,53.41,790.21,5093.17,6213.34,185.68,2676.1,663,282.95
C37,2021-01,legacy,20,3064,153.2,185,6.07,22.1,4.16,1.0,53.27,47.82,607.51,4675.99,5467.42,177.93,2055.06,677,315.42
C37,2021-02,legacy,14,2021,144.4,221,6.44,22.8,4.4,1.003,54.98,48.84,596.76,3711.75,5154.83,191.65,2178.01,677,305.74
C37,2021-03,legacy,16,2406,150.4,133,6.18,25.8,4.23,1.006,54.66,47.56,643.07,4140.83,5409.16,176.92,1894.54,677,279.96
C37,2021-04,legacy,15,2301,153.4,176,6.06,28.3,4.75,1.009,56.17,49.5,629.52,3952.68,5287.97,199.45,2146.85,677,266.85
C37,2021-05,legacy,22,3213,146.0,198,6.37,22.2,4.37,1.012,53.79,46.55,593.41,4458.25,4934.67,178.45,1874.56,677,313.35
C37,2021-06,legacy,14,2262,161.6,133,5.76,26.5,4.18,1.015,56.17,48.23,663.65,4729.21,4960.82,164.53,1765.35,677,316.91
C37,2021-07,legacy,15,2393,159.5,127,5.83,20.9,4.16,1.018,54.21,47.69,666.38,4605.09,5525.64,161.6,2001.79,677,302.28
C37,2021-08,legacy,12,1761,146.8,128,6.34,20.4,4.38,1.02,55.36,49.08,697.39,4274.14,5142.09,182.15,2224.35,677,280.46
C37,2021-09,legacy,15,2324,154.9,109,6.0,20.3,4.74,1.023,53.43,48.82,737.54,3851.39,5436.53,177.67,2030.94,677,271.77
C37,2021-10,legacy,11,1661,151.0,106,6.16,24.0,4.04,1.026,54.53,47.5,643.12,4339.65,5041.37,182.29,2016.71,677,327.99
C37,2021-11,legacy,10,1522,152.2,99,6.11,24.9,4.87,1.029,55.13,49.6,576.57,4067.28,5815.28,196.37,1908.71,677,305.04
C37,2021-12,legacy,13,1979,152.2,129,6.11,21.1,4.27,1.032,53.91,47.85,559.99,4123.41,5619.52,181.75,1949.62,677,251.4
C37,2022-01,legacy,7,1130,161.4,97,5.76,24.2,4.22,1.035,56.93,49.19,588.08,4272.1,5446.17,199.79,2143.52,677,293.94
C37,2022-02,legacy,17,2590,152.4,163,6.1,17.1,3.99,1.038,55.0,48.41,622.8,4153.26,5905.48,197.98,2112.81,677,293.26
C37,2022-03,legacy,14,2131,152.2,127,6.11,21.1,3.91,1.041,57.06,48.41,626.73,4388.92,5741.26,174.81,2129.5,677,301.83
C37,2022-04,legacy,18,2845,158.1,138,5.88,20.4,4.03,1.044,57.57,49.28,630.07,3668.91,5794.94,205.83,2024.69,677,275.87
C37,2022-05,legacy,15,2366,157.7,167,5.9,21.1,4.31,1.047,54.45,50.57,564.02,4567.99,5550.15,184.27,2064.12,677,300.01
C37,2022-06,legacy,16,2650,165.6,164,5.62,20.2,3.97,1.05,55.4,47.73,645.2,3997.07,6747.78,196.55,2229.17,677,312.25
C37,2022-07,legacy,13,1856,142.8,121,6.51,17.0,4.11,1.052,58.88,49.57,698.75,4856.74,5684.74,201.34,2394.21,677,334.81
C37,2022-08,legacy,12,1870,155.8,145,5.97,23.0,4.39,1.055,58.52,47.97,664.08,3854.7,5298.22,185.71,2101.44,677,336.7
C37,2022-09,legacy,8,1076,134.5,62,6.91,22.4,4.39,1.058,56.44,49.67,750.95,4167.03,5538.09,192.3,2249.58,677,395.66
C37,2022-10,legacy,17,2553,150.2,140,6.19,23.2,4.49,1.061,58.0,50.25,698.92,4523.36,5561.15,200.11,2393.3,677,319.25
C37,2022-11,legacy,13,1807,139.0,109,6.69,21.6,4.08,1.064,58.85,50.6,591.08,4005.51,5813.18,147.14,2130.96,677,296.61
C37,2022-12,legacy,14,1942,138.7,132,6.7,23.5,4.0,1.067,56.53,49.79,622.96,4146.57,5506.23,206.14,2337.97,677,291.81
C37,2023-01,legacy,17,2530,148.8,173,6.25,26.6,4.12,1.07,57.82,48.86,641.3,4760.05,4932.83,203.09,2246.05,677,357.43
C37,2023-02,legacy,16,2263,141.4,147,6.53,24.4,4.0,1.073,59.04,50.66,574.62,4458.3,6056.18,200.61,2114.59,677,354.58
C37,2023-03,legacy,21,3127,148.9,258,6.15,16.4,3.73,1.076,58.29,51.83,686.42,5032.09,5144.65,198.49,2098.97,677,322.25
C37,2023-04,legacy,8,1039,129.9,67,6.99,16.2,4.14,1.079,58.55,50.89,626.12,4116.09,5157.26,182.2,2217.07,677,330.82
C37,2023-05,legacy,18,2994,166.3,170,5.4,27.1,3.97,1.082,57.95,51.33,721.47,4248.96,4943.61,204.74,2434.21,677,338.41
C37,2023-06,legacy,14,1850,132.1,117,6.72,25.1,4.07,1.085,58.74,51.56,680.33,4317.12,6252.73,184.78,2073.82,677,290.91
C37,2023-07,legacy,17,2548,149.9,162,5.85,18.4,3.75,1.088,55.3,51.3,631.98,4028.7,5708.39,189.89,2304.56,677,329.91
C37,2023-08,legacy,7,1216,173.7,77,4.97,23.9,4.25,1.09,58.34,53.15,627.37,4304.53,5571.76,188.0,2195.66,677,316.52
C37,2023-09,legacy,8,1171,146.4,86,5.81,27.2,4.21,1.093,59.84,52.06,734.25,4335.1,6341.46,204.94,2367.04,677,303.49
C37,2023-10,legacy,15,2656,177.1,178,4.73,23.4,3.93,1.096,60.49,50.53,734.83,5053.27,6138.21,203.19,2201.61,677,321.78
C37,2023-11,legacy,10,1727,172.7,111,4.77,27.8,4.19,1.099,59.83,50.35,634.91,4493.89,6710.01,176.06,2267.64,677,328.45
C37,2023-12,legacy,18,2929,162.7,152,4.97,20.7,4.17,1.102,58.23,50.76,623.09,4958.53,5487.57,208.04,2352.94,677,336.16
C37,2024-01,legacy,16,2587,161.7,161,4.91,31.7,3.86,1.105,59.2,52.0,677.24,4677.79,5983.0,247.76,2885.26,677,267.15
C37,2024-02,legacy,19,3117,164.1,216,4.74,26.9,3.74,1.108,63.06,53.89,856.13,4364.45,6544.84,193.35,2345.42,677,287.04
C37,2024-03,legacy,14,2398,171.3,112,4.46,29.8,3.57,1.111,61.54,51.8,631.81,4479.33,5986.63,192.34,2393.97,677,302.34
C37,2024-04,legacy,15,2702,180.1,165,4.16,30.0,3.73,1.114,60.13,51.77,641.34,4346.55,5848.77,220.19,2326.01,677,247.59
C37,2024-05,legacy,12,2227,185.6,126,3.96,26.6,3.87,1.117,60.89,53.48,781.66,4688.73,5905.86,188.38,2490.15,677,393.67
C37,2024-06,legacy,12,1835,152.9,146,4.73,21.3,3.59,1.12,60.02,52.53,747.01,4046.47,5623.74,202.34,2470.98,677,335.78
C37,2024-07,legacy,11,2020,183.6,106,3.87,21.2,3.52,1.122,60.0,52.98,680.69,5027.27,6206.83,221.05,2041.57,677,285.19
C37,2024-08,legacy,15,2734,182.3,147,3.84,22.6,3.47,1.125,63.22,52.45,827.03,4610.78,6639.55,195.62,2168.83,677,304.46
C37,2024-09,legacy,13,2139,164.5,98,4.19,26.1,3.99,1.128,64.22,51.96,664.53,4825.82,5483.58,179.46,2501.66,677,283.91
C37,2024-10,legacy,12,2251,187.6,155,3.62,28.5,3.36,1.131,60.74,51.71,788.72,4261.84,6702.12,202.17,2106.89,677,306.98
C37,2024-11,legacy,13,2457,189.0,149,3.55,27.0,3.79,1.134,61.15,54.84,670.75,4436.11,6035.25,172.32,2466.15,677,295.09
C37,2024-12,legacy,14,2655,189.6,197,3.5,28.9,3.92,1.137,61.92,52.01,709.66,4544.9,6378.89,217.78,2079.13,677,364.74
C37,2025-01,legacy,16,2877,179.8,181,3.65,29.8,3.48,1.14,60.99,53.87,693.17,4742.39,5924.24,192.72,2517.92,677,262.07
C37,2025-02,legacy,6,1139,189.8,63,3.43,31.1,3.39,1.143,62.99,52.8,727.74,4977.45,6098.79,224.66,2404.98,677,312.61
C37,2025-03,legacy,11,2147,195.2,129,3.31,30.4,3.62,1.146,61.34,54.59,744.36,4623.42,5846.75,204.34,2333.65,677,333.56
C37,2025-04,legacy,9,1578,175.3,87,3.66,28.7,3.62,1.149,61.69,52.81,678.72,4485.29,5983.86,218.23,2440.4,677,350.49
C37,2025-05,legacy,16,2838,177.4,162,3.59,31.6,3.51,1.152,62.58,56.33,776.37,5175.66,5726.1,208.47,2451.72,677,310.4
C37,2025-06,legacy,11,1945,176.8,112,3.58,26.8,3.48,1.155,63.13,55.12,825.5,4659.12,6093.29,210.02,2603.75,677,298.86
C37,2025-07,legacy,14,2752,196.6,134,3.21,31.5,3.66,1.158,62.6,54.51,675.68,4632.18,5821.44,205.0,2280.2,677,318.78
C37,2025-08,legacy,12,2206,183.8,125,3.42,22.9,3.36,1.16,62.16,53.37,675.76,4656.96,6289.24,221.6,2318.51,677,290.17
C37,2025-09,legacy,16,2818,176.1,163,3.56,34.5,3.29,1.163,62.1,55.65,740.95,4843.3,6030.82,203.33,2369.14,677,320.84
C37,2025-10,legacy,16,2772,173.2,216,3.6,21.3,3.52,1.166,61.95,53.08,685.51,5123.76,6172.91,219.62,2114.96,677,321.1
C37,2025-11,legacy,12,2051,170.9,124,3.64,32.8,3.8,1.169,61.96,55.53,703.04,4974.09,6088.59,224.76,2546.34,677,274.56
C37,2025-12,legacy,19,3549,186.8,222,3.33,28.8,3.74,1.172,64.49,54.62,653.63,4728.99,6851.29,207.74,2123.86,677,294.62
C38,2021-01,legacy,18,2838,157.7,187,5.9,19.5,3.97,1.0,56.79,51.3,647.55,4435.81,5058.85,182.33,2112.25,628,350.13
C38,2021-02,legacy,15,2425,161.7,147,5.75,23.6,3.6,1.003,58.83,50.66,668.38,3775.8,6382.93,190.62,2158.0,628,331.61
C38,2021-03,legacy,11,1556,141.5,113,6.57,22.9,4.04,1.006,58.37,50.89,721.01,4519.58,6071.94,217.15,2129.72,628,292.28
C38,2021-04,legacy,12,1700,141.7,100,6.56,20.3,3.98,1.009,55.36,50.71,761.87,3945.93,5280.5,180.97,2026.84,628,299.57
C38,2021-05,legacy,18,2552,141.8,216,6.56,24.5,3.93,1.012,57.64,49.89,633.69,4868.15,5659.01,197.52,2169.86,628,352.66
C38,2021-06,legacy,14,1995,142.5,114,6.53,18.9,3.84,1.015,57.73,51.04,626.39,4578.19,5728.9,170.21,2192.45,628,308.14
C38,2021-07,legacy,14,1920,137.1,138,6.78,18.0,4.04,1.018,58.1,49.56,637.58,4309.27,5518.6,197.49,2355.71,628,315.27
C38,2021-08,legacy,14,2296,164.0,144,5.67,27.1,4.15,1.02,54.74,49.38,688.5,5002.67,5541.98,183.03,2054.92,628,371.29
C38,2021-09,legacy,12,1848,154.0,115,6.04,19.9,3.69,1.023,61.12,50.34,572.5,4636.91,5386.41,199.62,2112.31,628,347.04
C38,2021-10,legacy,9,1308,145.3,68,6.4,23.6,4.15,1.026,59.5,52.02,620.64,4311.63,5626.43,188.86,2082.77,628,322.85
C38,2021-11,legacy,15,1932,128.8,150,7.22,26.4,3.86,1.029,60.69,50.9,630.81,4774.34,5390.92,184.14,2535.35,628,321.11
C38,2021-12,legacy,11,1785,162.3,105,5.73,19.1,3.83,1.032,58.83,50.94,759.09,4278.43,6291.44,192.3,2278.92,628,347.07
C38,2022-01,legacy,12,1880,156.7,171,5.94,27.2,3.98,1.035,59.96,50.86,724.07,4739.95,6008.2,184.19,1990.8,628,361.37
C38,2022-02,legacy,21,3166,150.8,177,6.17,21.0,3.9,1.038,60.15,52.84,660.34,4774.44,5610.42,215.8,2098.51,628,331.58
C38,2022-03,legacy,17,2653,156.1,186,5.96,22.0,3.71,1.041,60.3,53.03,651.64,4495.37,5663.58,152.36,2198.71,628,280.63
C38,2022-04,legacy,13,1869,143.8,165,6.47,21.5,3.88,1.044,59.12,53.33,669.18,4843.92,6555.12,204.79,2187.63,628,316.89
C38,2022-05,legacy,10,1554,155.4,98,5.98,21.0,3.51,1.047,59.38,51.18,675.79,4571.32,6077.96,158.24,2615.68,628,286.63
C38,2022-06,legacy,10,1449,144.9,100,6.42,24.2,3.77,1.05,60.33,50.88,690.93,4647.16,6346.33,220.4,2388.87,628,310.98
C38,2022-07,legacy,14,2152,153.7,128,6.05,19.2,3.75,1.052,60.37,53.03,706.98,4404.03,5883.75,201.64,2369.39,628,344.46
C38,2022-08,legacy,13,1928,148.3,99,6.27,24.7,4.11,1.055,58.37,53.34,561.65,4557.94,5820.7,184.04,2213.33,628,299.23
C38,2022-09,legacy,7,969,138.4,59,6.72,21.1,3.55,1.058,58.6,51.73,690.98,4355.11,6057.07,229.15,1990.0,628,257.2
C38,2022-10,legacy,20,2808,140.4,154,6.62,26.3,3.69,1.061,59.63,51.93,714.55,4356.46,5785.38,223.32,2555.28,628,357.03
C38,2022-11,legacy,26,4145,159.4,298,5.83,20.5,3.62,1.064,60.56,51.83,730.68,4574.17,6303.96,211.8,2151.06,628,335.19
C38,2022-12,legacy,19,3014,158.6,211,5.86,23.5,3.68,1.067,60.46,54.29,663.1,4580.31,6424.15,184.23,2286.94,628,289.81
C38,2023-01,legacy,19,2812,148.0,181,6.28,22.9,3.29,1.07,64.31,53.41,692.55,4193.44,6089.88,202.75,2592.93,628,322.01
C38,2023-02,legacy,16,2307,144.2,193,6.4,10.1,3.39,1.073,60.37,54.06,805.96,4321.88,5776.04,210.16,2278.04,628,388.41
C38,2023-03,legacy,14,2060,147.1,162,6.22,23.8,3.53,1.076,62.46,53.19,656.4,4725.17,6455.17,182.08,2400.3,628,273.54
C38,2023-04,legacy,16,2488,155.5,182,5.83,27.7,3.53,1.079,61.21,54.21,663.9,4816.57,6010.62,191.1,2072.84,628,321.8
C38,2023-05,legacy,16,2259,141.2,152,6.36,22.4,3.37,1.082,61.3,51.84,776.88,4630.18,6590.97,180.69,2197.58,628,312.77
C38,2023-06,legacy,15,2450,163.3,168,5.43,26.4,3.05,1.085,61.44,55.1,632.51,4730.62,6478.79,209.86,2404.6,628,321.05
C38,2023-07,legacy,8,1186,148.2,79,5.91,23.2,3.14,1.088,64.33,54.76,767.23,4731.59,6451.65,233.52,2300.45,628,324.16
C38,2023-08,legacy,19,2789,146.8,180,5.89,25.1,3.58,1.09,64.06,52.03,800.04,4762.39,7062.29,204.17,2398.69,628,362.87
C38,2023-09,legacy,21,3318,158.0,242,5.39,26.3,3.47,1.093,60.73,55.58,711.38,4959.19,6154.64,201.3,2418.82,628,306.4
C38,2023-10,legacy,14,2505,178.9,157,4.68,27.4,3.35,1.096,64.04,55.57,656.49,5012.24,5420.55,221.8,2350.8,628,315.81
C38,2023-11,legacy,24,3717,154.9,274,5.31,24.3,3.37,1.099,62.79,55.94,745.54,4858.16,5787.96,187.64,2524.14,628,321.02
C38,2023-12,legacy,23,3668,159.5,249,5.07,24.3,3.39,1.102,62.36,57.7,657.05,4562.63,5829.1,204.29,2221.05,628,282.14
C38,2024-01,legacy,9,1384,153.8,101,5.16,26.4,3.22,1.105,65.68,55.82,795.55,4364.31,6465.9,212.97,2211.48,628,313.26
C38,2024-02,legacy,16,2702,168.9,188,4.61,25.0,2.71,1.108,63.18,57.06,698.85,5019.09,6553.67,201.8,2555.98,628,284.72
C38,2024-03,legacy,17,2902,170.7,187,4.47,25.3,3.23,1.111,62.29,56.59,683.26,4433.75,5924.78,188.05,2104.67,628,307.24
C38,2024-04,legacy,16,2712,169.5,155,4.42,27.8,3.21,1.114,63.14,54.11,858.14,4582.99,6284.16,195.38,2384.56,628,345.62
C38,2024-05,legacy,9,1505,167.2,77,4.4,24.9,2.99,1.117,63.21,55.05,697.02,5333.89,5932.26,246.22,2817.54,628,326.92
C38,2024-06,legacy,14,2469,176.4,174,4.1,23.1,3.81,1.12,62.21,55.99,781.98,4721.58,6738.11,182.98,2231.6,628,328.65
C38,2024-07,legacy,14,2553,182.4,149,3.9,28.2,3.49,1.122,62.3,54.57,640.08,4715.43,6144.3,211.33,2739.2,628,369.44
C38,2024-08,legacy,10,1706,170.6,125,4.1,29.7,3.07,1.125,63.58,56.78,653.6,5307.92,6034.44,218.75,2659.07,628,324.26
C38,2024-09,new,12,2487,207.2,116,3.32,25.0,3.18,1.128,63.98,54.56,729.32,4837.81,5576.15,226.64,2279.14,628,326.74
C38,2024-10,new,22,4505,204.8,288,3.32,27.6,3.54,1.131,64.44,57.65,821.67,5319.44,6153.04,214.37,2742.42,628,313.74
C38,2024-11,new,14,2909,207.8,142,3.23,27.4,2.95,1.134,64.38,55.81,716.62,5085.89,6863.44,235.19,2432.25,628,290.22
C38,2024-12,new,20,4650,232.5,260,2.85,30.3,3.21,1.137,64.69,55.56,648.94,4940.47,5967.28,212.44,2577.7,628,313.8
C38,2025-01,new,19,3909,205.7,244,3.19,27.4,3.45,1.14,65.09,57.02,784.92,5138.39,6178.82,241.74,2402.97,628,298.11
C38,2025-02,new,12,2665,222.1,132,2.93,33.5,2.88,1.143,62.14,56.65,705.12,5081.05,6062.0,241.62,2678.49,628,317.02
C38,2025-03,new,18,4230,235.0,189,2.75,30.0,2.95,1.146,66.03,57.31,668.67,5184.76,6278.4,212.56,2424.97,628,274.0
C38,2025-04,new,18,3881,215.6,244,2.97,34.4,2.53,1.149,66.67,56.22,705.39,5197.64,6499.58,192.08,2969.3,628,332.42
C38,2025-05,new,21,4848,230.9,222,2.76,34.7,3.06,1.152,66.5,58.27,738.87,5021.58,6219.81,210.12,2390.83,628,337.99
C38,2025-06,new,14,3275,233.9,162,2.71,31.2,3.2,1.155,64.69,57.85,767.09,4671.57,6482.27,243.94,2385.71,628,327.6
C38,2025-07,new,13,2680,206.2,152,3.06,31.8,2.67,1.158,65.38,56.63,617.84,4789.24,6563.92,221.1,2270.31,628,333.31
C38,2025-08,new,17,4056,238.6,237,2.63,26.9,3.08,1.16,66.2,56.8,856.21,4540.5,6326.16,197.71,2561.23,628,375.2
C38,2025-09,new,18,3828,212.7,198,2.94,32.2,2.96,1.163,66.11,56.28,698.97,5151.65,6693.44,195.61,2410.79,628,338.98
C38,2025-10,new,10,2279,227.9,126,2.74,26.9,2.79,1.166,66.55,59.42,881.09,5045.33,6635.8,231.06,2581.47,628,319.44
C38,2025-11,new,10,2070,207.0,156,3.01,28.7,2.61,1.169,68.22,58.91,859.07,5150.91,6885.36,198.31,2638.2,628,322.68
C38,2025-12,new,15,3093,206.2,182,3.01,27.8,3.07,1.172,69.9,57.53,697.7,6000.67,6559.45,196.74,2326.46,628,305.62
C39,2021-01,legacy,31,4559,147.1,259,6.32,16.8,4.65,1.0,53.72,44.01,591.86,4096.91,4760.53,186.34,1939.16,598,349.66
C39,2021-02,legacy,12,1971,164.2,140,5.66,21.6,4.09,1.003,51.37,45.26,485.02,4554.73,4491.48,166.55,1835.35,598,290.69
C39,2021-03,legacy,23,3995,173.7,257,5.35,24.6,4.14,1.006,50.96,44.93,541.91,3865.05,5243.59,163.49,1965.21,598,289.13
C39,2021-04,legacy,23,4041,175.7,200,5.29,19.9,4.04,1.009,53.32,43.74,606.41,3774.03,5356.96,185.2,1931.97,598,307.56
C39,2021-05,legacy,16,2591,161.9,193,5.74,25.4,4.15,1.012,53.39,45.28,622.34,4188.45,4886.49,177.01,1823.86,598,240.4
C39,2021-06,legacy,12,1924,160.3,119,5.8,22.1,3.93,1.015,51.45,46.2,637.97,4119.52,5690.67,173.31,2012.65,598,317.15
C39,2021-07,legacy,19,2973,156.5,166,5.94,23.1,3.67,1.018,51.91,42.98,705.72,4269.91,4670.18,159.67,2049.68,598,260.65
C39,2021-08,legacy,18,2800,155.6,186,5.98,24.8,4.36,1.02,52.4,45.26,601.16,3900.16,4883.18,162.12,1967.24,598,258.91
C39,2021-09,legacy,15,2196,146.4,174,6.35,20.4,4.2,1.023,53.28,46.75,689.2,3853.25,5336.73,196.69,2206.58,598,288.49
C39,2021-10,legacy,17,2476,145.6,186,6.39,24.2,3.62,1.026,53.2,46.37,454.32,3829.86,5313.18,188.16,1981.5,598,292.63
C39,2021-11,legacy,16,2455,153.4,172,6.06,22.5,3.7,1.029,52.42,47.04,604.83,4406.8,5048.22,173.73,2072.57,598,272.99
C39,2021-12,legacy,21,3231,153.9,201,6.04,21.5,4.41,1.032,54.35,45.92,522.17,3945.18,4864.37,191.99,1981.89,598,236.67
C39,2022-01,legacy,29,4183,144.2,276,6.45,21.3,4.19,1.035,52.64,44.88,732.68,3750.94,5313.13,183.78,1896.36,598,301.62
C39,2022-02,legacy,17,2371,139.5,148,6.67,15.9,3.53,1.038,53.26,47.24,573.36,3406.19,5136.7,187.25,2009.64,598,271.51
C39,2022-03,legacy,19,2722,143.3,129,6.49,21.2,3.72,1.041,53.75,45.25,741.65,4240.89,5536.09,172.23,2242.31,598,316.17
C39,2022-04,legacy,20,3651,182.6,180,5.09,25.4,3.38,1.044,53.31,45.87,597.23,4531.83,5512.2,174.8,1965.52,598,302.63
C39,2022-05,legacy,15,2153,143.5,187,6.48,19.8,3.97,1.047,52.17,45.87,514.66,4156.96,5261.48,145.49,2057.51,598,271.85
C39,2022-06,legacy,21,3425,163.1,203,5.7,20.5,3.84,1.05,53.23,47.77,523.3,4329.8,5248.07,154.51,2076.43,598,244.74
C39,2022-07,legacy,21,3380,161.0,170,5.78,27.6,4.02,1.052,53.6,46.01,622.95,3980.39,4913.04,180.11,2131.01,598,321.5
C39,2022-08,legacy,25,3990,159.6,267,5.83,22.8,3.8,1.055,51.96,47.36,706.52,4678.75,5419.38,168.05,1958.51,598,311.92
C39,2022-09,legacy,21,3032,144.4,200,6.44,21.6,3.95,1.058,52.16,47.68,631.17,4225.78,5330.77,162.48,2194.38,598,258.12
C39,2022-10,legacy,18,3039,168.8,189,5.51,25.9,3.61,1.061,53.93,47.61,574.49,4765.03,5251.3,184.74,2029.2,598,265.14
C39,2022-11,legacy,15,2286,152.4,165,6.1,23.2,3.27,1.064,54.19,47.55,552.48,4350.16,5363.51,168.25,2119.95,598,284.31
C39,2022-12,legacy,28,4046,144.5,296,6.44,14.6,3.96,1.067,54.36,48.59,673.22,3663.93,4656.85,168.07,2160.06,598,284.67
C39,2023-01,legacy,13,1865,143.5,143,6.48,26.0,3.69,1.07,55.82,47.54,711.34,4382.43,5151.41,176.99,2182.78,598,345.49
C39,2023-02,legacy,21,3134,149.2,221,6.19,28.5,3.55,1.073,55.22,46.72,844.22,4068.26,5748.97,189.54,2242.6,598,248.25
C39,2023-03,legacy,21,3604,171.6,191,5.34,22.5,3.49,1.076,55.41,47.18,565.82,3611.83,5220.22,174.79,1837.1,598,304.15
C39,2023-04,legacy,14,1973,140.9,120,6.44,20.0,3.5,1.079,53.48,47.75,618.16,4556.18,5643.82,169.6,2180.59,598,344.59
C39,2023-05,legacy,12,1767,147.2,118,6.1,23.2,3.39,1.082,54.43,48.05,705.52,3788.84,5700.76,182.7,2017.64,598,272.75
C39,2023-06,legacy,21,3245,154.5,201,5.74,22.7,3.93,1.085,54.8,47.39,684.1,4065.27,5532.71,199.25,2113.19,598,278.96
C39,2023-07,legacy,24,3847,160.3,217,5.47,20.7,3.41,1.088,55.55,48.58,587.18,4621.15,5101.52,182.69,2218.68,598,267.72
C39,2023-08,legacy,15,2210,147.3,226,5.86,23.3,3.28,1.09,56.06,49.08,614.4,4168.07,5365.24,191.99,1905.0,598,311.13
C39,2023-09,legacy,22,3285,149.3,229,5.7,26.5,3.64,1.093,55.45,48.32,665.57,4398.83,5256.6,185.36,2150.53,598,274.52
C39,2023-10,legacy,17,2631,154.8,137,5.41,18.1,3.6,1.096,57.21,49.69,638.24,4012.68,5338.7,205.47,2133.54,598,240.51
C39,2023-11,legacy,20,3362,168.1,237,4.9,26.2,3.59,1.099,55.94,48.71,652.67,4606.37,5533.47,178.46,2314.14,598,296.98
C39,2023-12,legacy,22,3553,161.5,222,5.0,23.0,3.45,1.102,57.62,49.3,641.27,4258.05,6047.89,179.97,1919.86,598,313.16
C39,2024-01,legacy,17,2764,162.6,146,4.88,23.9,3.39,1.105,56.46,48.54,623.0,4614.74,6189.21,207.09,2373.03,598,277.37
C39,2024-02,legacy,18,3031,168.4,144,4.62,26.2,3.18,1.108,56.74,49.34,658.22,4757.98,6032.06,186.99,2171.31,598,250.07
C39,2024-03,legacy,22,3722,169.2,303,4.51,22.7,3.0,1.111,57.12,50.45,553.18,4302.66,5563.51,177.01,2120.04,598,316.29
C39,2024-04,legacy,18,3231,179.5,244,4.17,30.2,2.87,1.114,56.41,50.64,637.67,3718.01,5783.09,201.69,2180.17,598,270.03
C39,2024-05,legacy,19,3114,163.9,231,4.49,30.7,3.37,1.117,57.4,48.82,612.43,4344.38,5567.35,185.64,2282.0,598,302.91
C39,2024-06,legacy,15,2590,172.7,175,4.18,30.4,3.57,1.12,58.16,50.17,706.7,4176.83,5659.62,181.93,2499.9,598,269.14
C39,2024-07,legacy,13,2177,167.5,145,4.24,29.9,3.26,1.122,57.43,51.11,698.9,4507.55,5385.14,216.24,2090.97,598,283.49
C39,2024-08,legacy,18,3294,183.0,227,3.82,29.7,3.07,1.125,56.84,49.96,559.09,3992.13,6118.82,187.02,2392.59,598,313.5
C39,2024-09,legacy,15,2779,185.3,202,3.72,28.1,3.21,1.128,57.05,49.12,745.42,4316.48,5384.96,185.17,2250.32,598,270.94
C39,2024-10,legacy,20,3498,174.9,211,3.88,23.2,3.58,1.131,58.83,51.4,736.19,4203.68,6163.23,189.7,2201.57,598,269.5
C39,2024-11,legacy,20,3828,191.4,228,3.5,23.8,2.88,1.134,59.41,49.5,640.55,4597.68,5341.6,205.73,2327.14,598,283.92
C39,2024-12,legacy,13,2304,177.2,128,3.74,28.7,2.99,1.137,59.76,51.24,699.28,4473.79,5985.57,192.26,2258.01,598,269.75
C39,2025-01,legacy,20,3913,195.6,214,3.36,27.3,2.98,1.14,60.04,51.67,684.43,4793.31,6231.74,196.73,2412.53,598,278.1
C39,2025-02,legacy,14,2472,176.6,134,3.69,25.5,3.15,1.143,58.02,50.41,681.58,4235.24,5786.24,244.74,2398.74,598,302.2
C39,2025-03,legacy,26,4591,176.6,251,3.66,31.7,3.23,1.146,57.82,51.73,729.67,4502.19,5799.66,180.33,2157.56,598,296.08
C39,2025-04,legacy,19,3161,166.4,181,3.85,33.7,3.32,1.149,58.51,51.34,679.68,4748.81,5879.21,192.35,2014.1,598,269.98
C39,2025-05,legacy,17,2916,171.5,166,3.71,29.4,3.22,1.152,60.38,51.7,675.84,4475.98,5938.31,205.04,2139.91,598,279.19
C39,2025-06,legacy,13,2319,178.4,132,3.55,27.8,2.91,1.155,59.29,51.7,759.2,4565.53,5725.04,156.97,2017.78,598,276.12
C39,2025-07,legacy,17,2740,161.2,159,3.91,25.7,2.94,1.158,58.59,53.59,601.45,4036.57,6175.28,176.8,2248.41,598,292.29
C39,2025-08,legacy,24,4389,182.9,260,3.44,29.7,2.89,1.16,57.78,50.36,629.46,4280.32,5639.84,184.78,2150.6,598,313.96
C39,2025-09,legacy,21,4051,192.9,217,3.25,29.0,3.0,1.163,58.68,52.55,727.91,4624.66,5692.48,183.33,2279.38,598,282.3
C39,2025-10,legacy,8,1516,189.5,95,3.29,26.0,2.71,1.166,60.54,51.19,569.12,4788.96,6496.64,198.6,2369.24,598,292.63
C39,2025-11,legacy,21,3903,185.9,219,3.35,32.5,3.13,1.169,59.62,51.07,656.52,4734.73,6173.97,200.53,2376.26,598,278.03
C39,2025-12,legacy,12,2297,191.4,169,3.25,31.5,3.12,1.172,59.71,50.48,609.48,4133.13,5989.15,194.67,2566.25,598,315.94
